Country code,WT No.,Type,Catalogue,Short descr. (EN) 8 char,LEN,Short descr. (local language) 8 char,LEN,Long descr. (EN) 25 char,Long descr. (local language) 25 char,Short explanation  EN (255 char),Short explanation  local language (255 char),Displayed on payslip,"GLOBAL
Scope","A
Employee","B
Temp/ Seas empl","C
Apprentice","D
Students ","F
Expatriate","G
Inpatriate","1/2
Externals",Contractor,"L
Technical Group","other (E,I,K,L)","GLOBAL
Assignment",HR Process,Local Contact person (based on info from process),C&B BW Category,C&B BW Sub-Category,"GLOBAL
Input",Symbolic accounts,"Entered with + / -
(Payment +, Deduction -)",Amount /Unit,Min. limit,Max. limit,Infotype-0008,Infotype-0014,Infotype 9770 (subtypes available),Infotype 0019 (Subtype),Infotype-0015,"LOCAL
Configuration",Infotype-2010,Gross/Net?,Income Category,工资总额(法律）系统里无对应的工资项,Calculate into Monthly Gross Income -Actaul payment(payslip),Labor Union Base /191,Calculate into Monthly Taxable Income (/103)?,Monthly Net Income for Gross-up (Tax paid by ER) /104 ?,Pre-tax Gross Deduction?,Pre-tax Net Deduciton?,Post-tax Deduction? /110,Social security base  /150,Annual salary base for Statutory Leave (prevoius 12 months),Annual salary base for Severance (prevoius 12 months) /192,Annual salary base for STI  ,OT hourly rate base?,leave deduction daily rate base?,Only for GL posting?,SAP Auto-Calculating,How Amount calculated ?,Newly Add,Infotype,Information need to be maintained,Remarks,Selection,C&B,T&A,Mobility,Payroll,Separation,Company,BCL,BMSC,BMSM,BTES,BHC,BCS,BSA,GBMS,BMSQ,BTPU,GL Account,BCL ,Column 85,BMSC,BMSC,BMSM,Column 89,BTES,Column 91,BHC,Column 93,BCS,Column 95,BSA,Column 97,GBMS,Column 99,BMSQ,Column 101,BTPU,Column 103,Comments,Symbolic (Debit),"Symbolic
(Credit)",Symbolic Account Group Text
,,,,,,,,,,,,,,,,,,,,,,,,,,,,,,,,,,,,,,,,,,,,,,,,,,,,,,,,,,,,,,,,,,,,,,,,,,,,,,,,,,,Debit,Credit,Debit,Credit,Debit,Credit,Debit,Credit,Debit,Credit,Debit,Credit,Debit,Credit,Debit,Credit,Debit,Credit,Debit,Credit,,,,
CN,1000,Payment,Salary,Mon.Sal,7,基本薪资,4,Monthly Salary ,基本薪资,Monthly Salary,基本薪资,X,,X,X,,,,,,X,,,,4.1 Manage & Administer Rewards,SME for S&S/SME-C&B,Base Pay,Regular base pay,,,+,Amount,,,X,,,,,,,Gross,Salary,Y,Y,Y,Y,N,N,N,N,Y,Y,Y,Y,Y,Y,N,N,Not Applicable,,,"monthly salary, pay scale group (= individual grade), capacity/ Utility level, pay scale type (e.g. BHC, BCS), pay scale area (e.g. use for salary structure),pay scale level (apply ""00"" for all), working hours (automatically link with working calendar-> no need to manual maintain), global salary grade (manual maintain need for VS1.1 and above when promotion in managerial position), salary change reason",,W for new staff,W for change,,,R,,,Y,Y,Y,Y,Y,Y,,,,,,6011000,2503300,6010050,2503001,6010050,2503001,6011000,2503300,6011000,2503300,6011000,2503300,6011000,2503300,6010050,2503001,6010050,2503001,6010050,2503001,,2801,28F1,Monthly Salary基本薪资
CN,1002,Payment,Salary,Ser.Sal,7,劳务报酬收入,6,Service Agreement Salary,劳务报酬收入,Service Agreement Salary,劳务报酬收入,X,,,,,X,,,,,,,,4.1 Manage & Administer Rewards,SME for S&S/SME-C&B,Base Pay,Regular base pay,,,+,Amount,,,X,,,,,,,Gross,Salary,Y,Y,N,Y,N,N,N,N,N,Y,N,N,Y,Y,N,N,Not Applicable,,,"monthly salary, pay scale group (= individual grade), capacity/ Utility level, pay scale type (e.g. BHC, BCS), pay scale area (e.g. use for salary structure),pay scale level (apply ""00"" for all), working hours (automatically link with working calendar-> no need to manual maintain), global salary grade (manual maintain need for VS1.1 and above when promotion in managerial position), salary change reason", (w/o Annual Salary),W for new staff,W for change,,,R,,,Y,Y,Y,Y,Y,Y,,,,,,6042050,2503300,6042050,2503001,6042050,2503001,6042050,2503300,6042050,2503300,6042050,2503300,6042050,2503300,6042050,2503001,6042050,2503001,6042050,2503001,,2802,28F2,Service Agreement Salary劳务报酬收入
CN,1005,Store,Salary,Int.DSal,8,实习生日工资,6,Daily Salary for Intern,实习生日工资,Daily Salary for Intern,实习生日工资,,,,,,X,,,,,,,,4.1 Manage & Administer Rewards,SME for S&S/SME-C&B,Base Pay,Regular base pay,,,+,Amount,,,X,,,,,,,Gross,-,N,N,N,N,N,N,N,N,N,N,N,N,N,N,N,N,Not Applicable,,,"monthly salary, pay scale group (= individual grade), capacity/ Utility level, pay scale type (e.g. BHC, BCS), pay scale area (e.g. use for salary structure),pay scale level (apply ""00"" for all), working hours (automatically link with working calendar-> no need to manual maintain), global salary grade (manual maintain need for VS1.1 and above when promotion in managerial position), salary change reason",,W for new staff,W for change,,,R,,,Y,Y,Y,Y,Y,Y,,,,,,-,-,-,-,-,-,-,-,-,-,-,-,-,-,-,-,-,-,-,-,,,,
CN,1100,Payment-Inp,Salary,MsalCNY,7,基本薪资-外籍本币,9,Monthly Salary - CNY (Inp),外籍员工基本工资-本币,Monthly salary CNY part for Inpatriate,外籍员工基本工资-本币,X,,,,,,,X,,,,,,4.1 Manage & Administer Rewards,SME for S&S/SME-C&B,Base Pay,Regular base pay,,,+,Amount,,,,X,,,,,,Net,Salary,Y,Y,Y,N,Y,N,N,N,Y,Y,Y,N,Y,Y,N,N,Not Applicable,,,"monthly salary, pay scale group (= individual grade), capacity/ Utility level, pay scale type (e.g. BHC, BCS), pay scale area (e.g. use for salary structure),pay scale level (apply ""00"" for all), working hours (automatically link with working calendar-> no need to manual maintain), global salary grade (manual maintain need for VS1.1 and above when promotion in managerial position), salary change reason",,,W,,R,R,,,Y,Y,Y,Y,Y,Y,,,,,,6011000,2503300,6010050,2503001,6010050,2503001,6011000,2503300,6011000,2503300,6011000,2503300,6011000,2503300,6010050,2503001,6010050,2503001,6010050,2503001,,2803,28F3,Monthly salary for Inpatriate外籍员工基本工资-本币
CN,1101,Payment-Inp,Salary,MsalFC,6,基本工资-外籍外币,9,Monthly Salary - FC (Inp),外籍员工基本工资-外币,Monthly salary foreign currency part for Inpatriate,外籍员工基本工资-外币,X,,,,,,,X,,,,,,4.1 Manage & Administer Rewards,SME for S&S/SME-C&B,Base Pay,Regular base pay,,,+,Amount,,,,X,,,,,,Net,Salary,Y,Y,Y,N,Y,N,N,N,Y,Y,Y,N,Y,Y,N,N,Not Applicable,,,"payment amount, currencies, payment periods",,,W,,R,R,,,Y,Y,Y,Y,Y,Y,,,,,,6011000,2503300,6010050,2503001,6010050,2503001,6011000,2503300,6011000,2503300,6011000,2503300,6011000,2503300,6010050,2503001,6010050,2503001,6010050,2503001,,2804,28F4,Monthly salary for Inpatriate外籍员工基本工资-外币
CN,1500,Payment,Salary,Int.Sal,7,实习生工资,5,Intern Salary,实习生工资,Intern Salary,实习生工资,X,,,,,X,,,,,,,,4.4 Manage Payroll,SME-Payroll,Base Pay,Regular base pay,,,+,Amount,,,,,,,,,,Gross,Salary,Y,Y,N,Y,N,N,N,N,N,N,N,N,N,N,N,Y,With payroll driver,,,automatically calculation,,,R,,,R,,,Y,Y,Y,Y,Y,Y,,,,,,6042050,2503300,6042050,2503001,6042050,2503001,6042050,2503300,6042050,2503300,6042050,2503300,6042050,2503300,6042050,2503001,6042050,2503001,6042050,2503001,,2805,28F5,Intern Salary实习生工资
CN,2000,Payment,Salary,Inc.Sal,7,考核工资,4,Incentive Salary,考核工资,Incentive Salary,考核工资,X,,X,X,,,,,,X,,,,4.1 Manage & Administer Rewards,SME-C&B,Base Pay,Regular base pay,,,+,Amount,,,,,,,X,,,Gross,Salary,Y,Y,Y,Y,N,N,N,N,Y,Y,Y,N,N,N,N,N,Not Applicable,,,payment amount upload by C&B,,,W,,,R,,,N,N,N,N,N,Y,,,,,,6011000,2503300,6010050,2503001,6010050,2503001,6011000,2503300,6011000,2503300,6011000,2503300,6011000,2503300,6010050,2503001,6010050,2503001,6010050,2503001,,2806,28F6,Incentive Salary考核工资
CN,2010,Payment,Allowance,All/Pos,7,岗位津贴,4,Position Allowance,岗位津贴,Position Allowance,岗位津贴,X,,X,X,,,,,,,,,,4.1 Manage & Administer Rewards,SME-C&B,Base Pay,Other job related pay,,,+,Amount,,,,X,,,,,,Gross,Salary,Y,Y,Y,Y,N,N,N,N,Y,Y,Y,N,N,N,N,N,Not Applicable,,,Payment amount,,,W,,,R,,,Y,Y,Y,Y,Y,Y,,,,,,6011000,2503300,6010050,2503001,6010050,2503001,6011000,2503300,6011540,2503300,6011000,2503300,6011000,2503300,6010050,2503001,6010050,2503001,6010050,2503001,,282A,28F7,Position Allowance岗位津贴
CN,2020,Payment,Allowance,All/Tra,7,交通津贴,4,Transpor. Allow Payout ,交通津贴,Transportation Allowance Payout Amount,交通津贴支付金额,X,,X,X,,X,,,,X,,,,4.1 Manage & Administer Rewards,SME-C&B,Base Pay,Other job related pay,,,+,Amount,,,,,,,X,,,Gross,Salary,Y,Y,Y,Y,N,N,N,N,Y,Y,Y,N,N,N,N,Y,"Report before payroll run,result save to IT15",,, payment amount (0015:automatically calculation),,,W,,,R,,,Y,N,N,N,Y,Y,,,,,,6011000,2503300,6010050,2503001,6010050,2503001,6011000,2503300,6011540,2503300,6011000,2503300,6011000,2503300,6010050,2503001,6010050,2503001,6010050,2503001,,282G,28F8,Transpor. Allow Payout 交通津贴
CN,2021,store,Allowance,Nor/Tra ,7,交通津贴基数,6,Transportation standard,交通津贴基数,Transportation standard,交通津贴基数,,,X,X,,X,,,,X,,,,4.1 Manage & Administer Rewards,SME-C&B,Base Pay,Other job related pay,,,+,Amount,,,,X,X,,,,,Gross,-,N,N,N,N,N,N,N,N,N,N,N,N,N,N,N,N,Not Applicable,,,"eligibility (9770), standard amount, ",newly created WT,W,W,,,R,,,Y,N,N,N,Y,Y,,,,,,-,-,-,-,-,-,-,-,-,-,-,-,-,-,-,-,-,-,-,-,,,,
CN,2030,Payment,Allowance,All/Hot,7,高温津贴,4,Hot Day Allowance,高温津贴,Hot Day Allowance,高温津贴,X,,X,X,,,,,,X,,,,4.1 Manage & Administer Rewards,SME-C&B,Base Pay,Other job related pay,,,+,Amount,,,,,,,X,,,Gross,Salary,Y,Y,Y,Y,N,N,N,N,Y,Y,Y,N,N,N,N,N,Not Applicable,,,Payment Amount,,,W,,,R,,,N,Y,Y,N,N,Y,,,,,,6011000,2503300,6010050,2503001,6010050,2503001,6011000,2503300,6011540,2503300,6011000,2503300,6011000,2503300,6010050,2503001,6010050,2503001,6010050,2503001,,282C,28F9,Hot Day Allowance高温津贴
CN,2040,Payment,Allowance,All/1Chi,8,独生子女津贴,6,One Child Allowance,独生子女津贴,One Child Allowance,独生子女津贴,X,,X,X,,,,,,X,,,,4.1 Manage & Administer Rewards,SME-C&B,Base Pay,Other job related pay,,,+,Amount,,,,X,,,,,,Gross,Salary,N,Y,N,N,N,N,N,N,N,N,N,N,N,N,N,N,Not Applicable,,,Payment Amount,,,W,,,R,,,Y,Y,Y,Y,Y,Y,,,,,,6011000,2503300,6010050,2503001,6010050,2503001,6011000,2503300,6011540,2503300,6011000,2503300,6011000,2503300,6010050,2503001,6010050,2503001,6010050,2503001,,282D,28G0,One Child Allowance独生子女津贴
CN,2050,Payment,Allowance,All/FAid,8,义务急救员津贴,7,First Aid Allowance,义务急救员津贴,First Aid Allowance,义务急救员津贴,X,,X,X,,,,,,X,,,,4.1 Manage & Administer Rewards,SME-C&B,Base Pay,Other job related pay,,,+,Amount,,,,,,,X,,,Gross,Salary,Y,Y,Y,Y,N,N,N,N,Y,Y,Y,N,N,N,N,N,Not Applicable,,,Payment Amount,,,W,,,R,,,N,N,N,N,N,Y,,,,,,6011000,2503300,6010050,2503001,6010050,2503001,6011000,2503300,6011540,2503300,6011000,2503300,6011000,2503300,6010050,2503001,6010050,2503001,6010050,2503001,,282E,28G1,First Aid Allowance义务急救员津贴
CN,2060,Payment,Allowance,All/Fire,8,义务消防员津贴,7,Fire Fighting Allowance,义务消防员津贴,Fire Fighting Allowance,义务消防员津贴,X,,X,X,,,,,,X,,,,4.1 Manage & Administer Rewards,SME-C&B,Base Pay,Other job related pay,,,+,Amount,,,,,,,X,,,Gross,Salary,Y,Y,Y,Y,N,N,N,N,Y,Y,Y,N,N,N,N,N,Not Applicable,,,Payment Amount,,,W,,,R,,,N,N,N,N,N,Y,,,,,,6011000,2503300,6010050,2503001,6010050,2503001,6011000,2503300,6011540,2503300,6011000,2503300,6011000,2503300,6010050,2503001,6010050,2503001,6010050,2503001,,282F,28G2,Fire Fighting Allowance义务消防员津贴
CN,2070,Payment,Allowance,All/CarD,8,车折旧津贴,5,Car Depreciation Allow,车折旧津贴,Car Depreciation Allowance,车折旧津贴,X,,X,X,,,,,,X,,,,4.1 Manage & Administer Rewards,SME-C&B,Base Pay,Other job related pay,,,+,Amount,,,,X,,,,,,Gross,Salary,Y,Y,Y,Y,N,N,N,N,Y,Y,Y,N,N,N,N,N,Not Applicable,,,Payment Amount,,,W,,,R,,,N,N,N,N,N,Y,,,,,,6011000,2503300,6010050,2503001,6010050,2503001,6011000,2503300,6011540,2503300,6011000,2503300,6011000,2503300,6010050,2503001,6010050,2503001,6010050,2503001,,282G,28F8,Transpor. Allow Payout 交通津贴
CN,2080,Payment,Deduction,All/Mat,7,产假工资扣减,4,Maternity Leave Deduc,产假工资扣减,Maternity Leave Deduction,产假工资扣减,X,,X,X,,,,,,X,,,,4.1 Manage & Administer Rewards,SME-Payroll,Base Pay,Other time related pay,,,-,Amount,,,,,,,X,,,Gross,Salary,N,Y,N,Y,N,Y,N,N,N,N,N,N,N,N,Y,N,Not Applicable,,,Payment Amount + Pay Time,,,R,R,,W,,,Y,Y,Y,Y,Y,Y,,,,,,2503300,6011000,2503001,6010050,2503001,6010050,2503300,6011000,2503300,6011000,2503300,6011000,2503300,6011000,2503001,6010050,2503001,6010050,2503001,6010050,,2814,28G4,Maternity Leave Deduction产假工资
CN,2201,Store,Social Security,B/Hou,5,住房公积金基数,7,Housing Fund base,住房公积金基数,Base for Housing Fund,住房公积金基数,,,X,X,,,X,X,,X,,,,4.4 Manage Payroll,SME-Payroll,Statutory benefits,Publ. housing fund,,,+,Amount,,,,X,,,,,,Gross,-,N,N,N,N,N,N,N,N,N,N,N,N,N,N,N,N,Not Applicable,,,Upload,,,R,,,W,,,Y,Y,Y,Y,Y,Y,,,,,,-,-,-,-,-,-,-,-,-,-,-,-,-,-,-,-,-,-,-,-,,,,
CN,2202,Payment,Social Security,PHF EE,6,住房公积金个人,7,PHF EE contribution,住房公积金个人部分,Housing Fund employee contribution,住房公积金个人部分,X,,X,X,,,X,X,,X,,,,4.4 Manage Payroll,SME-Payroll,Statutory benefits,Publ. housing fund,,,+,Amount,,,,X,,,,,,Gross,Salary,N,N,N,Y,N,Y,N,N,N,N,N,N,N,N,N,N,Not Applicable,,,Upload,,,R,,,W,,,Y,Y,Y,Y,Y,Y,,,,,,,,,,,,,,,,,,,,,,,,,,,,,
CN,2203,Payment,Social Security,PHF ER,6,住房公积金公司,7,PHF ER contribution,住房公积金公司部分,Housing Fund company contribution,住房公积金公司部分,X,,X,X,,,X,X,,X,,,,4.4 Manage Payroll,SME-Payroll,Statutory benefits,Publ. housing fund,,,+,Amount,,,,X,,,,,,Gross,Salary,N,N,N,N,N,N,N,N,N,N,N,N,N,N,Y,N,Not Applicable,,,Upload,,,R,,,W,,,Y,Y,Y,Y,Y,Y,,,,,,,,,,,,,,,,,,,,,,,,,,,,,
CN,2204,Payment,Social Security,A PHF EE,8,住房公积金个人调整,9,Adj PHF EE contribution,住房公积金个人调整部分,Adjusted Housing Fund employee contribution,住房公积金个人调整部分,X,,X,X,,,X,X,,X,,,,4.4 Manage Payroll,SME-Payroll,Statutory benefits,Publ. housing fund,,,+,Amount,,,,X,,,X,,,Gross,Salary,N,N,N,Y,N,Y,N,N,N,N,N,N,N,N,N,N,Not Applicable,,,Upload,,,R,,,W,,,Y,Y,Y,Y,Y,Y,,,,,,,,,,,,,,,,,,,,,,,,,,,,,
CN,2205,Payment,Social Security,A PHF ER,8,住房公积金公司调整,9,Adj PHF ER contribution,住房公积金公司调整部分,Adjusted Housing Fund company contribution,住房公积金公司调整部分,X,,X,X,,,X,X,,X,,,,4.4 Manage Payroll,SME-Payroll,Statutory benefits,Publ. housing fund,,,+,Amount,,,,X,,,X,,,Gross,Salary,N,N,N,N,N,N,N,N,N,N,N,N,N,N,Y,N,Not Applicable,,,Upload,,,R,,,W,,,Y,Y,Y,Y,Y,Y,,,,,,,,,,,,,,,,,,,,,,,,,,,,,
CN,2206,Store,Social Security,B/SHou,6,补充住房公积金基数,9,Supple. PHF  base,补充住房公积金基数,Base for Supplementary Housing Fund,补充住房公积金基数,,,X,X,,,X,X,,X,,,,4.4 Manage Payroll,SME-Payroll,Statutory benefits,Publ. housing fund,,,+,Amount,,,,X,,,,,,Gross,Salary,N,N,N,N,N,N,N,N,N,N,N,N,N,N,N,N,Not Applicable,,,Upload,,,R,,,W,,,Y,Y,Y,Y,Y,Y,,,,,,-,-,-,-,-,-,-,-,-,-,-,-,-,-,-,-,-,-,-,-,,,,
CN,2207,Payment,Social Security,SPHF EE,7,补充公积金个人,7,Supple. PHF EE,补充住房公积金个人部分,Supplementary Housing Fund employee contribution,补充住房公积金个人部分,X,,X,X,,,X,X,,X,,,,4.4 Manage Payroll,SME-Payroll,Statutory benefits,Publ. housing fund,,,+,Amount,,,,X,,,,,,Gross,Salary,N,N,N,Y,N,Y,N,N,N,N,N,N,N,N,N,N,Not Applicable,,,Upload,,,R,,,W,,,Y,Y,Y,Y,Y,Y,,,,,,,,,,,,,,,,,,,,,,,,,,,,,
CN,2208,Payment,Social Security,SPHF ER,7,补充公积金公司,7,Supple. PHF ER,补充住房公积金公司部分,Supplementary Housing Fund company contribution,补充住房公积金公司部分,X,,X,X,,,X,X,,X,,,,4.4 Manage Payroll,SME-Payroll,Statutory benefits,Publ. housing fund,,,+,Amount,,,,X,,,,,,Gross,Salary,N,N,N,N,N,N,N,N,N,N,N,N,N,N,Y,N,Not Applicable,,,Upload,,,R,,,W,,,Y,Y,Y,Y,Y,Y,,,,,,,,,,,,,,,,,,,,,,,,,,,,,
CN,2209,Payment,Social Security,ASPHF EE,8,补充公积金个人调整,9,Adj Supple. PHF EE,补充住房公积金个人调整部分,Adjusted Supplementary Housing Fund employee contribution,补充住房公积金个人调整部分,X,,X,X,,,X,X,,X,,,,4.4 Manage Payroll,SME-Payroll,Statutory benefits,Publ. housing fund,,,+,Amount,,,,X,,,X,,,Gross,Salary,N,N,N,Y,N,Y,N,N,N,N,N,N,N,N,N,N,Not Applicable,,,Upload,,,R,,,W,,,Y,Y,Y,Y,Y,Y,,,,,,,,,,,,,,,,,,,,,,,,,,,,,
CN,2210,Payment,Social Security,ASPHF ER,8,补充公积金公司调整,9,Adj Supple. PHF ER,补充住房公积金公司调整部分,Adjusted Supplementary Housing Fund company contribution,补充住房公积金公司调整部分,X,,X,X,,,X,X,,X,,,,4.4 Manage Payroll,SME-Payroll,Statutory benefits,Publ. housing fund,,,+,Amount,,,,X,,,X,,,Gross,Salary,N,N,N,N,N,N,N,N,N,N,N,N,N,N,Y,N,Not Applicable,,,Upload,,,R,,,W,,,Y,Y,Y,Y,Y,Y,,,,,,,,,,,,,,,,,,,,,,,,,,,,,
CN,2211,Store,Social Security,B/Pen,5,养老金基数,5,Pension base,养老金基数,Base for Pension,养老金基数,,,X,X,,,X,X,,X,,,,4.4 Manage Payroll,SME-Payroll,Statutory benefits,Publ. pension insurance,,,+,Amount,,,,X,,,,,,Gross,Salary,N,N,N,N,N,N,N,N,N,N,N,N,N,N,N,N,Not Applicable,,,Upload,,,R,,,W,,,Y,Y,Y,Y,Y,Y,,,,,,-,-,-,-,-,-,-,-,-,-,-,-,-,-,-,-,-,-,-,-,,,,
CN,2212,Payment,Social Security,Pen EE,6,养老金个人,5,Pension EE contribution,养老金个人部分,Pension employee contribution,养老金个人部分,X,,X,X,,,X,X,,X,,,,4.4 Manage Payroll,SME-Payroll,Statutory benefits,Publ. pension insurance,,,+,Amount,,,,X,,,,,,Gross,Salary,N,N,N,Y,N,Y,N,N,N,N,N,N,N,N,N,N,Not Applicable,,,Upload,,,R,,,W,,,Y,Y,Y,Y,Y,Y,,,,,,,,,,,,,,,,,,,,,,,,,,,,,
CN,2213,Payment,Social Security,Pen ER,6,养老金公司,5,Pension ER contribution,养老金公司部分,Pension company contribution,养老金公司部分,X,,X,X,,,X,X,,X,,,,4.4 Manage Payroll,SME-Payroll,Statutory benefits,Publ. pension insurance,,,+,Amount,,,,X,,,,,,Gross,Salary,N,N,N,N,N,N,N,N,N,N,N,N,N,N,Y,N,Not Applicable,,,Upload,,,R,,,W,,,Y,Y,Y,Y,Y,Y,,,,,,,,,,,,,,,,,,,,,,,,,,,,,
CN,2214,Payment,Social Security,A Pen EE,8,养老金个人调整,7,Adj Pension EE  ,养老金个人调整部分,Adjusted Pension employee contribution,养老金个人调整部分,X,,X,X,,,X,X,,X,,,,4.4 Manage Payroll,SME-Payroll,Statutory benefits,Publ. pension insurance,,,+,Amount,,,,X,,,X,,,Gross,Salary,N,N,N,Y,N,Y,N,N,N,N,N,N,N,N,N,N,Not Applicable,,,Upload,,,R,,,W,,,Y,Y,Y,Y,Y,Y,,,,,,,,,,,,,,,,,,,,,,,,,,,,,
CN,2215,Payment,Social Security,A Pen ER,8,养老金公司调整,7,Adj Pension ER,养老金公司调整部分,Adjusted Pension company contribution,养老金公司调整部分,X,,X,X,,,X,X,,X,,,,4.4 Manage Payroll,SME-Payroll,Statutory benefits,Publ. pension insurance,,,+,Amount,,,,X,,,X,,,Gross,Salary,N,N,N,N,N,N,N,N,N,N,N,N,N,N,Y,N,Not Applicable,,,Upload,,,R,,,W,,,Y,Y,Y,Y,Y,Y,,,,,,,,,,,,,,,,,,,,,,,,,,,,,
CN,2221,Store,Social Security,B/Ump,5,失业保险基数,6,Unemployment Ins base,失业保险基数,Base for Unemployment Insurance,失业保险基数,,,X,X,,,X,X,,X,,,,4.4 Manage Payroll,SME-Payroll,Statutory benefits,Publ.  unemployment insurance,,,+,Amount,,,,X,,,,,,Gross,Salary,N,N,N,N,N,N,N,N,N,N,N,N,N,N,N,N,Not Applicable,,,Upload,,,R,,,W,,,Y,Y,Y,Y,Y,Y,,,,,,-,-,-,-,-,-,-,-,-,-,-,-,-,-,-,-,-,-,-,-,,,,
CN,2222,Payment,Social Security,Unem EE,7,失业个人,4,Unemployment EE,失业个人部分,Unemployment Insurance employee contribution,失业个人部分,X,,X,X,,,X,X,,X,,,,4.4 Manage Payroll,SME-Payroll,Statutory benefits,Publ.  unemployment insurance,,,+,Amount,,,,X,,,,,,Gross,Salary,N,N,N,Y,N,Y,N,N,N,N,N,N,N,N,N,N,Not Applicable,,,Upload,,,R,,,W,,,Y,Y,Y,Y,Y,Y,,,,,,,,,,,,,,,,,,,,,,,,,,,,,
CN,2223,Payment,Social Security,Unem ER,7,失业公司,4,Unemployment ER,失业公司部分,Unemployment Insurance company contribution,失业公司部分,X,,X,X,,,X,X,,X,,,,4.4 Manage Payroll,SME-Payroll,Statutory benefits,Publ.  unemployment insurance,,,+,Amount,,,,X,,,,,,Gross,Salary,N,N,N,N,N,N,N,N,N,N,N,N,N,N,Y,N,Not Applicable,,,Upload,,,R,,,W,,,Y,Y,Y,Y,Y,Y,,,,,,,,,,,,,,,,,,,,,,,,,,,,,
CN,2224,Payment,Social Security,AUnem EE,8,失业个人调整,6,Adj Unemployment EE,失业个人调整部分,Adjusted Unemployment Insurance employee contribution,失业个人调整部分,X,,X,X,,,X,X,,X,,,,4.4 Manage Payroll,SME-Payroll,Statutory benefits,Publ.  unemployment insurance,,,+,Amount,,,,X,,,X,,,Gross,Salary,N,N,N,Y,N,Y,N,N,N,N,N,N,N,N,N,N,Not Applicable,,,Upload,,,R,,,W,,,Y,Y,Y,Y,Y,Y,,,,,,,,,,,,,,,,,,,,,,,,,,,,,
CN,2225,Payment,Social Security,AUnem ER,8,失业公司调整,6,Adj Unemployment ER,失业公司调整部分,Adjusted Unemployment Insurance company contribution,失业公司调整部分,X,,X,X,,,X,X,,X,,,,4.4 Manage Payroll,SME-Payroll,Statutory benefits,Publ.  unemployment insurance,,,+,Amount,,,,X,,,X,,,Gross,Salary,N,N,N,N,N,N,N,N,N,N,N,N,N,N,Y,N,Not Applicable,,,Upload,,,R,,,W,,,Y,Y,Y,Y,Y,Y,,,,,,,,,,,,,,,,,,,,,,,,,,,,,
CN,2231,Store,Social Security,B/Med,5,医疗保险基数,6,Medical Insurance base,医疗保险基数,Base for Medical Insurance,医疗保险基数,,,X,X,,,X,X,,X,,,,4.4 Manage Payroll,SME-Payroll,Statutory benefits,Publ. health insurance,,,+,Amount,,,,X,,,,,,Gross,Salary,N,N,N,N,N,N,N,N,N,N,N,N,N,N,N,N,Not Applicable,,,Upload,,,R,,,W,,,Y,Y,Y,Y,Y,Y,,,,,,-,-,-,-,-,-,-,-,-,-,-,-,-,-,-,-,-,-,-,-,,,,
CN,2232,Payment,Social Security,Med EE,6,医疗保险个人,6,Medical EE,医疗保险个人部分,Medical Insurance employee contribution,医疗保险个人部分,X,,X,X,,,X,X,,X,,,,4.4 Manage Payroll,SME-Payroll,Statutory benefits,Publ. health insurance,,,+,Amount,,,,X,,,,,,Gross,Salary,N,N,N,Y,N,Y,N,N,N,N,N,N,N,N,N,N,Not Applicable,,,Upload,,,R,,,W,,,Y,Y,Y,Y,Y,Y,,,,,,,,,,,,,,,,,,,,,,,,,,,,,
CN,2233,Payment,Social Security,Med ER,6,医疗保险公司,6,Medical ER,医疗保险公司部分,Medical Insurance company contribution,医疗保险公司部分,X,,X,X,,,X,X,,X,,,,4.4 Manage Payroll,SME-Payroll,Statutory benefits,Publ. health insurance,,,+,Amount,,,,X,,,,,,Gross,Salary,N,N,N,N,N,N,N,N,N,N,N,N,N,N,Y,N,Not Applicable,,,Upload,,,R,,,W,,,Y,Y,Y,Y,Y,Y,,,,,,,,,,,,,,,,,,,,,,,,,,,,,
CN,2234,Payment,Social Security,A Med EE,8,医疗保险个人调整,8,Adj Medical EE,医疗保险个人调整部分,Adjusted Medical Insurance employee contribution,医疗保险个人调整部分,X,,X,X,,,X,X,,X,,,,4.4 Manage Payroll,SME-Payroll,Statutory benefits,Publ. health insurance,,,+,Amount,,,,X,,,X,,,Gross,Salary,N,N,N,Y,N,Y,N,N,N,N,N,N,N,N,N,N,Not Applicable,,,Upload,,,R,,,W,,,Y,Y,Y,Y,Y,Y,,,,,,,,,,,,,,,,,,,,,,,,,,,,,
CN,2235,Payment,Social Security,A Med ER,8,医疗保险公司调整,8,Adj Medical ER,医疗保险公司调整部分,Adjusted Medical Insurance company contribution,医疗保险公司调整部分,X,,X,X,,,X,X,,X,,,,4.4 Manage Payroll,SME-Payroll,Statutory benefits,Publ. health insurance,,,+,Amount,,,,X,,,X,,,Gross,Salary,N,N,N,N,N,N,N,N,N,N,N,N,N,N,Y,N,Not Applicable,,,Upload,,,R,,,W,,,Y,Y,Y,Y,Y,Y,,,,,,,,,,,,,,,,,,,,,,,,,,,,,
CN,2241,Store,Social Security,B/Inj,5,工伤保险基数,6,Injury Insurance base,工伤保险基数,Base for Work-related Injury Insurance,工伤保险基数,,,X,X,,,X,X,,X,,,,4.4 Manage Payroll,SME-Payroll,Statutory benefits,Publ. Work-related Injury Insurance,,,+,Amount,,,,X,,,,,,Gross,Salary,N,N,N,N,N,N,N,N,N,N,N,N,N,N,N,N,Not Applicable,,,Upload,,,R,,,W,,,Y,Y,Y,Y,Y,Y,,,,,,-,-,-,-,-,-,-,-,-,-,-,-,-,-,-,-,-,-,-,-,,,,
CN,2243,Payment,Social Security,Inj ER,6,工伤保险公司,6,Injury ER,工伤保险公司部分,Work-related Injury Insurance employee contribution,工伤保险公司部分,X,,X,X,,,X,X,,X,,,,4.4 Manage Payroll,SME-Payroll,Statutory benefits,Publ. Work-related Injury Insurance,,,+,Amount,,,,X,,,,,,Gross,Salary,N,N,N,N,N,N,N,N,N,N,N,N,N,N,Y,N,Not Applicable,,,Upload,,,R,,,W,,,Y,Y,Y,Y,Y,Y,,,,,,,,,,,,,,,,,,,,,,,,,,,,,
CN,2245,Payment,Social Security,A Inj ER,8,工伤保险公司调整,8,Adj Injury ER,工伤保险公司调整部分,Adjusted Work-related Injury Insurance employee contribution,工伤保险公司调整部分,X,,X,X,,,X,X,,X,,,,4.4 Manage Payroll,SME-Payroll,Statutory benefits,Publ. Work-related Injury Insurance,,,+,Amount,,,,X,,,X,,,Gross,Salary,N,N,N,N,N,N,N,N,N,N,N,N,N,N,Y,N,Not Applicable,,,Upload,,,R,,,W,,,Y,Y,Y,Y,Y,Y,,,,,,,,,,,,,,,,,,,,,,,,,,,,,
CN,2251,Store,Social Security,B/Mat,5,生育保险基数,6,Maternity Insurance base,生育保险基数,Base for Maternity Insurance,生育保险基数,,,X,X,,,X,X,,X,,,,4.4 Manage Payroll,SME-Payroll,Statutory benefits,Publ. Maternity Insurance,,,+,Amount,,,,X,,,,,,Gross,Salary,N,N,N,N,N,N,N,N,N,N,N,N,N,N,N,N,Not Applicable,,,Upload,,,R,,,W,,,Y,Y,Y,Y,Y,Y,,,,,,-,-,-,-,-,-,-,-,-,-,-,-,-,-,-,-,-,-,-,-,,,,
CN,2253,Payment,Social Security,Mat ER,6,生育保险公司,6,Maternity ER,生育保险公司部分,Maternity Insurance company contribution,生育保险公司部分,X,,X,X,,,X,X,,X,,,,4.4 Manage Payroll,SME-Payroll,Statutory benefits,Publ. Maternity Insurance,,,+,Amount,,,,X,,,,,,Gross,Salary,N,N,N,N,N,N,N,N,N,N,N,N,N,N,Y,N,Not Applicable,,,Upload,,,R,,,W,,,Y,Y,Y,Y,Y,Y,,,,,,,,,,,,,,,,,,,,,,,,,,,,,
CN,2255,Payment,Social Security,A Mat ER,8,生育保险公司调整,8,Adj Maternity  ER,生育保险公司调整部分,Adjusted Maternity Insurance company contribution,生育保险公司调整部分,X,,X,X,,,X,X,,X,,,,4.4 Manage Payroll,SME-Payroll,Statutory benefits,Publ. Maternity Insurance,,,+,Amount,,,,X,,,X,,,Gross,Salary,N,N,N,N,N,N,N,N,N,N,N,N,N,N,Y,N,Not Applicable,,,Upload,,,R,,,W,,,Y,Y,Y,Y,Y,Y,,,,,,,,,,,,,,,,,,,,,,,,,,,,,
CN,2263,Payment,Social Security,Heat ER,7,取暖补贴公司,6,Heating Subsidies,取暖补贴公司部分,Heating Subsidies company contribution,取暖补贴公司部分,X,,X,X,,,X,X,,X,,,,4.4 Manage Payroll,SME-Payroll,Statutory benefits,Other Satutory benefit,,,+,Amount,,,,X,,,,,,Gross,Salary,N,N,N,N,N,N,N,N,N,N,N,N,N,N,Y,N,Not Applicable,,,Upload,,,R,,,W,,,Y,Y,Y,Y,Y,Y,,,,,,,,,,,,,,,,,,,,,,,,,,,,,
CN,2265,Payment,Social Security,AHeat ER,8,取暖补贴公司调整,8,Adj Heating Subsidies,取暖补贴公司调整部分,Adjusted Heating Subsidies company contribution,取暖补贴公司调整部分,X,,X,X,,,X,X,,X,,,,4.4 Manage Payroll,SME-Payroll,Statutory benefits,Other Satutory benefit,,,+,Amount,,,,X,,,X,,,Gross,Salary,N,N,N,N,N,N,N,N,N,N,N,N,N,N,Y,N,Not Applicable,,,Upload,,,R,,,W,,,Y,Y,Y,Y,Y,Y,,,,,,,,,,,,,,,,,,,,,,,,,,,,,
CN,2272,Payment,Social Security,SI/DisEE,8,残保金个人,5,Disabled Guarantee EE,残保金个人部分,Employment Guarantee Fund for the disabled employee contribution,残保金个人部分,X,,X,X,,,X,X,,X,,,,4.4 Manage Payroll,SME-Payroll,Statutory benefits,Other Satutory benefit,,,+,Amount,,,,X,,,,,,Gross,Salary,N,N,N,Y,N,Y,N,N,N,N,N,N,N,N,N,N,Not Applicable,,,Upload,,,R,,,W,,,Y,Y,Y,Y,Y,Y,,,,,,,,,,,,,,,,,,,,,,,,,,,,,
CN,2273,Payment,Social Security,SI/DisER,8,残保金公司,5,Disabled Guarantee ER ,残保金公司部分,Employment Guarantee Fund for the disabled company contribution,残保金公司部分,X,,X,X,,,X,X,,X,,,,4.4 Manage Payroll,SME-Payroll,Statutory benefits,Other Satutory benefit,,,+,Amount,,,,X,,,,,,Gross,Salary,N,N,N,N,N,N,N,N,N,N,N,N,N,N,Y,N,Not Applicable,,,Upload,,,R,,,W,,,Y,Y,Y,Y,Y,Y,,,,,,,,,,,,,,,,,,,,,,,,,,,,,
CN,2274,Payment,Social Security,ASI/DisEE,9,残保金个人调整,7,Adj Disabled Guarantee EE,残保金个人调整部分,Adjusted Employment Guarantee Fund for the disabled employee contribution,残保金个人调整部分,X,,X,X,,,X,X,,X,,,,4.4 Manage Payroll,SME-Payroll,Statutory benefits,Other Satutory benefit,,,+,Amount,,,,X,,,X,,,Gross,Salary,N,N,N,Y,N,Y,N,N,N,N,N,N,N,N,N,N,Not Applicable,,,Upload,,,R,,,W,,,Y,Y,Y,Y,Y,Y,,,,,,,,,,,,,,,,,,,,,,,,,,,,,
CN,2275,Payment,Social Security,ASI/DisER,9,残保金公司调整,7,Adj Disabled Guarantee ER ,残保金公司调整部分,Adjusted Employment Guarantee Fund for the disabled company contribution,残保金公司调整部分,X,,X,X,,,X,X,,X,,,,4.4 Manage Payroll,SME-Payroll,Statutory benefits,Other Satutory benefit,,,+,Amount,,,,X,,,X,,,Gross,Salary,N,N,N,N,N,N,N,N,N,N,N,N,N,N,Y,N,Not Applicable,,,Upload,,,R,,,W,,,Y,Y,Y,Y,Y,Y,,,,,,,,,,,,,,,,,,,,,,,,,,,,,
CN,2283,Payment,Social Security,SI/UniER,8,工会经费/其他,7,Union funds ER,工会经费公司部分/其他,Trade union funds company contribution-government,工会经费公司部分/其他,,,X,X,,,X,X,,X,,,,4.4 Manage Payroll,SME-Payroll,Statutory benefits,Other Satutory benefit,,,+,Amount,,,,X,,,,,,Gross,Salary,N,N,N,N,N,N,N,N,N,N,N,N,N,N,Y,N,Not Applicable,,,Upload,,,R,,,W,,,Y,Y,Y,Y,Y,Y,,,,,,,,,,,,,,,,,,,,,,,,,,,,,
CN,2285,Payment,Social Security,ASI/UniER,9,工会经费调整/其他,9,Adj union funds ER,工会经费公司调整部分/其他,Adjusted Trade union funds company contribution-government,工会经费公司调整部分/其他,,,X,X,,,X,X,,X,,,,4.4 Manage Payroll,SME-Payroll,Statutory benefits,Other Satutory benefit,,,+,Amount,,,,X,,,X,,,Gross,Salary,N,N,N,N,N,N,N,N,N,N,N,N,N,N,Y,N,Not Applicable,,,Upload,,,R,,,W,,,Y,Y,Y,Y,Y,Y,,,,,,,,,,,,,,,,,,,,,,,,,,,,,
CN,2293,Store,Social Security,SI/EduER,8,教育经费公司,6,Education Fund ER,教育经费公司部分,Education Fund company contribution,教育经费公司部分,,,X,X,,,X,X,,X,,,,4.4 Manage Payroll,SME-Payroll,Statutory benefits,Other Satutory benefit,,,+,Amount,,,,X,,,,,,Gross,Salary,N,N,N,N,N,N,N,N,N,N,N,N,N,N,Y,N,Not Applicable,,,Upload,,,R,,,W,,,Y,Y,Y,Y,Y,Y,,,,,,,,,,,,,,,,,,,,,,,,,,,,,
CN,2295,Store,Social Security,ASI/EduER,9,教育经费公司调整,8,Adj Education Fund ER,教育经费公司调整部分,Adjusted Education Fund company contribution,教育经费公司调整部分,,,X,X,,,X,X,,X,,,,4.4 Manage Payroll,SME-Payroll,Statutory benefits,Other Satutory benefit,,,+,Amount,,,,X,,,X,,,Gross,Salary,N,N,N,N,N,N,N,N,N,N,N,N,N,N,Y,N,Not Applicable,,,Upload,,,R,,,W,,,Y,Y,Y,Y,Y,Y,,,,,,,,,,,,,,,,,,,,,,,,,,,,,
CN,2300,Payment,Social Security,SI/Over,7,社保滞纳金,5,Overdue fine,社保滞纳金,Overdue fine,社保滞纳金,,,X,X,,,X,X,,X,,,,4.4 Manage Payroll,SME-Payroll,Statutory benefits,Other Satutory benefit,,,+,Amount,,,,X,,,,,,Gross,Salary,N,N,N,N,N,N,N,N,N,N,N,N,N,N,Y,N,Not Applicable,,,Upload,,,R,,,W,,,Y,Y,Y,Y,Y,Y,,,,,,,,,,,,,,,,,,,,,,,,,,,,,
CN,2301,Payment,Social Security,ASI/Over,8,社保滞纳金调整,7,Adj Overdue fine,社保滞纳金调整,Adjusted Overdue fine,社保滞纳金调整,,,X,X,,,X,X,,X,,,,4.4 Manage Payroll,SME-Payroll,Statutory benefits,Other Satutory benefit,,,+,Amount,,,,X,,,X,,,Gross,Salary,N,N,N,N,N,N,N,N,N,N,N,N,N,N,Y,N,Not Applicable,,,Upload,,,R,,,W,,,Y,Y,Y,Y,Y,Y,,,,,,,,,,,,,,,,,,,,,,,,,,,,,
CN,2310,Payment,Social Security,SI/Char,7,工本费,3,Handling charge fee,工本费,Handling charge fee from social security authority,工本费,,,X,X,,,X,X,,X,,,,4.4 Manage Payroll,SME-Payroll,Statutory benefits,Other Satutory benefit,,,+,Amount,,,,X,,,,,,Gross,Salary,N,N,N,N,N,N,N,N,N,N,N,N,N,N,Y,N,Not Applicable,,,Upload,,,R,,,W,,,Y,Y,Y,Y,Y,Y,,,,,,,,,,,,,,,,,,,,,,,,,,,,,
CN,2311,Payment,Social Security,ASI/Char,7,工本费调整,5,Adj Handling charge fee,工本费调整,Adjusted Handling charge fee from social security authority,工本费调整,,,X,X,,,X,X,,X,,,,4.4 Manage Payroll,SME-Payroll,Statutory benefits,Other Satutory benefit,,,+,Amount,,,,X,,,X,,,Gross,Salary,N,N,N,N,N,N,N,N,N,N,N,N,N,N,Y,N,Not Applicable,,,Upload,,,R,,,W,,,Y,Y,Y,Y,Y,Y,,,,,,,,,,,,,,,,,,,,,,,,,,,,,
CN,2320,Payment,Social Security,Off Mar,7,生育津贴抵冲,6,Maternity allow.reversal,生育津贴抵冲,Maternity allowance reversal from social security,生育津贴抵冲,,,X,X,,,X,X,,X,,,,4.4 Manage Payroll,SME-Payroll,Statutory benefits,Other Satutory benefit,,,+,Amount,,,,X,,,,,,Gross,Salary,N,N,N,N,N,N,N,N,N,N,N,N,N,N,Y,N,Not Applicable,,,Upload,,,R,,,W,,,Y,Y,Y,Y,Y,Y,,,,,,2563500,6011000,2563500,6010050,2563500,6010050,2563500,6011000,2563500,6011000,2563500,6011000,2563500,6011000,2563500,6010050,2563500,6010050,2563500,6010050,,2893,28O5,Maternity allow.reversal生育津贴抵冲
CN,2330,Payment,Social Security,Ser.Fee,7,外服服务费,5,3rd Party Service Fee,外服服务费,3rd Party Service Fee,外服服务费,,,X,X,,,X,X,,X,,,,4.4 Manage Payroll,SME-Payroll,Other,Other,,,+,Amount,,,,X,,,,,,Gross,Salary,N,N,N,N,N,N,N,N,N,N,N,N,N,N,Y,N,Not Applicable,,,Upload,,,R,,,W,,,Y,Y,Y,Y,Y,Y,,,,,,,,,,,,,,,,,,,,,,,,,,,,,
CN,2331,Payment,Social Security,ASer.Fee,8,外服服务费调整,7,Adj 3rd Party Service Fee,外服服务费调整,Adjusted 3rd Party Service Fee,外服服务费调整,,,X,X,,,X,X,,X,,,,4.4 Manage Payroll,SME-Payroll,Other,Other,,,+,Amount,,,,X,,,X,,,Gross,Salary,N,N,N,N,N,N,N,N,N,N,N,N,N,N,Y,N,Not Applicable,,,Upload,,,R,,,W,,,Y,Y,Y,Y,Y,Y,,,,,,,,,,,,,,,,,,,,,,,,,,,,,
CN,9/60,Payment-Exp,Social Security,SI/Exp,6,支付外派员工社保,8,Home Country SI,支付外派员工社保,Home Country Social Security for Expatriate,支付外派员工社保,,,,,,,X,,,,,,,4.4 Manage Payroll,SME-Payroll,Other benefits,Other benefits,,,+,Amount,,,,,,,,,,Gross,Salary,N,N,N,N,N,N,N,N,N,N,N,N,N,N,Y,Y,With payroll driver,,,automatically calculation,,,R,,R,W,,,Y,Y,Y,Y,Y,Y,,,,,,6011000,2503300,6010050,2503001,6010050,2503001,6011000,2503300,6011000,2503300,6011000,2503300,6011000,2503300,6010050,2503001,6010050,2503001,6010050,2503001,,2835,28i5,Home Country SI支付外派员工社保
CN,5311,Payment,labor Union,Uni.ER,6,工会经费公司部分,8,Union Fee ER,工会经费公司部分,Union Fee company contribution,工会经费公司部分,,,X,X,,,,X,,,,,,4.4 Manage Payroll,SME-Payroll,Statutory benefits,Other Satutory benefit,,,+,Amount,,,,,,,,,,Gross,Salary,N,N,N,N,N,N,N,N,N,N,N,N,N,N,Y,Y,With payroll driver,,,automatically calculation,,,R,,,W,,,Y,Y,Y,Y,Y,Y,,,,,,6023100,2513330,6039300,2513330,6039300,2513330,6023100,2513330,6023100,2513330,6022600,2513330,6023100,2513330,6039300,2513330,6039300,2513330,6039300,2513330,,2836,28i6,Union Fee company contribution工会经费公司部分
CN,3000,Payment,Allowance,All/HS,6,住房津贴,6,Housing Allowance,住房津贴,Additional Housing Subsidy,补充住房津贴,X,,X,X,,,,,,X,,,,4.1 Manage & Administer Rewards,SME-C&B,Other benefits,Other benefits,,,+,Amount,,,,X,X,,X,,,Gross,Salary,Y,Y,Y,Y,N,N,N,N,Y,Y,Y,N,N,N,N,Y,With payroll driver,,,automatically calculation,,,R,,,R,,,Y,Y,Y,Y,Y,Y,,,,,,6023420,2503300,6020340,2503001,6020340,2503001,6023420,2503300,6023420,2503300,6023420,2503300,6023420,2503300,6020340,2503001,6020340,2503001,6020340,2503001,,2837,28i7,Housing Allowance住房津贴
CN,3010,Payment,Allowance,All/Care,8,公司贺金,4,Caring Allowance,公司贺金,Caring Allowance,公司贺金,X,,X,X,,,,,,X,,,,4.1 Manage & Administer Rewards,SME-C&B,Other benefits,Other benefits,,,+,Amount,,,,,,,X,,,Gross,Salary,Y,Y,Y,Y,N,N,N,N,Y,Y,Y,N,N,N,N,N,Not Applicable,,,Payment Amount,,,W,,,R,,,Y,Y,Y,Y,Y,Y,,,,,,6023520,2503300,6023500,2503001,6023500,2503001,6023520,2503300,6023520,2503300,6023520,2503300,6023520,2503300,6023500,2503001,6023500,2503001,6023500,2503001,,2838,28i8,Caring Allowance公司贺金
CN,3020,Payment,Allowance,All/CarCo,9,公司配车津贴,6,Company Car Allowance,公司配车津贴,Company Car Allowance,公司配车津贴,X,,X,X,,,,,,,,,,4.1 Manage & Administer Rewards,SME-C&B,Other benefits,Other benefits,,,+,Amount,,,,X,X,,,,,Gross,Salary,Y,Y,Y,Y,N,N,N,N,Y,Y,Y,N,N,N,N,N,Not Applicable,,,Payment Amount and Eligibility,,,W,,,R,,,Y,Y,Y,Y,Y,Y,,,,,,6011000,2503300,6010050,2503001,6010050,2503001,6011000,2503300,6011540,2503300,6011000,2503300,6011000,2503300,6010050,2503001,6010050,2503001,6010050,2503001,,282G,28F8,Transpor. Allow Payout 交通津贴
CN,3030,Store-LHF,Benefit,Bud/Rel,7,异地派遣预算,6,Rel/Rep Budget,异地派遣预算,Relocation/Repatriation Budget,异地派遣预算,,,X,X,,,,,,,,,,4.1 Manage & Administer Rewards,SME-C&B,Other benefits,Other benefits,,,+,Amount,,,,,,,X,,,Gross,-,N,N,N,N,N,N,N,N,N,N,N,N,N,N,N,N,Not Applicable,,,budget amount/ reimb. Amount/ reimb time (overwrite budget),,,W,,,R,,,Y,Y,Y,Y,Y,Y,,,,,,-,-,-,-,-,-,-,-,-,-,-,-,-,-,-,-,-,-,-,-,,,,
CN,3031,Store-LHF,Benefit,Act/Rel,7,异地派遣实发费用,8,Rel/Rep Claim,异地派遣实发费用,Relocation/Repatriation Claim Amount,异地派遣实发费用,,,X,X,,,,,,,,,,4.1 Manage & Administer Rewards,SME-C&B,Other benefits,Other benefits,,,+,Amount,,,,,,,X,,,Gross,-,N,N,N,N,N,N,N,N,N,N,N,N,N,N,N,N,Not Applicable,,,amount,,,W,,,R,,,Y,Y,Y,Y,Y,Y,,,,,,-,-,-,-,-,-,-,-,-,-,-,-,-,-,-,-,-,-,-,-,,,,
CN,3040,Store-LHF,Benefit,Bud/A.Ben,8,综合福利预算,6,All in all Benefit Budget,综合福利预算,All in all Benefit Budget,综合福利预算,,,X,X,,,,,,,,,,4.1 Manage & Administer Rewards,SME-C&B,Other benefits,Other benefits,,,+,Amount,,,,,,,X,,,Gross,-,N,N,N,N,N,N,N,N,N,N,N,N,N,N,N,N,Not Applicable,,,manual calculate and uploading by C&B,,,W,,,R,,,Y,Y,Y,Y,Y,Y,,,,,,-,-,-,-,-,-,-,-,-,-,-,-,-,-,-,-,-,-,-,-,,,,
CN,3050,Store-LHF,Benefit,Spen/HV,7,探亲费支出,5,Home Visit Spending,探亲费支出,Home Visit Spending,探亲费支出,,,X,X,,,,,,,,,,4.1 Manage & Administer Rewards,SME-C&B,Other benefits,Other benefits,,,+,Amount,,,,,,,X,,,Gross,-,N,N,N,N,N,N,N,N,N,N,N,N,N,N,N,N,Not Applicable,,,reimb amount w/ reimb time,,,W,,,R,,,Y,Y,Y,Y,Y,Y,,,,,,-,-,-,-,-,-,-,-,-,-,-,-,-,-,-,-,-,-,-,-,,,,
CN,3060,Store-LHF,Benefit,Spen/Hou,8,房租支出,4,Housing Rental Spending,房租支出,Housing Rental Spending,房租支出,,,X,X,,,,,,,,,,4.1 Manage & Administer Rewards,SME-C&B,Other benefits,Other benefits,,,+,Amount,,,,,,,X,,,Gross,-,N,N,N,N,N,N,N,N,N,N,N,N,N,N,N,N,Not Applicable,,,reimb amount w/ reimb time,,,W,,,R,,,Y,Y,Y,Y,Y,Y,,,,,,-,-,-,-,-,-,-,-,-,-,-,-,-,-,-,-,-,-,-,-,,,,
CN,3070,Store-LHF,Benefit,Spen/Sch,8,子女教育支出,6,Schooling,子女教育支出,Schooling,子女教育支出,,,X,X,,,,,,,,,,4.1 Manage & Administer Rewards,SME-C&B,Other benefits,Other benefits,,,+,Amount,,,,,,,X,,,Gross,-,N,N,N,N,N,N,N,N,N,N,N,N,N,N,N,N,Not Applicable,,,reimb amount w/ reimb time,,,W,,,R,,,Y,Y,Y,Y,Y,Y,,,,,,-,-,-,-,-,-,-,-,-,-,-,-,-,-,-,-,-,-,-,-,,2842,28J2,Schooling子女教育支出
CN,3080,Payment-LHF,Benefit,Spen/Lan,8,综合福利差额支付,6,Pay out Budget/A Benefit,综合福利差额支出,Pay out Budget/A Benefit,综合福利差额支出,X,,X,X,,,,,,,,,,4.1 Manage & Administer Rewards,SME-C&B,Other benefits,Other benefits,,,+,Amount,,,,,,,X,,,Gross,Salary,Y,Y,Y,Y,N,N,N,N,Y,Y,Y,N,N,N,N,N,Not Applicable,,,amount,,,W,,,R,,,Y,Y,Y,Y,Y,Y,,,,,,6023520,2503300,6023500,2503001,6023500,2503001,6023520,2503300,6023520,2503300,6023520,2503300,6023520,2503300,6023500,2503001,6023500,2503001,6023500,2503001,,2845,28J5,Pay out Budget/A Benefit综合福利差额支出
CN,3090,Store,Benefit,Bud/Ben I,9,年度弹性福利预算,8,Yearly Benefit Budget-Initial,年度弹性福利预算,Yearly Benefit Budget-Initial,年度弹性福利预算,,,X,X,,,,,,X,,,,4.1 Manage & Administer Rewards,SME-C&B,Other benefits,Other benefits,,,+,Amount,,,,,,,X,,,Gross,-,N,N,N,N,N,N,N,N,N,N,N,N,N,N,N,N,Not Applicable,,,Maintain budget amount (delink with payroll) by C&B,,,W,,,R,,,Y,Y,Y,Y,Y,Y,,,,,,-,-,-,-,-,-,-,-,-,-,-,-,-,-,-,-,-,-,-,-,,,,
CN,3091,Store,Benefit,Bud/Ben C,9,年度核心福利预算,8,Yearly Benefit Budget-Core,年度核心福利预算,Yearly Benefit Budget-Core,年度核心福利预算,,,X,X,,,,,,X,,,,4.1 Manage & Administer Rewards,SME-C&B,Other benefits,Other benefits,,,+,Amount,,,,,,,X,,,Gross,-,N,N,N,N,N,N,N,N,N,N,N,N,N,N,N,N,Not Applicable,,,Maintain budget amount (delink with payroll) by C&B,,,W,,,R,,,Y,Y,Y,Y,Y,Y,,,,,,-,-,-,-,-,-,-,-,-,-,-,-,-,-,-,-,-,-,-,-,,,,
CN,3140,Store,Benefit,H.Enroll,8,体检申请,4,Health Checkup Enroll,体检申请,Health Checkup Enroll,体检申请,,,X,X,,,,,,X,,,,4.1 Manage & Administer Rewards,SME-C&B,Other benefits,Other benefits,,,+,Amount,,,,,,,X,,,Gross,-,N,N,N,N,N,N,N,N,N,N,N,N,N,N,N,N,Not Applicable,,,Maintain (delink with payroll) by C&B,,,W,,,R,,,Y,Y,Y,Y,Y,Y,,,,,,-,-,-,-,-,-,-,-,-,-,-,-,-,-,-,-,-,-,-,-,,,,
CN,3141,Store,Benefit,H.Claim,7,体检支付,4,Health Checkup Claim,体检支付,Health Checkup Claim,体检支付,,,X,X,,,,,,X,,,,4.1 Manage & Administer Rewards,SME-C&B,Other benefits,Other benefits,,,+,Amount,,,,,,,X,,,Gross,-,N,N,N,N,N,N,N,N,N,N,N,N,N,N,N,N,Not Applicable,,,Maintain (delink with payroll) by C&B,,,W,,,R,,,Y,Y,Y,Y,Y,Y,,,,,,-,-,-,-,-,-,-,-,-,-,-,-,-,-,-,-,-,-,-,-,,,,
CN,3100,Payment,Benefit,Fes/Spr,7,自选贺金-春节,7,Festival Bonus-Spr,自选贺金-春节,Festival Bonus-Spring,自选贺金-春节,X,,X,X,,,,,,X,,,,4.2 Manage & Administer Benefits,SME-C&B,Other benefits,Other benefits,,,+,Amount,,,,,,,X,,,Gross,Salary,Y,Y,Y,Y,N,N,N,N,Y,Y,Y,N,N,N,N,N,Not Applicable,,,payment amount and payment time,,,W,,,R,,,Y,Y,Y,Y,Y,Y,,,,,,6023520,2503300,6023500,2503001,6023500,2503001,6023520,2503300,6023520,2503300,6023520,2503300,6023520,2503300,6023500,2503001,6023500,2503001,6023500,2503001,,2844,28J4,Festival Bonus 自选贺金
CN,3101,Payment,Benefit,Fes/Dra,7,自选贺金-端午,7,Festival Bonus-Dra,自选贺金-端午,Festival Bonus-Dragon Boat,自选贺金-端午,X,,X,X,,,,,,X,,,,4.2 Manage & Administer Benefits,SME-C&B,Other benefits,Other benefits,,,+,Amount,,,,,,,X,,,Gross,Salary,Y,Y,Y,Y,N,N,N,N,Y,Y,Y,N,N,N,N,N,Not Applicable,,,payment amount and payment time,,,W,,,R,,,Y,Y,Y,Y,Y,Y,,,,,,6023520,2503300,6023500,2503001,6023500,2503001,6023520,2503300,6023520,2503300,6023520,2503300,6023520,2503300,6023500,2503001,6023500,2503001,6023500,2503001,,2844,28J4,Festival Bonus 自选贺金
CN,3102,Payment,Benefit,Fes/Mid,7,自选贺金-中秋,7,Festival Bonus-Mid,自选贺金-中秋,Festival Bonus-Mid Autumn,自选贺金-中秋,X,,X,X,,,,,,X,,,,4.2 Manage & Administer Benefits,SME-C&B,Other benefits,Other benefits,,,+,Amount,,,,,,,X,,,Gross,Salary,Y,Y,Y,Y,N,N,N,N,Y,Y,Y,N,N,N,N,N,Not Applicable,,,payment amount and payment time,,,W,,,R,,,Y,Y,Y,Y,Y,Y,,,,,,6023520,2503300,6023500,2503001,6023500,2503001,6023520,2503300,6023520,2503300,6023520,2503300,6023520,2503300,6023500,2503001,6023500,2503001,6023500,2503001,,2844,28J4,Festival Bonus 自选贺金
CN,3150,Taxable,Benefit,Def/Ins,7,默认保险,4,Default Insurance,默认保险,Default Insurance,默认保险,X,,X,X,,,,,,X,,,,4.2 Manage & Administer Benefits,SME-C&B,Other benefits,Other benefits,,,+,Amount,,,,,,,X,,,Net,Salary,Y,Y,Y,N,Y,N,N,N,Y,Y,Y,N,N,N,N,N,Not Applicable,,,payment amount ,,,W,,,R,,,Y,Y,Y,Y,Y,Y,,,,,,-,-,-,-,-,-,-,-,-,-,-,-,-,-,-,-,-,-,-,-,,,,
CN,3151,Taxable,Benefit,Upg/Ins,7,自选升级保险,6,Upgrade Insurance,自选升级保险,Upgrade Insurance,自选升级保险,X,,X,X,,,,,,X,,,,4.2 Manage & Administer Benefits,SME-C&B,Other benefits,Other benefits,,,+,Amount,,,,,,,X,,,Gross,Salary,Y,Y,Y,Y,N,N,N,N,Y,Y,Y,N,N,N,N,N,Not Applicable,,,payment amount ,,,W,,,R,,,Y,Y,Y,Y,Y,Y,,,,,,-,-,-,-,-,-,-,-,-,-,-,-,-,-,-,-,-,-,-,-,,,,
CN,3160,Taxable,Benefit,Lei.Trip,8,自选休闲游,5,Leisure Trip,自选休闲游,Leisure Trip,自选休闲游,X,,X,X,,,,,,X,,,,4.2 Manage & Administer Benefits,SME-C&B,Other benefits,Other benefits,,,+,Amount,,,,,,,X,,,Gross,Salary,Y,Y,Y,Y,N,N,N,N,Y,Y,Y,N,N,N,N,N,Not Applicable,,,payment amount ,,,W,,,R,,,N,N,N,N,Y,Y,,,,,,-,-,-,-,-,-,-,-,-,-,-,-,-,-,-,-,-,-,-,-,,,,
CN,3171,Taxable,Benefit,Flex-Sav,8,转存福利预算,6,Flex. Cr. deposit to Savings,转存福利预算,Remaining Flex. Credits deposit to Savings account,转存福利预算,X,,X,X,,,,,,X (??),,,,4.2 Manage & Administer Benefits,SME-C&B,Other benefits,Other benefits,,,+,Amount,,,,,,,X,,,Gross,Salary,Y,Y,Y,Y,N,N,N,N,Y,Y,Y,N,N,N,N,N,Not Applicable,,,payment amount ,,,W,,,R,,,Y,Y,Y,Y,Y,Y,,,,,,-,-,-,-,-,-,-,-,-,-,-,-,-,-,-,-,-,-,-,-,,,,
CN,3072,Payment,Benefit,Flex-cash,9,支付福利预算差额,8,Flex. Cr. Cash out,支付福利预算差额,Remaining Flex. Credits cash out,支付福利预算差额,X,,X,X,,,,,,X,,,,4.2 Manage & Administer Benefits,SME-C&B,Other benefits,Other benefits,,,+,Amount,,,,,,,X,,,Gross,Salary,Y,Y,Y,Y,N,N,N,N,Y,Y,Y,N,N,N,N,N,Not Applicable,,,payment amount ,,,W,,,R,,,Y,Y,Y,Y,Y,Y,,,,,,6023520,2503300,6023500,2503001,6023500,2503001,6023520,2503300,6023520,2503300,6023520,2503300,6023520,2503300,6023500,2503001,6023500,2503001,6023500,2503001,New,2842,28J2,Remaining Flex. Credits cash out支付福利预算差额
CN,3130,Payment,Benefit,Ded/Spon,8,员工自付福利扣款,8,EE Sponsor benefit,员工自付福利扣款,EE sponsor benefit,员工自付福利扣款,X,,X,X,,,,,,X,,,,4.2 Manage & Administer Benefits,SME-C&B,Other benefits,Other benefits,,,-,Amount,,,,,,,X,,,Net,Salary,N,N,N,N,N,N,N,Y,N,N,N,N,N,N,N,N,Not Applicable,,,payment amount and payment time,,,W,,,R,,,Y,Y,Y,Y,Y,Y,,,,,,2503300,6023520,2503001,6023500,2503001,6023500,2503300,6023520,2503300,6023520,2503300,6023520,2503300,6023520,2503001,6023500,2503001,6023500,2503001,6023500,,2843,28J3,EE sponsor benefit员工自付福利扣款
CN,3170,Payment,Benefit,Sav-Co,6,储蓄金公司支付,7,Savings_Company,储蓄金公司支付,Savings_Company Sponse,储蓄金公司支付,X,,X,X,,,,,,,,,,4.2 Manage & Administer Benefits,SME-C&B,Other benefits,Other benefits,,,+,Amount,,,,,,,X,,,Gross,Salary,Y,Y,Y,Y,N,N,N,N,Y,Y,Y,N,N,N,N,N,Not Applicable,,,payment amount and payment time,,,W,,,R,,,Y,Y,Y,Y,Y,Y,,,,,,,,,,,,,,,,,,,,,,,,,,,,,
CN,3500,Payment,Allowance,Rel.HA,6,异地派遣住房津贴,8,Housing Allow Dome.Relo,异地派遣住房津贴,Housing Allowance For Domestic Relocation,异地派遣住房津贴,X,,X,X,,,,,,X,,,,4.1 Manage & Administer Rewards,SME for S&S/SME-C&B,Mobility-related compensation,Domestic Relocation,,,+,Amount,,,,X,,,,,,Gross,Salary,Y,Y,Y,Y,N,N,N,N,Y,Y,Y,N,N,N,N,N,Not Applicable,,,start/ end date of relocation (infotype 0033),,W,R,,,R,,,Y,Y,Y,Y,Y,Y,,,,,,6033100,2503300,6023500,2503001,6023500,2503001,6033100,2503300,6033100,2503300,6033100,2503300,6033100,2503300,6023500,2503001,6023500,2503001,6023500,2503001,,2847,28J7,Housing Allow Dome.Relo异地派遣住房津贴
CN,3510,Payment,Allowance,Rel.Sett,8,一次性异地安置津贴,9,Relo Settledown Allow,一次性异地安置津贴,Relocation Settledown Allowance,一次性异地安置津贴,X,,X,X,,,,,,X,,,,4.1 Manage & Administer Rewards,SME for S&S/SME-C&B,Mobility-related compensation,Domestic Relocation,,,+,Amount,,,,,,,X,,,Gross,Salary,Y,Y,Y,Y,N,N,N,N,Y,Y,Y,N,N,N,N,N,Not Applicable,,,Payment Amount + Pay Time,,W,R,,,R,,,Y,Y,Y,Y,Y,Y,,,,,,6033100,2503300,6023500,2503001,6023500,2503001,6033100,2503300,6033100,2503300,6033100,2503300,6033100,2503300,6023500,2503001,6023500,2503001,6023500,2503001,,2848,28J8,Relocation Settledown Allowance一次性异地安置津贴
CN,3520,Payment,Allowance,Rel.Par,7,家属支持津贴,6,Partner support,家属支持津贴,Partner support,家属支持津贴,X,,X,X,,,,,,X,,,,4.1 Manage & Administer Rewards,SME for S&S/SME-C&B,Mobility-related compensation,Domestic Relocation,,,+,Amount,,,,,,,X,,,Gross,Salary,Y,Y,Y,Y,N,N,N,N,Y,Y,Y,N,N,N,N,N,Not Applicable,,,Payment Amount + Pay Time,,W,R,,,R,,,Y,Y,Y,Y,Y,Y,,,,,,6033100,2503300,6023500,2503001,6023500,2503001,6033100,2503300,6033100,2503300,6033100,2503300,6033100,2503300,6023500,2503001,6023500,2503001,6023500,2503001,,2849,28J9,Partner support家属支持津贴
CN,3530,Payment,Allowance,Rel.FamY,8,年度家庭保险津贴,8,Yearly Family insur.allow,年度家庭保险津贴,Yearly Family insurance allowance,年度家庭保险津贴,X,,X,X,,,,,,X,,,,4.1 Manage & Administer Rewards,SME for S&S/SME-C&B,Mobility-related compensation,Domestic Relocation,,,+,Amount,,,,,,,X,,,Gross,Salary,Y,Y,Y,Y,N,N,N,N,Y,Y,Y,N,N,N,N,N,Not Applicable,,,Payment Amount + Pay Time,,W,R,,,R,,,Y,Y,Y,Y,Y,Y,,,,,,6033100,2503300,6023500,2503001,6023500,2503001,6033100,2503300,6033100,2503300,6033100,2503300,6033100,2503300,6023500,2503001,6023500,2503001,6023500,2503001,,2850,28K0,Yearly Family insurance allowance年度家庭保险津贴
CN,3540,Payment,Allowance,Rel.Sch,7,一次性入学费,6,One-time schooling,一次性入学费,One-time schooling,一次性入学费,X,,X,X,,,,,,X,,,,4.1 Manage & Administer Rewards,SME for S&S/SME-C&B,Mobility-related compensation,Domestic Relocation,,,+,Amount,,,,,,,X,,,Gross,Salary,Y,Y,Y,Y,N,N,N,N,Y,Y,Y,N,N,N,N,N,Not Applicable,,,Payment Amount + Pay Time,,W,R,,,R,,,Y,Y,Y,Y,Y,Y,,,,,,6033100,2503300,6023500,2503001,6023500,2503001,6033100,2503300,6033100,2503300,6033100,2503300,6033100,2503300,6023500,2503001,6023500,2503001,6023500,2503001,,2851,28K1,One-time schooling一次性入学费
CN,3550,Payment,Allowance,Rel.Home,8,异地派遣探亲津贴,8,Home Visit Allowance,异地派遣探亲津贴,Home Visit Allowance For Domestic Relocation,异地派遣探亲津贴,X,,X,X,,,,,,X,,,,4.1 Manage & Administer Rewards,SME for S&S/SME-C&B,Mobility-related compensation,Domestic Relocation,,,+,Amount,,,,X,,,,,,Gross,Salary,Y,Y,Y,Y,N,N,N,N,Y,Y,Y,N,N,N,N,N,Not Applicable,,,Payment Amount + Pay Time,,W,R,,,R,,,Y,Y,Y,Y,Y,Y,,,,,,6033100,2503300,6023500,2503001,6023500,2503001,6033100,2503300,6033100,2503300,6033100,2503300,6033100,2503300,6023500,2503001,6023500,2503001,6023500,2503001,,2852,28K2,Home Visit Allowance异地派遣探亲津贴
CN,3560,Payment,Allowance,Rel.Bon,7,异地派遣敬职奖金,8,Relo Flexibility Bonus,异地派遣敬职奖金,Relocation On Assignment Bonus,异地派遣敬职奖金,X,,X,X,,,,,,X,,,,4.1 Manage & Administer Rewards,SME for S&S/SME-C&B,Mobility-related compensation,Domestic Relocation,,,+,Amount,,,,,,,X,,,Gross,Salary,Y,Y,Y,Y,N,N,N,N,Y,Y,Y,N,N,N,N,N,Not Applicable,,,Payment Amount + Pay Time,,W,R,,,R,,,Y,Y,Y,Y,Y,Y,,,,,,6033100,2503300,6023500,2503001,6023500,2503001,6033100,2503300,6033100,2503300,6033100,2503300,6033100,2503300,6023500,2503001,6023500,2503001,6023500,2503001,,2853,28K3,Relocation On Assignment Bonus异地派遣敬职奖金
CN,3570,Payment,Allowance,Rel.Liv,7,异地生活津贴,6,Relocation Living Allow,异地生活津贴,Relocation Living Allowance,异地生活津贴,X,,X,X,,,,,,X,,,,4.1 Manage & Administer Rewards,SME for S&S/SME-C&B,Mobility-related compensation,Domestic Relocation,,,+,Amount,,,,X,,,,,,Gross,Salary,Y,Y,Y,Y,N,N,N,N,Y,Y,Y,N,N,N,N,N,Not Applicable,,,Payment Amount + Pay Time,,W,R,,,R,,,Y,Y,Y,Y,Y,Y,,,,,,6033100,2503300,6023500,2503001,6023500,2503001,6033100,2503300,6033100,2503300,6033100,2503300,6033100,2503300,6023500,2503001,6023500,2503001,6023500,2503001,,2854,28K4,Relocation Living Allowance异地生活津贴
CN,3580,Payment,Allowance,Onb.Supp,8,异地入职协助指引,9,On-boarding Support Allow,异地入职协助指引,On-boarding Support Allowance,异地入职协助指引,X,,X,X,,,,,,X,,,,4.1 Manage & Administer Benefits,SME for S&S/SME-C&B,Other benefits,Other allowances,,,+,Amount,,,,,,,X,,,Gross,Salary,Y,Y,Y,Y,N,N,N,N,Y,Y,Y,N,N,N,N,N,Not Applicable,,,Payment Amount + Pay Time,,W,R,,,R,,,Y,Y,Y,Y,Y,Y,,,,,,6033100,2503300,6023500,2503001,6023500,2503001,6033100,2503300,6033100,2503300,6033100,2503300,6033100,2503300,6023500,2503001,6023500,2503001,6023500,2503001,,2848,28J8,Relocation Settledown Allowance一次性异地安置津贴
CN,3610,Payment-Inp,Allowance,Tra.NCNY,8,公司配车津贴,6,Transpo Allow-Net CNY,公司配车津贴,Transportation Allowance-Net CNY,公司配车津贴,X,,,,,,,X,,,,,,4.1 Manage & Administer Rewards,SME for S&S/SME-C&B,Other benefits,Other benefits,,,+,Amount,,,,X,X,,,,,Net,Salary,Y,Y,Y,N,Y,N,N,N,Y,Y,Y,N,N,N,N,N,Not Applicable,,,"Eligibility, payment amount",,,W,,R,R,,,Y,Y,Y,Y,Y,Y,,,,,,6011000,2503300,6010050,2503001,6010050,2503001,6011000,2503300,6011540,2503300,6011000,2503300,6011000,2503300,6010050,2503001,6010050,2503001,6010050,2503001,,282G,28F8,Transpor. Allow Payout 交通津贴
CN,3710,Payment,Allowance,MP.All,6,通讯费,3,Mobile Phone Allowance,通讯费,Mobile Phone Allowance,通讯费,X,,X,X,,X,X,X,,,,,,4.1 Manage & Administer Rewards,SME for S&S/SME-C&B,Other benefits,Other benefits,,,+,Amount,,,,X,,,,,,Net,Salary,Y,Y,Y,N,Y,N,N,N,Y,Y,Y,N,N,N,N,N,Not Applicable,,,payment amount,,,W,,,W,,,Y,Y,Y,Y,Y,Y,,,,,,6011540,2503300,6010050,2503001,6010050,2503001,6011540,2503300,6011540,2503300,6011000,2503300,6011540,2503300,6010050,2503001,6010050,2503001,6010050,2503001,,2816,28G6,Mobile Phone Allowance通讯费
CN,3720,Payment,Allowance,Qua of Liv,9,生活质量津贴,6,Quality of Living Allowance,生活质量津贴,Qua of Liv,生活质量津贴,X,,,,,,,X,,,,,,4.1 Manage & Administer Rewards,SME for S&S/SME-C&B,Other benefits,Other benefits,,,+,Amount,,,,X,,,,,,Net,Salary,Y,Y,Y,N,Y,N,N,N,Y,Y,Y,N,N,N,N,N,Not Applicable,,,payment amount,,,W,,,R,,,Y,Y,Y,Y,Y,Y,,,,,,6033110,2503300,6010050,2503001,6010050,2503001,6033110,2503300,6033100,2503300,6033110,2503300,6033110,2503300,6010050,2503001,6010050,2503001,6010050,2503001,,28A9,28H2,Quality of Living Allowance生活质量津贴
CN,3730,Payment,Allowance,Spec Pay,8,特殊发放 (税后),4,Special Payment (Net),特殊发放 (税后),Spec Pay,特殊发放 (税后),X,,X,X,X,X,X,X,X,,,,,4.1 Manage & Administer Rewards,SME for S&S/SME-C&B,Other benefits,Other benefits,,,+,Amount,,,,,,,X,,,Net,Salary,Y,Y,Y,N,Y,N,N,N,Y,Y,Y,N,N,N,N,N,Not Applicable,,,payment amount,,,W,,,R,,,Y,Y,Y,Y,Y,Y,,,,,,,,,,,,,,,,,,,,,,,,,,,280A,28H4,Special Payment (Net)特殊发放 （税后）
CN,2120,Payment,Allowance,Maternit,8,生育津贴发放,6,Maternity Allowance,生育津贴发放,Maternit,生育津贴发放,X,,X,X,,,,,,,,,,4.4 Manage Payroll,SME-Payroll,Others,Others,,,+,Amount,,,,,,,X,,,Net,Salary,N,N,N,N,N,N,N,N,N,N,N,N,N,N,N,N,Not Applicable,,,payment amount,,,,,,W,,,Y,Y,Y,Y,Y,Y,,,,,,6011000,2503300,6010050,2503001,6010050,2503001,6011000,2503300,6011000,2503300,6011000,2503300,6011000,2503300,6010050,2503001,6010050,2503001,6010050,2503001,,2818,28G8,Maternity Allowance生育津贴发放
CN,3620,Payment-Inp,Allowance,Rel.NFC,7,一次性安置补贴,7,Relo Allow-Net FC,一次性异地安置补贴,Relocation Allowance For Inter. Mobility-Net FC,一次性异地安置补贴,X,,,,,,,X,,,,,,4.1 Manage & Administer Rewards,SME for S&S/SME-C&B,Mobility-related compensation,Mobility allowances,,,+,Amount,,,,,,,X,,,Net,Salary,Y,Y,Y,N,Y,N,N,N,Y,Y,Y,N,N,N,N,N,Not Applicable,,,"payment amount, payment time",,,W,,R,R,,,Y,Y,Y,Y,Y,Y,,,,,,6033100,2503300,6023500,2503001,6023500,2503001,6033100,2503300,6033100,2503300,6033100,2503300,6033100,2503300,6023500,2503001,6023500,2503001,6023500,2503001,,2856,28K6,Relo Allow-Net FC一次性安置补贴
CN,3630,Payment-Inp,Allowance,HL.NCNY,7,异地派遣探亲津贴,8,HL Allow-Net CNY,异地派遣探亲津贴,Home leave Allowance For Inter Mobility-Net CNY,异地派遣探亲津贴,X,,,,,,,X,,,,,,4.1 Manage & Administer Rewards,SME for S&S/SME-C&B,Mobility-related compensation,Mobility allowances,,,+,Amount,,,,X,,,,,,Net,Salary,Y,Y,Y,N,Y,N,N,N,Y,Y,Y,N,N,N,N,N,Not Applicable,,,payment amount,,,W,,R,R,,,Y,Y,Y,Y,Y,Y,,,,,,6033100,2503300,6023500,2503001,6023500,2503001,6033100,2503300,6033100,2503300,6033100,2503300,6033100,2503300,6023500,2503001,6023500,2503001,6023500,2503001,,2857,28K7,HL Allow-Net CNY异地派遣探亲津贴
CN,3640,Payment-Inp,Allowance,F.S.NFC,7,家庭分居津贴,6,Family sepa allow-N FC,家庭分居津贴,Family separation allowance-NFC,家庭分居津贴,X,,,,,,,X,,,,,,4.1 Manage & Administer Rewards,SME for S&S/SME-C&B,Mobility-related compensation,Mobility allowances,,,+,Amount,,,,,,,X,,,Net,Salary,Y,Y,Y,N,Y,N,N,N,Y,Y,Y,N,N,N,N,N,Not Applicable,,,"payment amount, payment time",,,W,,R,R,,,Y,Y,Y,Y,Y,Y,,,,,,6033100,2503300,6023500,2503001,6023500,2503001,6033100,2503300,6033100,2503300,6033100,2503300,6033100,2503300,6023500,2503001,6023500,2503001,6023500,2503001,,2858,28K8,Family separation allowance-NFC家庭分居津贴
CN,3650,Payment-Inp,Allowance,E.A.NFC,7,电气津贴,4,Elec appliance Allow-N FC,电气津贴,Electrial appliance Allowance – NFC,电气津贴,X,,,,,,,X,,,,,,4.1 Manage & Administer Rewards,SME for S&S/SME-C&B,Mobility-related compensation,Mobility allowances,,,+,Amount,,,,,,,X,,,Net,Salary,Y,Y,Y,N,Y,N,N,N,Y,Y,Y,N,N,N,N,N,Not Applicable,,,"payment amount, payment time",,,W,,R,R,,,Y,Y,Y,Y,Y,Y,,,,,,6033100,2503300,6023500,2503001,6023500,2503001,6033100,2503300,6033100,2503300,6033100,2503300,6033100,2503300,6023500,2503001,6023500,2503001,6023500,2503001,,2859,28K9,Electrial appliance Allowance – NFC电气津贴
CN,3660,Payment-Inp,Allowance,P.S.NFC,7,家属支持津贴,6,Partner Support-N FC,家属支持津贴,Partner Support – NFC,家属支持津贴,X,,,,,,,X,,,,,,4.1 Manage & Administer Rewards,SME for S&S/SME-C&B,Mobility-related compensation,Mobility allowances,,,+,Amount,,,,,,,X,,,Net,Salary,Y,Y,Y,N,Y,N,N,N,Y,Y,Y,N,N,N,N,N,Not Applicable,,,"payment amount, payment time",,,W,,R,R,,,Y,Y,Y,Y,Y,Y,,,,,,6033100,2503300,6023500,2503001,6023500,2503001,6033100,2503300,6033100,2503300,6033100,2503300,6033100,2503300,6023500,2503001,6023500,2503001,6023500,2503001,,2860,28L0,Partner Support – NFC家属支持津贴
CN,3670,Payment-Exp,Allowance,Ass.GCNY,8,短期派遣津贴,6,Short-term Assign-CNY,短期派遣津贴,Short term Assignment Allowance-CNY,短期派遣津贴,X,,,,,,X,,,,,,,4.1 Manage & Administer Rewards,SME for S&S/SME-C&B,Mobility-related compensation,Mobility allowances,,,+,Amount,,,,,,,X,,,Gross,Salary,Y,Y,Y,Y,N,N,N,N,N,N,N,N,N,N,N,N,Not Applicable,,,"payment amount, payment time",,,W,,R,R,,,Y,Y,Y,Y,Y,Y,,,,,,6033100,2503300,6023500,2503001,6023500,2503001,6033100,2503300,6033100,2503300,6033100,2503300,6033100,2503300,6023500,2503001,6023500,2503001,6023500,2503001,check with Daisy,2861,28L1,Short term Assignment Allowance-Net CNY短期派遣津贴
CN,3680,Payment-Exp,Allowance,H.O.GCNY,8,房屋辅助津贴,6,Home Owner Assis-Gross CNY,房屋辅助津贴 - 本币(含税),Home Owner Assistance-Gross CNY,房屋辅助津贴 - 本币(含税),X,,,,,,X,,,,,,,4.1 Manage & Administer Rewards,SME for S&S/SME-C&B,Mobility-related compensation,Mobility allowances,,,+,Amount,,,,,,,X,,,Gross,Salary,Y,Y,Y,Y,N,N,N,N,N,N,N,N,N,N,N,N,Not Applicable,,,"payment amount, payment time",,,W,,R,R,,,Y,Y,Y,Y,Y,Y,,,,,,6033100,2503300,6023500,2503001,6023500,2503001,6033100,2503300,6033100,2503300,6033100,2503300,6033100,2503300,6023500,2503001,6023500,2503001,6023500,2503001,check with Daisy,2862,28L2,Home Owner Assistance 房屋辅助津贴
CN,3690,Payment-Exp,Allowance,Rep.GCNY,8,归国津贴,6,Repatriation allowance,归国津贴,Repatriation allowance,归国津贴,X,,,,,,X,,,,,,,4.1 Manage & Administer Rewards,SME-C&B,Mobility-related compensation,Mobility allowances,,,+,Amount,,,,,,,X,,,Gross,Salary,Y,Y,Y,Y,N,N,N,N,N,N,N,N,N,N,N,N,Not Applicable,,,"payment amount, payment time",,,W,,R,R,,,Y,Y,Y,Y,Y,Y,,,,,,6033100,2503300,6023500,2503001,6023500,2503001,6033100,2503300,6033100,2503300,6033100,2503300,6033100,2503300,6023500,2503001,6023500,2503001,6023500,2503001,New,2873,28M3,Repatriation allowance 归国津贴
CN,3681,Payment-Inp,Allowance,H.O.NFC,7,房屋辅助津贴-外币,9,Home Owner Assis-N FC,房屋辅助津贴- 外币(公司付税),Home Owner Assistance-NFC,房屋辅助津贴- 外币(公司付税),X,,,,,,,X,,,,,,4.1 Manage & Administer Rewards,SME for S&S/SME-C&B,Mobility-related compensation,Mobility allowances,,,+,Amount,,,,,,,X,,,Net,Salary,Y,Y,Y,N,Y,N,N,N,Y,Y,Y,N,N,N,N,N,Not Applicable,,,"payment amount, payment time",,,W,,R,R,,,Y,Y,Y,Y,Y,Y,,,,,,6033100,2503300,6023500,2503001,6023500,2503001,6033100,2503300,6033100,2503300,6033100,2503300,6033100,2503300,6023500,2503001,6023500,2503001,6023500,2503001,check with Daisy,2862,28L2,Home Owner Assistance 房屋辅助津贴
CN,3682,Payment-Inp,Allowance,H.O.NCNY,7,外籍员工住房补贴 ,9,House Saving-Net CNY ,外籍员工住房补贴 ,House Saving-Net CNY ,外籍员工住房补贴 ,X,,,,,,,X,,,,,,4.1 Manage & Administer Rewards,SME for S&S/SME-C&B,Mobility-related compensation,Mobility allowances,,,+,Amount,,,,X,,,,,,Net,Salary,Y,Y,Y,N,Y,N,N,N,Y,Y,Y,N,N,N,N,N,Not Applicable,,,"payment amount, payment time",,,W,,R,R,,,Y,Y,Y,Y,Y,Y,,,,,,6033100,2503300,6023500,2503001,6023500,2503001,6033100,2503300,6033100,2503300,6033100,2503300,6033100,2503300,6023500,2503001,6023500,2503001,6023500,2503001,,280I,28BC,House Saving-Net CNY 外籍员工住房补贴
CN,5000,Payment,Bonus,Sal.Inc1,8,销售奖金,4,Sales Incentive,销售奖金,Sales Incentive,销售奖金,X,,X,X,,,,,,X,,,,4.1 Manage & Administer Rewards,SME-C&B,Variable Payments,Local Sales Incentives,,,+,Amount,,,,,,,X,,,Gross,Salary,Y,Y,Y,Y,N,N,N,N,Y,Y,Y,N,N,N,N,N,Not Applicable,,,Payment Amount + Pay Time,,W (9770),W (0015),,,R,,,N,N,N,N,Y,N,,,,,,6011500,2503300,6010400,2503001,6010400,2503001,6011500,2503300,"6011500
6011503",2503300,6011500,2503300,6011500,2503300,6010400,2503001,6010400,2503001,6010400,2503001,,282J,28K5,Sales Incentive 销售奖金
CN,5002,Payment,Bonus,SI Adj,8,销售奖金调整,4,Sales Incentive Adjustment,销售奖金调整,SI Adj,销售奖金调整,X,,X,X,,,,,,X,,,,4.1 Manage & Administer Rewards,SME-C&B,Variable Payments,Local Sales Incentives,,,+,Amount,,,,,,,X,,,Gross,Salary,Y,Y,Y,Y,N,N,N,N,Y,Y,Y,N,N,N,N,N,Not Applicable,,,Payment Amount + Pay Time,,,W (0015),,,R,,,N,N,N,N,Y,N,,,,,,6011500,2503300,6010400,2503001,6010400,2503001,6011500,2503300,"6011500
6011503",2503300,6011500,2503300,6011500,2503300,6010400,2503001,6010400,2503001,6010400,2503001,,282J,28K5,Sales Incentive 销售奖金
CN,5351,Payment,Tax Adj,TaxAdj,7,个人所得税调整,4,IIT Adjustment,个人所得税调整,TaxAdj,个人所得税调整,X,,X,X,,X,,,,X,,,,4.4 Manage Payroll,SME-Payroll,Others,Others,,,+,Amount,,,,,,,X,,,Gross,Salary,Y,Y,Y,Y,N,N,N,N,Y,Y,Y,N,N,N,N,N,Not Applicable,,,Payment Amount + Pay Time,,,R,,,W,,,Y,Y,Y,Y,Y,Y,,,,,,6011000,2503300,6010050,2503001,6010050,2503001,6011000,2503300,6011000,2503300,6011000,2503300,6011000,2503300,6010050,2503001,6010050,2503001,6010050,2503001,,2871,28M1,Miscellaneous 其它调整
CN,5001,Payment,Bonus,Sal.Inc2,8,销售奖金(年度计税),10,Sales Incentives -Bonus Tax,销售奖金(年度计税),Sales Incentives applying bonus taxation,销售奖金(年度计税),X,,X,X,,,,,,X,,,,4.1 Manage & Administer Rewards,SME-C&B,Variable Payments,Local Sales Incentives,,,+,Amount,,,,,,,X,,,Gross,One time Bonus,Y,Y,Y,Y,N,N,N,N,Y,Y,Y,N,N,N,N,N,Not Applicable,,,Payment Amount + Pay Time,,,W (0015),,,R,,,N,N,N,N,Y,N,,,,,,6011500,2503300,6010400,2503001,6010400,2503001,6011500,2503300,"6011500
6011503",2503300,6011500,2503300,6011500,2503300,6010400,2503001,6010400,2503001,6010400,2503001,,282J,28K5,Sales Incentive 销售奖金
CN,5010,Payment,Bonus,Awd.Spot,8,即时嘉奖,4,On-The-Spot Award,即时嘉奖,On-The-Spot Award,即时嘉奖,X,,X,X,,,,,,X,,,,4.1 Manage & Administer Rewards,SME-C&B,Variable Payments,Other Local Incentives,,,+,Amount,,,,,,,X,,,Gross,Salary,Y,Y,Y,Y,N,N,N,N,Y,Y,Y,N,N,N,N,N,Not Applicable,,,Payment Amount + Pay Time,,,W,,,R,,,Y,Y,Y,Y,Y,Y,,,,,,6011500,2503300,6010400,2503001,6010400,2503001,6011500,2503300,6011500,2503300,6011500,2503300,6011500,2503300,6010400,2503001,6010400,2503001,6010400,2503001,,2863,28L3,On-The-Spot Award即时嘉奖
CN,5020,Payment,Bonus,Awd.Rec,7,特殊贡献奖,5,Special Recognition Award,特殊贡献奖,Special Recognition Award,特殊贡献奖,X,,X,X,,,,,,X,,,,4.1 Manage & Administer Rewards,SME-C&B,Variable Payments,Other Local Incentives,,,+,Amount,,,,,,,X,,,Gross,Salary,Y,Y,Y,Y,N,N,N,N,Y,Y,Y,N,N,N,N,N,Not Applicable,,,Payment Amount + Pay Time,,,W,,,R,,,Y,Y,Y,Y,Y,Y,,,,,,6011500,2503300,6010400,2503001,6010400,2503001,6011500,2503300,6011500,2503300,6011500,2503300,6011500,2503300,6010400,2503001,6010400,2503001,6010400,2503001,,2864,28L4,Special Recognition Award-NCNY特殊贡献奖
CN,5030,Payment,Bonus,Awd.Pre,7,总裁嘉奖,4,President Award,总裁嘉奖,President Award,总裁嘉奖,X,,X,X,,,,,,X,,,,4.1 Manage & Administer Rewards,SME-C&B,Variable Payments,Other Local Incentives,,,+,Amount,,,,,,,X,,,Gross,Salary,Y,Y,Y,Y,N,N,N,N,Y,Y,Y,N,N,N,N,N,Not Applicable,,,Payment Amount + Pay Time,,,W,,,R,,,Y,Y,Y,Y,Y,Y,,,,,,6011500,2503300,6010400,2503001,6010400,2503001,6011500,2503300,6011500,2503300,6011500,2503300,6011500,2503300,6010400,2503001,6010400,2503001,6010400,2503001,,2865,28L5,President Award总裁嘉奖
CN,5040,Payment,Bonus,Awd.Int,7,知识产权奖励,6,Intellectual Property R.,知识产权奖励,Intellectual Property Rights Rewards,知识产权奖励,X,,X,X,,,,,,X,,,,4.1 Manage & Administer Rewards,SME-C&B,Variable Payments,Other Local Incentives,,,+,Amount,,,,,,,X,,,Gross,Salary,Y,Y,Y,Y,N,N,N,N,Y,Y,Y,N,N,N,N,N,Not Applicable,,,Payment Amount + Pay Time,,,W,,,R,,,Y,Y,Y,N,N,N,,,,,,6011500,2503300,6010050,2503001,6010050,2503001,6011500,2503300,6011500,2503300,6011500,2503300,6011500,2503300,6010050,2503001,6010050,2503001,6010050,2503001,,2866,28L6,Intellectual Property Rights Rewards知识产权奖励
CN,5050,Payment,Bonus,Refer.B,7,推荐奖金,4,Referral Bonus,推荐奖金,Referral Bonus,推荐奖金,X,,X,X,,,,,,X,,,,2.1 Manage Source & Select,SME-S&S,Variable Payments,Other Local Incentives,,,+,Amount,,,,,,,X,,,Gross,Salary,Y,Y,Y,Y,N,N,N,N,Y,Y,Y,N,N,N,N,N,Not Applicable,,,Payment Amount + Pay Time,,W,R,,,R,,,Y,Y,Y,Y,Y,Y,,,,,,6011500,2503300,6010400,2503001,6010400,2503001,6011500,2503300,6011500,2503300,6011500,2503300,6011500,2503300,6010400,2503001,6010400,2503001,6010400,2503001,costcenter adjustment needed,2867,28L7,Referral Bonus推荐奖金
CN,5060,Payment,Bonus,Sign.B,6,签约奖金,4,Sign-on Bonus,签约奖金,Sign-on Bonus,签约奖金,X,,X,X,,,,,,X,,,,2.1 Manage Source & Select,SME-S&S,Variable Payments,Other Local Incentives,,,+,Amount,,,,,,,X,,,Gross,Salary,Y,Y,Y,Y,N,N,N,N,Y,Y,Y,N,N,N,N,N,Not Applicable,,,Payment Amount + Pay Time,,W,R,,,R,,,Y,Y,Y,Y,Y,Y,,,,,,6011500,2503300,6010400,2503001,6010400,2503001,6011500,2503300,6011500,2503300,6011500,2503300,6011500,2503300,6010400,2503001,6010400,2503001,6010400,2503001,,2868,28L8,Sign-on Bonus签约奖金
CN,5070,Payment,Bonus,Other.B1,8,其他奖金(年度计税),10,Other Bonus - Bonus Tax,其他奖金(年度计税),Other bonus applying bonus taxation,其他奖金(年度计税),X,,X,X,,,,,,X,,,,4.1 Manage & Administer Rewards,SME-C&B,Variable Payments,Other Local incentives,,,+,Amount,,,,,,,X,,,Gross,One time Bonus,Y,Y,Y,Y,N,N,N,N,Y,Y,Y,N,N,N,N,N,Not Applicable,,,Payment Amount + Pay Time,,,W,,,R,,,Y,Y,Y,Y,Y,Y,,,,,,6011500,2503300,6010400,2503001,6010400,2503001,6011500,2503300,6011500,2503300,6011500,2503300,6011500,2503300,6010400,2503001,6010400,2503001,6010400,2503001,,2869,28L9,Other bonus applying bonus taxation其他奖金(年度计税)
CN,5080,Payment,Bonus,Other.B2,8,其他奖金,4,Other Bonus,其他奖金,Other Bonus,其他奖金,X,,X,X,,,,,,X,,,,4.1 Manage & Administer Rewards,SME-C&B,Variable Payments,Other Local incentives,,,+,Amount,,,,,,,X,,,Gross,Salary,Y,Y,Y,Y,N,N,N,N,Y,Y,Y,N,N,N,N,N,Not Applicable,,,Payment Amount + Pay Time,,,W,,,R,,,Y,Y,Y,Y,Y,Y,,,,,,6011500,2503300,6010400,2503001,6010400,2503001,6011500,2503300,6011500,2503300,6011500,2503300,6011500,2503300,6010400,2503001,6010400,2503001,6010400,2503001,,2870,28M0,Other Bonus其他奖金
CN,5180,Payment,Bonus,Proj.B,6,项目奖金,4,Project Bonus,项目奖金,Project Bonus,项目奖金,X,,X,X,,,,X,,X,,,,4.1 Manage & Administer Rewards,SME-C&B,Variable Payments,Other Local incentives,,,+,Amount,,,,,,,X,,,Gross,Salary,Y,Y,Y,Y,N,N,N,N,Y,Y,Y,N,N,N,N,N,Not Applicable,,,Payment Amount + Pay Time,,,W,,,R,,,N,N,N,Y,N,N,,,,,,6011500,2503300,6010400,2503001,6010400,2503001,6011500,2503300,6011500,2503300,6011500,2503300,6011500,2503300,6010400,2503001,6010400,2503001,6010400,2503001,New,2875,28M5,Project Bonus 项目奖金
CN,5181,Payment,Bonus,Proj.B.BTES,6,项目奖金(BTES使用）,4,Project Bonus(BTES use),项目奖金(BTES使用）,Project Bonus,项目奖金,"X,Display Project Bonus 项目奖金",,X,X,,,,X,,X,,,,4.1 Manage & Administer Rewards,SME-C&B,Variable Payments,Other Local incentives,,,+,Amount,,,,,,,X,,,Gross,Salary,Y,Y,Y,Y,N,N,N,N,Y,Y,Y,N,N,N,N,N,Not Applicable,,,Payment Amount + Pay Time,,,W,,,R,,,N,N,N,Y,N,N,,,,,,,,,,,,2103204,2503300,,,,,,,,,,,,,,28FI,28FJ,Project Bonus 项目奖金 (BTES使用）
CN,5182,Payment,Bonus,GrandPay,6,薪酬承继差额,4,Grandfathering Payment,薪酬承继差额,For grandfathering demotion cases ,用于发放薪酬承继差额,X,,X,X,,,,X,,X,,,,4.1 Manage & Administer Rewards,SME-C&B,Variable Payments,Other Local payment,,,+,Amount,,,,X,,,,,,Gross,Bonus,Y,Y,Y,Y,N,N,N,N,Y,Y,Y,N,N,N,N,N,Not Applicable,,,Payment Amount + Pay Time,,,W,,,R,,,Y,Y,Y,Y,Y,Y,Y,Y,Y,Y,Y,6011000,2503300,6010050,2503001,6010050,2503001,6011000,2503300,6011000,2503300,6011000,2503300,6011000,2503300,6010050,2503001,6010050,2503001,6010050,2503001,,28Y8,28Y9,
CN,3012,Payment,,,,其他离职收入,,,,,,,,,,,,,,,,,,,,,,,,,,,,,,,,,,,,Gorss,Bonus,Y,Y,Y,Y,N,N,N,N,Y,,,,,,,, ,,,Payment Amount + Pay Time,,,W,,,R,,,,,,,,,,,,,,6011000,2503300,6010050,2503001,6010050,2503001,6011000,2503300,6039100,2503300,6011000,2503300,6011000,2503300,6010050,2503001,6010050,2503001,6010050,2503001,,28Z0,28Z1,
CN,5081,Payment-Inp,Bonus,Bon.NCNY,8,其他奖金-本币,7,Other Bonus-Net CNY,其他奖金-本币,Other Bonus-Net CNY,其他奖金-本币,X,,,,,,,X,,,,,,4.1 Manage & Administer Rewards,SME-C&B,Variable Payments,Other Local Incentives,,,+,Amount,,,,,,,X,,,Net,Salary,Y,Y,Y,N,Y,N,N,N,Y,Y,Y,N,N,N,N,N,Not Applicable,,,"payment amount, payment time",,,W,,,R,,,Y,Y,Y,Y,Y,Y,,,,,,6011500,2503300,6010400,2503001,6010400,2503001,6011500,2503300,6011500,2503300,6011500,2503300,6011500,2503300,6010400,2503001,6010400,2503001,6010400,2503001,,2870,28M0,Other Bonus其他奖金
CN,5082,Payment-Inp,Bonus,Bon.NFC,7,其他奖金-外币,7,Other Bonus-Net FC,其他奖金-外币,Other Bonus-Net FC,其他奖金-外币,X,,,,,,,X,,,,,,4.1 Manage & Administer Rewards,SME-C&B,Variable Payments,Other Local Incentives,,,+,Amount,,,,,,,X,,,Net,Salary,Y,Y,Y,N,Y,N,N,N,Y,Y,Y,N,N,N,N,N,Not Applicable,,,"payment amount, payment time",,,W,,,R,,,Y,Y,Y,Y,Y,Y,,,,,,6011500,2503300,6010400,2503001,6010400,2503001,6011500,2503300,6011500,2503300,6011500,2503300,6011500,2503300,6010400,2503001,6010400,2503001,6010400,2503001,,2870,28M0,Other Bonus其他奖金
CN,5090,Payment-Inp,Bonus,Bon.NCNY,8,其他奖金-本币(年度计税),7,Other Bonus-Net CNY,其他奖金-本币,Other Bonus-Net CNY,其他奖金-本币,X,,,,,,,X,,,,,,4.1 Manage & Administer Rewards,SME-C&B,Variable Payments,Other Local Incentives,,,+,Amount,,,,,,,X,,,Net,One time Bonus,Y,Y,Y,N,Y,N,N,N,Y,Y,Y,N,N,N,N,N,Not Applicable,,,"payment amount, payment time",,,W,,,R,,,Y,Y,Y,Y,Y,Y,,,,,,6011500,2503300,6010400,2503001,6010400,2503001,6011500,2503300,6011500,2503300,6011500,2503300,6011500,2503300,6010400,2503001,6010400,2503001,6010400,2503001,,2870,28M0,Other Bonus其他奖金
CN,5091,Payment-Inp,Bonus,Bon.NFC,7,其他奖金-外币(年度计税),7,Other Bonus-Net FC,其他奖金-外币,Other Bonus-Net FC,其他奖金-外币,X,,,,,,,X,,,,,,4.1 Manage & Administer Rewards,SME-C&B,Variable Payments,Other Local Incentives,,,+,Amount,,,,,,,X,,,Net,One time Bonus,Y,Y,Y,N,Y,N,N,N,Y,Y,Y,N,N,N,N,N,Not Applicable,,,"payment amount, payment time",,,W,,,R,,,Y,Y,Y,Y,Y,Y,,,,,,6011500,2503300,6010400,2503001,6010400,2503001,6011500,2503300,6011500,2503300,6011500,2503300,6011500,2503300,6010400,2503001,6010400,2503001,6010400,2503001,,2870,28M0,Other Bonus其他奖金
CN,5100,Payment-Inp,Bonus,Awa.NCNY,8,即时嘉奖-本币,7,On-The-Spot Award-N CNY,即时嘉奖-本币,On-The-Spot Award-NCNY,即时嘉奖-本币,X,,,,,,,X,,,,,,4.1 Manage & Administer Rewards,SME-C&B,Variable Payments,Other Local Incentives,,,+,Amount,,,,,,,X,,,Net,Salary,Y,Y,Y,N,Y,N,N,N,Y,Y,Y,N,N,N,N,N,Not Applicable,,,"payment amount, payment time",,,W,,,R,,,Y,Y,Y,Y,Y,Y,,,,,,6011500,2503300,6010400,2503001,6010400,2503001,6011500,2503300,6011500,2503300,6011500,2503300,6011500,2503300,6010400,2503001,6010400,2503001,6010400,2503001,,2872,28M2,On-The-Spot Award-NCNY即时嘉奖
CN,5101,Payment-Inp,Bonus,Awa.NFC,8,即时嘉奖-外币,7,On-The-Spot Award-N FC,即时嘉奖-外币,On-The-Spot Award-NFC,即时嘉奖-外币,X,,,,,,,X,,,,,,4.1 Manage & Administer Rewards,SME-C&B,Variable Payments,Other Local Incentives,,,+,Amount,,,,,,,X,,,Net,Salary,Y,Y,Y,N,Y,N,N,N,Y,Y,Y,N,N,N,N,N,Not Applicable,,,"payment amount, payment time",,,W,,,R,,,Y,Y,Y,Y,Y,Y,,,,,,6011500,2503300,6010400,2503001,6010400,2503001,6011500,2503300,6011500,2503300,6011500,2503300,6011500,2503300,6010400,2503001,6010400,2503001,6010400,2503001,,2872,28M2,On-The-Spot Award-NCNY即时嘉奖
CN,5110,Payment-Inp,Bonus,Rec.NCNY,8,特殊贡献奖-本币,8,Spe Recog Award-N CNY,特殊贡献奖-本币,Special Recognition Award-NCNY,特殊贡献奖-本币,X,,,,,,,X,,,,,,4.1 Manage & Administer Rewards,SME-C&B,Variable Payments,Other Local Incentives,,,+,Amount,,,,,,,X,,,Net,Salary,Y,Y,Y,N,Y,N,N,N,Y,Y,Y,N,N,N,N,N,Not Applicable,,,"payment amount, payment time",,,W,,,R,,,Y,Y,Y,Y,Y,Y,,,,,,6011500,2503300,6010400,2503001,6010400,2503001,6011500,2503300,6011500,2503300,6011500,2503300,6011500,2503300,6010400,2503001,6010400,2503001,6010400,2503001,,2864,28L4,Special Recognition Award-NCNY特殊贡献奖
CN,5111,Payment-Inp,Bonus,Rec.NFC,7,特殊贡献奖-外币,8,Spe Recog Award-N FC,特殊贡献奖-外币,Special Recognition Award-NFC,特殊贡献奖-外币,X,,,,,,,X,,,,,,4.1 Manage & Administer Rewards,SME-C&B,Variable Payments,Other Local Incentives,,,+,Amount,,,,,,,X,,,Net,Salary,Y,Y,Y,N,Y,N,N,N,Y,Y,Y,N,N,N,N,N,Not Applicable,,,"payment amount, payment time",,,W,,,R,,,Y,Y,Y,Y,Y,Y,,,,,,6011500,2503300,6010400,2503001,6010400,2503001,6011500,2503300,6011500,2503300,6011500,2503300,6011500,2503300,6010400,2503001,6010400,2503001,6010400,2503001,,2864,28L4,Special Recognition Award-NCNY特殊贡献奖
CN,5120,Payment-Inp,Bonus,PreAwNFC,8,总裁嘉奖-本币,7,President Award-Net CNY,总裁嘉奖-本币,President Award-NCNY,总裁嘉奖-本币,X,,,,,,,X,,,,,,4.1 Manage & Administer Rewards,SME-C&B,Variable Payments,Other Local Incentives,,,+,Amount,,,,,,,X,,,Net,Salary,Y,Y,Y,N,Y,N,N,N,Y,Y,Y,N,N,N,N,N,Not Applicable,,,"payment amount, payment time",,,W,,,R,,,Y,Y,Y,Y,Y,Y,,,,,,6011500,2503300,6010400,2503001,6010400,2503001,6011500,2503300,6011500,2503300,6011500,2503300,6011500,2503300,6010400,2503001,6010400,2503001,6010400,2503001,,2865,28L5,President Award总裁嘉奖
CN,5121,Payment-Inp,Bonus,PreAwFC,7,总裁嘉奖-外币,7,President Award-Net FC,总裁嘉奖-外币,President Award-NFC,总裁嘉奖-外币,X,,,,,,,X,,,,,,4.1 Manage & Administer Rewards,SME-C&B,Variable Payments,Other Local Incentives,,,+,Amount,,,,,,,X,,,Net,Salary,Y,Y,Y,N,Y,N,N,N,Y,Y,Y,N,N,N,N,N,Not Applicable,,,"payment amount, payment time",,,W,,,R,,,Y,Y,Y,Y,Y,Y,,,,,,6011500,2503300,6010400,2503001,6010400,2503001,6011500,2503300,6011500,2503300,6011500,2503300,6011500,2503300,6010400,2503001,6010400,2503001,6010400,2503001,,2865,28L5,President Award总裁嘉奖
CN,5130,Payment,Deduction,Pafro/FA,7,离职冻结款项,5,Payments frozen in FA,离职冻结款项,Payments frozen in FA,备用金扣款,X,,X,X,,,,,,X,,,,5.2 Manage Separation,SME-Separation/Retirement,Third Party deductions,Other deduction,,,-,Amount,,,,,,,X,,,Gross,Salary,N,N,N,N,N,N,N,Y,N,N,N,N,N,N,N,N,Not Applicable,,,Payment Amount + Pay Time (Data upload),,,R,,,R,W,,Y,Y,Y,Y,Y,Y,,,,,,2503300,AR Vendor,2503001,AR Vendor,2503001,AR Vendor,2503300,AR Vendor,2503300,AR Vendor,2503300,AR Vendor,2503300,AR Vendor,2503001,AR Vendor,2503001,AR Vendor,2503001,AR Vendor,book to the vendor element,2876,28M6,Deduction Of Cash In Advance备用金扣款
CN,5140,Payment,Deduction,Donation,8,捐款抵冲,4,Donation for IIT,捐款抵冲,Non-taxable donation,捐款抵冲,X,,X,X,,X,,,,X,,,,4.4 Manage Payroll,SME-Payroll,Third Party deductions,Third Party deductions,,,-,Amount,,,,,,,X,,,Gross,Salary,N,N,N,Y,N,Y,N,Y,N,N,N,N,N,N,N,N,Not Applicable,,,Payment Amount + Pay Time,,,R,,,W,,,Y,Y,Y,Y,Y,Y,,,,,,,,,,,,,,,,,,,,,,,,,,,,,
CN,5150,Payment,Taxable,Tax.Mile,8,里程津贴计税,6,Mileage Allowance ,里程津贴计税,Mileage Allowance for tax,里程津贴计税,X,,X,X,,X,,,,X,,,,4.4 Manage Payroll,SME-Payroll,Other benefits,Travel Expenses,,,+,Amount,,,,,,,X,,,Gross,Salary,Y,Y,Y,Y,N,N,N,Y,Y,Y,Y,N,N,N,N,N,Not Applicable,,,Payment Amount,,,W,,,R,,,N,N,N,N,N,Y,,,,,,-,-,-,-,-,-,-,-,-,-,-,-,-,-,-,-,-,-,-,-,no booking,,,
CN,5160,Payment,Taxable,Tax.Tra,7,差旅津贴计税,6,Travel Allowance ,差旅津贴计税,Travel Allowance for tax,差旅津贴计税,X,,X,X,,X,,,,X,,,,4.4 Manage Payroll,SME-Payroll,Other benefits,Travel Expenses,,,+,Amount,,,,,,,X,,,Gross,Salary,Y,Y,Y,Y,N,N,N,Y,Y,Y,Y,N,N,N,N,N,Not Applicable,,,Payment Amount,,,R,,,W,,,Y,Y,Y,Y,Y,Y,,,,,,-,-,-,-,-,-,-,-,-,-,-,-,-,-,-,-,-,-,-,-,no booking,,,
CN,5170,Payment,Taxable,Tax.Pre,7,礼品计税,4,Present Reimbursement,礼品计税,Present Reimbursement for tax,礼品计税,X,,X,X,,,,,,X,,,,4.4 Manage Payroll,SME-Payroll,Third Party deductions,Third Party deductions,,,+,Amount,,,,,,,X,,,Gross,Salary,Y,Y,Y,Y,N,N,N,Y,Y,Y,Y,N,N,N,N,N,Not Applicable,,,Payment Amount + Pay Time,,,R,,,W,,,Y,Y,Y,Y,Y,Y,,,,,,-,-,-,-,-,-,-,-,-,-,-,-,-,-,-,-,-,-,-,-,no booking,,,
CN,5171,Payment,Taxable,Tax.Pre,7,礼品计税_公司,4,Present Reim_tax by ER ,礼品计税_公司承担,Present Reimbursement_tax borne by ER ,礼品计税—公司承担,X,,X,X,,,X,X,,X,,,,4.4 Manage Payroll,SME-Payroll,Third Party deductions,Third Party deductions,,,+,Amount,,,,,,,X,,,Gross,Salary,Y,Y,Y,N,Y,N,N,N,Y,Y,Y,N,N,N,N,N,Not Applicable,,,Payment Amount ,,,R,,,W,,,Y,Y,Y,Y,Y,Y,Y,Y,Y,Y,,-,-,-,-,-,-,-,-,-,-,-,-,-,,,,,-,-,-,no booking,,,
CN,5200,Payment-Inp,Taxable,SIRe.NFC,8,应税派出国社保-外币,10,SI Reimbursement - N FC,应税派出国社保-外币,Home Country Social Security Reimbursement - Net FC,应税派出国社保-外币,X,,,,,,,X,,,,,,4.4 Manage Payroll,SME-Payroll,Other benefits,Other benefits,,,+,Amount,,,,,,,X,,,Net,Salary,Y,Y,Y,N,Y,N,N,Y,Y,Y,Y,N,N,N,N,N,Not Applicable,,,"payment amount, payment time",,,R,,R,W,,,Y,Y,Y,Y,Y,Y,,,,,,-,-,-,-,-,-,-,-,-,-,-,-,-,-,-,-,-,-,-,-,no booking,,,
CN,5210,Payment-Inp,Taxable,TaRe.NFC,8,应税派出国付款-外币,10,Taxable Reimburse- N FC,应税派出国付款-外币,Home Country Taxable Reimbursement - Net FC,应税派出国付款-外币,X,,,,,,,X,,,,,,4.4 Manage Payroll,SME-Payroll,Other benefits,Other benefits,,,+,Amount,,,,,,,X,,,Net,Salary,Y,Y,Y,N,Y,N,N,Y,Y,Y,Y,N,N,N,N,N,Not Applicable,,,"payment amount, payment time",,,R,,R,W,,,Y,Y,Y,Y,Y,Y,,,,,,-,-,-,-,-,-,-,-,-,-,-,-,-,-,-,-,-,-,-,-,no booking,,,
CN,5220,Payment-Inp,Taxable,O.T.NFC,7,其它应税福利,6,Oth.Taxable Bene -N FC,其它应税福利,Other Taxable Benefit  - Net FC,其它应税福利,X,,,,,,,X,,,,,,4.1 Manage & Administer Rewards,SME-C&B,Other benefits,Other benefits,,,+,Amount,,,,,,,X,,,Net,Salary,Y,Y,Y,N,Y,N,N,Y,Y,Y,Y,N,N,N,N,N,Not Applicable,,,"payment amount, payment time",,,R,,R,W,,,Y,Y,Y,Y,Y,Y,,,,,,-,-,-,-,-,-,-,-,-,-,-,-,-,-,-,-,-,-,-,-,no booking,,,
CN,5230,Payment-Inp,Deduction,Hoverbud,8,住房超预算扣款-本币,10,Hous rental Overbug.-N CNY,住房超预算扣款-本币,Deduction for housing rental overbudget-Net CNY,住房超预算扣款-本币,X,,,,,,,X,,,,,,4.1 Manage & Administer Rewards,SME-C&B,Mobility-related compensation,Other deduction,,,-,Amount,,,,X,,,,,,Net,Salary,N,N,N,N,N,N,N,Y,N,N,N,N,N,N,N,N,Not Applicable,,,payment amount,,,W,,R,R,,,Y,Y,Y,Y,Y,Y,,,,,,2503300,6652100,2503001,6652100,2503001,6652100,2503300,6652100,2503300,6652100,2503300,6652100,2503300,6652100,2503001,6652100,2503001,6652100,2503001,6652100,,2877,28M7,Hous rental Overbug.-N CNY住房超预算扣款
CN,5240,Payment-Inp,Deduction,Coverbud,7,车超预算扣款-本币,9,car overbudget-N CNY,车超预算扣款-本币,Deduction for car overbudget-NCNY,车超预算扣款-本币,X,,,,,,,X,,,,,,4.1 Manage & Administer Rewards,SME-C&B,Mobility-related compensation,Other deduction,,,-,Amount,,,,X,,,,,,Net,Salary,N,N,N,N,N,N,N,Y,N,N,N,N,N,N,N,N,Not Applicable,,,payment amount,,,W,,R,R,,,Y,Y,Y,Y,Y,Y,,,,,,2503300,6822100,2503001,6822100,2503001,6822100,2503300,6822100,2503300,6822100,2503300,6822100,2503300,6822100,2503001,6822100,2503001,6822100,2503001,6822100,,2878,28M8,Deduction for car overbudget-NCNY车超预算扣款
CN,5250,Payment-Inp,Deduction,U.cost,6,水电费扣款-本币,8,Utility Cost -N CNY,水电费扣款-本币,Utility Cost Deduction-NCNY,水电费扣款-本币,X,,,,,,,X,,,,,,4.1 Manage & Administer Rewards,SME-C&B,Mobility-related compensation,Other deduction,,,-,Amount,,,,X,,,,,,Net,Salary,N,N,N,N,N,N,N,Y,N,N,N,N,N,N,N,N,Not Applicable,,,payment amount,,,W,,R,R,,,Y,Y,Y,Y,Y,Y,,,,,,2503300,6011000,2503001,6010050,2503001,6010050,2503300,6011000,2503300,6011000,2503300,6011000,2503300,6011000,2503001,6010050,2503001,6010050,2503001,6010050,,2879,28M9,Utility Cost Deduction-NCNY水电费扣款
CN,5260,Payment-Inp,Deduction,Atax.CNY,8,其他税后扣款-本币,9,Dedu after tax - N CNY,其他税后扣款-本币,Special Deduction after tax - CNY,其他税后扣款-本币,X,,,,,,,X,,,,,,4.1 Manage & Administer Rewards,SME-C&B,Mobility-related compensation,Other deduction,,,-,Amount,,,,,,,X,,,Net,Salary,N,N,N,N,N,N,N,Y,N,N,N,N,N,N,N,N,Not Applicable,,,"payment amount, payment time",,,R,,R,W,,,Y,Y,Y,Y,Y,Y,,,,,,2503300,6011000,2503001,6010050,2503001,6010050,2503300,6011000,2503300,6011000,2503300,6011000,2503300,6011000,2503001,6010050,2503001,6010050,2503001,6010050,,2880,28N0,Special Deduction after tax 其他税后扣款
CN,5261,Payment-Inp,Deduction,Atax.FC,7,其他税后扣款-外币,9,Dedu after tax - N FC,其他税后扣款-外币,Special Deduction after tax - FC,其他税后扣款-外币,X,,,,,,,X,,,,,,4.1 Manage & Administer Rewards,SME-C&B,Mobility-related compensation,Other deduction,,,-,Amount,,,,,,,X,,,Net,Salary,N,N,N,N,N,N,N,Y,N,N,N,N,N,N,N,N,Not Applicable,,,"payment amount, payment time",,,R,,R,W,,,Y,Y,Y,Y,Y,Y,,,,,,2503300,6011000,2503001,6010050,2503001,6010050,2503300,6011000,2503300,6011000,2503300,6011000,2503300,6011000,2503001,6010050,2503001,6010050,2503001,6010050,,2880,28N0,Special Deduction after tax 其他税后扣款
CN,5270,Payment-Inp,Deduction,Atax.US,7,税后扣款-预提薪资(US),13,Dedu After Tax- sal.accu_US,税后扣款-预提外籍薪资(美国),Deduction After Tax for salary accural (US),税后扣款-预提外籍薪资(美国),X,,,,,,,X,,,,,,4.1 Manage & Administer Rewards,SME-C&B,Mobility-related compensation,Other deduction,,,-,Amount,,,,X,,,,,,Net,Salary,N,N,N,N,N,N,N,Y,N,N,N,N,N,N,N,Y,With payroll driver,,,payment amount,,,R,,R,W,,,Y,Y,Y,Y,Y,Y,,,,,,2503300,6011000,2503001,"6023500 
6010050",2503001,"6023500 
6010050",2503300,6011000,2503300,6011000,2503300,6011000,2503300,6011000,2503001,"6023500 
6010050",2503001,"6023500 
6010050",2503001,"6023500 
6010050",,2881,28N1,Dedu After Tax- sal.accu_US税后扣款-预提薪资(US)
CN,5280,Payment-Inp,Others,Mis.GCNY,8,其它调整-本币(含税),10,Miscellaneous G CNY,其它调整－本币(含税),Miscellaneous-Gross CNY,其它调整－本币(含税),X,,,,,,,X,,,,,,4.1 Manage & Administer Rewards,SME-C&B,Mobility-related compensation,Mobility allowances,,,+,Amount,,,,,,,X,,,Gross,Salary,Y,Y,Y,Y,N,N,N,N,Y,Y,Y,N,N,N,N,N,Not Applicable,,,"payment amount, payment time",,,W,,R,R,,,Y,Y,Y,Y,Y,Y,,,,,,6011000,2503300,6010050,2503001,6010050,2503001,6011000,2503300,6011000,2503300,6011000,2503300,6011000,2503300,6010050,2503001,6010050,2503001,6010050,2503001,,2871,28M1,Miscellaneous 其它调整
CN,5281,Payment-Inp,Others,Mis.NCNY,8,其它调整-本币(公司付税),13,Miscellaneous-N CNY,其它调整－本币(公司付税),Miscellaneous-Net CNY,其它调整－本币(公司付税),X,,,,,,,X,,,,,,4.1 Manage & Administer Rewards,SME-C&B,Mobility-related compensation,Mobility allowances,,,+,Amount,,,,,,,X,,,Net,Salary,Y,Y,Y,N,Y,N,N,N,Y,Y,Y,N,N,N,N,N,Not Applicable,,,"payment amount, payment time",,,W,,R,R,,,Y,Y,Y,Y,Y,Y,,,,,,6011000,2503300,6010050,2503001,6010050,2503001,6011000,2503300,6011000,2503300,6011000,2503300,6011000,2503300,6010050,2503001,6010050,2503001,6010050,2503001,,2871,28M1,Miscellaneous 其它调整
CN,5282,Payment-Inp,Others,Mis.GFC,7,其它调整-外币(含税),11,Miscellaneous-G FC,其它调整－外币(含税),Miscellaneous-Gross FC,其它调整－外币(含税),X,,,,,,,X,,,,,,4.1 Manage & Administer Rewards,SME-C&B,Mobility-related compensation,Mobility allowances,,,+,Amount,,,,,,,X,,,Gross,Salary,Y,Y,Y,Y,N,N,N,N,Y,Y,Y,N,N,N,N,N,Not Applicable,,,"payment amount, payment time",,,W,,R,R,,,Y,Y,Y,Y,Y,Y,,,,,,6011000,2503300,6010050,2503001,6010050,2503001,6011000,2503300,6011000,2503300,6011000,2503300,6011000,2503300,6010050,2503001,6010050,2503001,6010050,2503001,,2871,28M1,Miscellaneous 其它调整
CN,5283,Payment-Inp,Others,Mis.NFC,7,其它调整-外币(公司付税),13,Miscellaneous-N FC,其它调整－外币(公司付税),Miscellaneous-Net FC,其它调整－外币(公司付税),X,,,,,,,X,,,,,,4.1 Manage & Administer Rewards,SME-C&B,Mobility-related compensation,Mobility allowances,,,+,Amount,,,,,,,X,,,Net,Salary,Y,Y,Y,N,Y,N,N,N,Y,Y,Y,N,N,N,N,N,Not Applicable,,,"payment amount, payment time",,,W,,R,R,,,Y,Y,Y,Y,Y,Y,,,,,,6011000,2503300,6010050,2503001,6010050,2503001,6011000,2503300,6011000,2503300,6011000,2503300,6011000,2503300,6010050,2503001,6010050,2503001,6010050,2503001,,2871,28M1,Miscellaneous 其它调整
CN,5300,Payment,Deduction,Ded/Hou,7,借款扣除,4,Housing Loan Deduction,借款扣除,Housing Loan Deduction,借款扣除,X,,X,X,,,,,,,,,,4.4 Manage Payroll,SME-Payroll,Third Party deductions,Other deduction,,,-,Amount,,,,X,,,,,,Gross,Salary,N,N,N,N,N,N,N,Y,N,N,N,N,N,N,N,N,Not Applicable,,,Payment Amount + Pay Time,,,W,,,R,,,N,N,N,N,Y,N,,,,,,2503300,380230  /  vendor,2503001,380430 /  Vendor,2503001,380430  /  Vendor,2503300,380230  /  Vendor,2503300,380130  /  Vendor,2503300,380430  /  Vendor,2503300,380230  /  Vendor,2503001,380430 /  Vendor,2503001,380430 /  Vendor,2503001,380430 /  Vendor,book to the vendor element,28V5 (2873),28V4 (28M3),Housing Loan Deduction借款扣除
CN,5310,Payment,Deduction,Ded/Uni,7,工会经费个人扣款,8,Deduc union fee,工会经费个人扣款,Deduction Of union fee,工会经费个人扣款,X,,X,X,,,,,,X,,,,4.4 Manage Payroll,SME-Payroll,Third Party deductions,Other deduction,,,-,Amount,,,,X,,,,,,Gross,Salary,N,N,N,N,N,N,N,Y,N,N,N,N,N,N,N,N,Not Applicable,,,Payment Amount + Pay Time (Data upload),,,R,,,W,,,Y,Y,Y,Y,Y,N,,,,,,2503300,2513330,2503001,2513330,2503001,2513330,2503300,2513330,2503300,2513330,2503300,2513330,2503300,2513330,2503001,2513330,2503001,2513330,2503001,2513330,Auto function development,28V6,28V7,Deduction Of union fee工会经费个人扣款
CN,5350,Payment,Others,Adj.BTax,8,其它税前调整,6,Misc. Adj Before Tax,其它税前调整,Misc. Adjustment Before Tax,其它税前调整,X,,X,X,,X,,,,X,,,,4.4 Manage Payroll,SME-Payroll,Others,Others,,,+,Amount,,,,,,,X,,,Gross,Salary,Y,Y,Y,Y,N,N,N,N,Y,Y,Y,N,N,N,N,N,Not Applicable,,,Payment Amount + Pay Time,,,R,,,W,,,Y,Y,Y,Y,Y,Y,,,,,,6011000,2503300,6010050,2503001,6010050,2503001,6011000,2503300,6011000,2503300,6011000,2503300,6011000,2503300,6010050,2503001,6010050,2503001,6010050,2503001,,2871,28M1,Miscellaneous 其它调整
CN,5360,Payment,Others,Adj.ATax,8,其它税后调整,6,Misc. Adj After Tax,其它税后调整,Misc. Adjustment after Tax,其它税后调整,X,,X,X,,X,,,,X,,,,4.4 Manage Payroll,SME-Payroll,Others,Others,,,+,Amount,,,,,,,X,,,Gross,Salary,Y,N,N,N,N,N,N,N,N,Y,N,N,N,N,N,N,Not Applicable,,,Payment Amount + Pay Time,,,R,,,W,,,Y,Y,Y,Y,Y,Y,,,,,,6011000,2503300,6010050,2503001,6010050,2503001,6011000,2503300,6011000,2503300,6011000,2503300,6011000,2503300,6010050,2503001,6010050,2503001,6010050,2503001,,2871,28M1,Miscellaneous 其它调整
CN,5540,Payment,Bonus,Ren.Bon,7,支付留任基金(年度计税),4,Retention-BMS,支付留任基金-BMS,Retention Bonus,支付留任基金,X,,X,X,,,,,,X,,,,4.1 Manage & Administer Rewards,SME-C&B,Variable Payments,Retention Payment,,,+,Amount,,,,,,,X,,,Gross,bonus,Y,Y,Y,Y,N,N,N,N,Y,Y,Y,N,N,N,N,N,Not Applicable,,,Payment Amount,Pay for retention before Y2013-BMS,,W,,,R,,,Y,Y,Y,N,N,N,,,,,,2111504,2503300,2111504,2503001,2111504,2503001,2111504,2503300,2111504,2503300,2111504,2503300,2111504,2503300,2111504,2503001,2111504,2503001,2111504,2503001,,28V8,28V9,Retention Bonus-Cao Jing留任基金
CN,5541,Payment,Bonus,Ren.Bon,7,支付留任基金,4,Retention-BHC/BCS,支付留任基金-BHC/BCS,Retention Bonus,支付留任基金,X,,X,X,,,,,,X,,,,4.1 Manage & Administer Rewards,SME-C&B,Variable Payments,Retention Payment,,,+,Amount,,,,,,,X,,,Gross,Salary,Y,Y,Y,Y,N,N,N,N,Y,Y,Y,N,N,N,N,N,Not Applicable,,,Payment Amount,Pay for retention -BHC/BCS,,W,,,R,,,N,N,N,N,Y,Y,,,,,,2111504,2503300,2111504,2503001,2111504,2503001,2111504,2503300,2111504,2503300,2111504,2503300,2111504,2503300,2111504,2503001,2111504,2503001,2111504,2503001,New,28V8,28V9,Retention Bonus-BHC/BCS留任基金
CN,5542,Payment,Bonus,Ren.Bon,7,支付留任基金,4,Retention-BMS,支付留任基金-BMS,Retention Bonus,支付留任基金,X,,X,X,,,,,,X,,,,4.1 Manage & Administer Rewards,SME-C&B,Variable Payments,Retention Payment,,,+,Amount,,,,,,,X,,,Gross,Salary,Y,Y,Y,Y,N,N,N,N,Y,Y,Y,N,N,N,N,N,Not Applicable,,,Payment Amount,Pay for retention -BMS,,W,,,R,,,N,N,N,N,Y,Y,,,,,,2111504,2503300,2111504,2503001,2111504,2503001,2111504,2503300,2111504,2503300,2111504,2503300,2111504,2503300,2111504,2503001,2111504,2503001,2111504,2503001,New,28V8,28V9,Retention Bonus-BHC/BCS留任基金
CN,5550,Payment,Separation,Compe.B,7,竞业限制补偿金,7,Competition Restri B. ,竞业限制补偿金,Competition Restriction Bonus  ,竞业限制补偿金,X,,X,X,,,,,,X,,,,5.2 Manage Separation,SME-Separation/Retirement,Separation/Retirement related compensation,Severance pay,,,+,Amount,,,,X,,,,,,Gross,偶然所得,N,Y,N,N,N,N,N,N,N,N,N,N,N,N,N,N,Not Applicable,,,Payment Amount + Pay Time,,,R,,,R,W,,Y,Y,Y,Y,Y,Y,,,,,,6011000,2503300,6010050,2503001,6010050,2503001,6011000,2503300,6011000,2503300,6011000,2503300,6011000,2503300,6010050,2503001,6010050,2503001,6010050,2503001,,2883,28N3,Competition Restriction Bonus  竞业限制补偿金
CN,7000,Payment,T&A,In.Atten,8,实习生出勤天数,8,# of Intern's Attendance,实习生出勤天数,Number of Intern's Attendances,实习生出勤天数,,,,,,X,,,,,,,,6.6 Manage Time & Attendance,SME-T&A,Base Pay,Other time related pay,,,+,Days/Amount,,,,X,,,,,,-,-,N,N,N,N,N,N,N,N,N,N,N,N,N,N,N,N,Not Applicable,,,participant days (by T&A team),,,R,W,,R,,,Y,Y,Y,Y,Y,Y,,,,,,-,-,-,-,-,-,-,-,-,-,-,-,-,-,-,-,-,-,-,-,,,,
CN,7100,Payment,T&A,OT/Work,7,加班/工作日,6,OT/Working days (150%),加班薪资/工作日,"Payment for OT on working days
Paid at 150% of personal hourly rate",加班薪资/工作日,X,,X,X,,,,,,X,,,,6.6 Manage Time & Attendance,SME-T&A,Base Pay,Other time related pay,,,+,Hours/Amount,,,,,,,,,,Gross,Salary,Y,Y,N,Y,N,N,N,N,N,N,N,N,N,N,N,Y,With payroll driver,,,,,,R,R,,R,,,Y,Y,Y,Y,Y,Y,,,,,,,,,,,,,,,,,,,,,,,,,,,,,
CN,7101,Payment,T&A,OT/Wkend,8,加班/周末,5,OT/ Weekend (200%),加班薪资/周末,"Payment for OT on weekend
Paid at 200% of personal hourly rate",加班薪资/周末,X,,X,X,,,,,,X,,,,6.6 Manage Time & Attendance,SME-T&A,Base Pay,Other time related pay,,,+,Hours/Amount,,,,,,,,,,Gross,Salary,Y,Y,N,Y,N,N,N,N,N,N,N,N,N,N,N,Y,With payroll driver,,,,,,R,R,,R,,,Y,Y,Y,Y,Y,Y,,,,,,,,,,,,,,,,,,,,,,,,,,,,,
CN,7102,Payment,T&A,OT/PH,5,加班/法定节日,7,OT/Public holiday(300%),加班薪资/法定节日,"Payment for OT on public holidays
Paid at 300% personal hourly rate",加班薪资/法定节日,X,,X,X,,,,,,X,,,,6.6 Manage Time & Attendance,SME-T&A,Base Pay,Other time related pay,,,+,Hours/Amount,,,,,,,,,,Gross,Salary,Y,Y,N,Y,N,N,N,N,N,N,N,N,N,N,N,Y,With payroll driver,,,,,,R,R,,R,,,Y,Y,Y,Y,Y,Y,,,,,,,,,,,,,,,,,,,,,,,,,,,,,
CN,7103,Payment,T&A,OT/Co.H ,7,加班/公司假期,7,OT/Company holiday (150%),加班薪资/公司假期,"Payment for OT on company holidays
Paid at 150% of personal hourly rate",加班薪资/公司假期,X,,X,X,,,,,,X,,,,6.6 Manage Time & Attendance,SME-T&A,Base Pay,Other time related pay,,,+,Hours/Amount,,,,,,,,,,Gross,Salary,Y,Y,N,Y,N,N,N,N,N,N,N,N,N,N,N,Y,With payroll driver,,,,,,R,R,,R,,,Y,Y,Y,Y,Y,Y,,,,,,,,,,,,,,,,,,,,,,,,,,,,,
CN,7104,Payment,T&A,OT/ExcQ,7,加班/综合工时超时,7,OT Pay (Work Day 200%),加班/综合工时超时,Payment for quarterly working hours paid at 200% of personal hourly rate ,加班/综合工时超时,X,,X,X,,,,,,X,,,,6.6 Manage Time & Attendance,SME-T&A,Base Pay,Other time related pay,,,+,Hours/Amount,,,,,,,,,,Gross,Salary,Y,Y,N,Y,N,N,N,N,N,N,N,N,N,N,N,Y,With payroll driver,,,,,,R,R,,R,,,N,N,N,N,N,Y,,,,,,,,,,,,,,,,,,,,,,,,,,,,,
CN,7105,Payment,T&A,OT/Wkend,8,加班/周末 (年补偿）,5,OT/ Weekend (200%)-Annual,加班薪资/周末,"Payment for OT on weekend
Paid at 200% of personal hourly rate",加班薪资/周末,X,,X,X,,,,,,X,,,,6.6 Manage Time & Attendance,SME-T&A,Base Pay,Other time related pay,,,+,Hours/Amount,,,,,,,,,,Gross,Salary,Y,Y,N,Y,N,N,N,N,N,N,N,N,N,N,N,Y,With payroll driver,,,,,,R,R,,R,,,Y,Y,Y,Y,Y,Y,,,,,,,,,,,,,,,,,,,,,,,,,,,,,
CN,7106,Payment,T&A,OT/Co.H ,7,加班/公司假期（年补偿）,7,OT/Company holiday (150%)-Annual,加班薪资/公司假期,"Payment for OT on company holidays
Paid at 150% of personal hourly rate",加班薪资/公司假期,X,,X,X,,,,,,X,,,,6.6 Manage Time & Attendance,SME-T&A,Base Pay,Other time related pay,,,+,Hours/Amount,,,,,,,,,,Gross,Salary,Y,Y,N,Y,N,N,N,N,N,N,N,N,N,N,N,Y,With payroll driver,,,,,,R,R,,R,,,Y,Y,Y,Y,Y,Y,,,,,,,,,,,,,,,,,,,,,,,,,,,,,
CN,7107,Payment,T&A,,7,加班/综合工时超时,6,OT Pay (Excd Comp 150%),加班/综合工时超时,"Payment for OT exceeding standard working hours
Paid at 150% of personal hourly rate",加班/综合工时超时,X,,X,X,,,,,,X,,,,6.6 Manage Time & Attendance,SME-T&A,Base Pay,Other time related pay,,,+,Hours/Amount,,,,,,,,,,Gross,Salary,Y,Y,N,Y,N,N,N,N,N,N,N,N,N,N,N,Y,With payroll driver,,,,,,R,R,,R,,,Y,Y,Y,Y,Y,Y,,,,,,,,,,,,,,,,,,,,,,,,,,,,,
CN,9/73,Payment,T&A,OT total,8,加班/合计,5,OT Payment in Total,加班薪资/合计,Overtime Payment in Total,加班薪资/合计,X,,X,X,,,,,,X,,,,6.6 Manage Time & Attendance,SME-T&A,Base Pay,Other time related pay,,,+,Hours/Amount,,,,,,,,,,Gross,Salary,N,N,N,N,N,N,N,N,N,N,N,N,N,N,N,Y,With payroll driver,,,overtime payment amount (in total),Newly created WT=7100+7101+7102+7103+7104+7110+7105+7106+7107+7127,,R,R,,R,,,Y,Y,Y,Y,Y,Y,,,,,,-,-,-,-,-,-,-,-,-,-,-,-,-,-,-,-,-,-,-,-,,,,
CN,7110,Payment,T&A,OT Adj,6,加班/调整,5,OT Payment Adjustment,加班薪资/调整,Overtime Payment Adjustment,加班薪资/调整,X,,X,X,,,,,,X,,,,6.6 Manage Time & Attendance,SME-T&A,Base Pay,Other time related pay,,,+,Hours/Amount,,,,,,,X,,X,Gross,Salary,Y,Y,Y,Y,N,N,N,N,Y,N,Y,N,N,N,N,Y,With payroll driver,,,mannually input amount,Newly created WT,,R,R,,R,,,Y,Y,Y,Y,Y,Y,,,,,,6011700,2503300,6011700,2503001,6011700,2503001,6011700,2503300,6011700,2503300,6011700,2503300,6011700,2503300,6011700,2503001,6011700,2503001,6011700,2503001,,2885,28N5,Overtime Payment Adjustment加班薪资调整
CN,7120,Payment-Inp,T&A,OT1.5CNY,8,加班(工作日)-本币,10,OT work-day (150%)- N CNY,加班薪资(工作日)-本币,"Net Payment for OT on working days for Inpatriates
Paid at 150% of personal hourly rate",加班薪资(工作日)－本币,X,,,,,,,X,,,,,,6.6 Manage Time & Attendance,SME-T&A,Base Pay,Other time related pay,,,+,Hours/Amount,,,,,,,,,,Net,Salary,Y,Y,N,Y,N,N,N,N,N,N,N,N,N,N,N,Y,With payroll driver,,,automatically calculation,,,R,R,R,R,,,Y,Y,Y,Y,Y,Y,,,,,,,,,,,,,,,,,,,,,,,,,,,,,
CN,7121,Payment-Inp,T&A,OT2CNY,6,加班(周末)-本币,9,OT weekend (200%)-N CNY,加班薪资(周末)-本币,"Net Payment for OT on weekends for Inpatriates
Paid at 200% of personal hourly rate",加班薪资(周末)-本币,X,,,,,,,X,,,,,,6.6 Manage Time & Attendance,SME-T&A,Base Pay,Other time related pay,,,+,Hours/Amount,,,,,,,,,,Net,Salary,Y,Y,N,Y,N,N,N,N,N,N,N,N,N,N,N,Y,With payroll driver,,,automatically calculation,,,R,R,R,R,,,Y,Y,Y,Y,Y,Y,,,,,,,,,,,,,,,,,,,,,,,,,,,,,
CN,7122,Payment-Inp,T&A,OT3CNY,6,加班(法定节日)-本币,11,OT PH (300%)-N CNY,加班薪资(法定节日)-本币,"Net Payment for OT on public holidays for Inpatriates
Paid at 300% of personal hourly rate ",加班薪资(法定节日)-本币,X,,,,,,,X,,,,,,6.6 Manage Time & Attendance,SME-T&A,Base Pay,Other time related pay,,,+,Hours/Amount,,,,,,,,,,Net,Salary,Y,Y,N,Y,N,N,N,N,N,N,N,N,N,N,N,Y,With payroll driver,,,automatically calculation,,,R,R,R,R,,,Y,Y,Y,Y,Y,Y,,,,,,,,,,,,,,,,,,,,,,,,,,,,,
CN,7123,Payment-Inp,T&A,OT0.5CNY,8,加班(公司假期)-本币,11,OT Comp H(50%)-NCNY,加班薪资(公司假期)-本币,"Net Payment for OT on public holidays for Inpatriates
Paid at 50% of personal hourly rate",加班薪资(公司假期)-本币,X,,,,,,,X,,,,,,6.6 Manage Time & Attendance,SME-T&A,Base Pay,Other time related pay,,,+,Hours/Amount,,,,,,,,,,Net,Salary,Y,Y,N,Y,N,N,N,N,N,N,N,N,N,N,N,Y,With payroll driver,,,automatically calculation,,,R,R,R,R,,,Y,Y,Y,Y,Y,Y,,,,,,,,,,,,,,,,,,,,,,,,,,,,,
CN,7125,Payment-Inp,T&A,OT2CNY,6,加班(周末)-本币(年补偿）,9,OT weekend (200%)-N CNY-Annual,加班薪资(周末)-本币,"Net Payment for OT on weekends for Inpatriates
Paid at 200% of personal hourly rate",加班薪资(周末)-本币,X,,,,,,,X,,,,,,6.6 Manage Time & Attendance,SME-T&A,Base Pay,Other time related pay,,,+,Hours/Amount,,,,,,,,,,Net,Salary,Y,Y,N,Y,N,N,N,N,N,N,N,N,N,N,N,Y,With payroll driver,,,automatically calculation,,,R,R,R,R,,,Y,Y,Y,Y,Y,Y,,,,,,,,,,,,,,,,,,,,,,,,,,,,,
CN,7126,Payment-Inp,T&A,OT0.5CNY,8,加班(公司假期)-本币(年补偿）,11,OT Comp H(150%)-NCNY-Annual,加班薪资(公司假期)-本币,"Net Payment for OT on public holidays for Inpatriates
Paid at 50% of personal hourly rate",加班薪资(公司假期)-本币,X,,,,,,,X,,,,,,6.6 Manage Time & Attendance,SME-T&A,Base Pay,Other time related pay,,,+,Hours/Amount,,,,,,,,,,Net,Salary,Y,Y,N,Y,N,N,N,N,N,N,N,N,N,N,N,Y,With payroll driver,,,automatically calculation,,,R,R,R,R,,,Y,Y,Y,Y,Y,Y,,,,,,,,,,,,,,,,,,,,,,,,,,,,,
CN,7124,Payment-Inp,T&A,WH>500,6,加班/综合工时超时-本币,10,OT Compensatory-N CNY,加班/综合工时超时-本币,"Net Payment for comprehesive working hours exceeding hours for Inpatriates
Paid at 200% of personal hourly rate",加班/综合工时超时-本币,X,,,,,,,X,,,,,,6.6 Manage Time & Attendance,SME-T&A,Base Pay,Other time related pay,,,+,Hours/Amount,,,,,,,,,,Net,Salary,Y,Y,N,Y,N,N,N,N,N,N,N,N,N,N,N,Y,With payroll driver,,,automatically calculation,,,R,R,R,R,,,N,N,N,N,N,Y,,,,,,,,,,,,,,,,,,,,,,,,,,,,,
CN,7127,Payment-Inp,T&A,,8,加班/综合工时超时-本币,10,OT Pay (Excd Comp 150%) N,加班/综合工时超时-本币,"Net Payment for OT exceeding standard working hours for Inpatriates
Paid at 150% of personal hourly rate",加班薪资(工作日)－本币,X,,,,,,,X,,,,,,6.6 Manage Time & Attendance,SME-T&A,Base Pay,Other time related pay,,,+,Hours/Amount,,,,,,,,,,Net,Salary,Y,Y,N,Y,N,N,N,N,N,N,N,N,N,N,N,Y,With payroll driver,,,automatically calculation,,,R,R,R,R,,,Y,Y,Y,Y,Y,Y,,,,,,,,,,,,,,,,,,,,,,,,,,,,,
CN,9/74,Payment-Inp,T&A,OTsum,5,加班(合计)-本币,9,OT Pay Total-N CNY,加班薪资(合计)-本币,Overtime Payment in Total,加班薪资(合计)-本币,X,,,,,,,X,,,,,,6.6 Manage Time & Attendance,SME-T&A,Base Pay,Other time related pay,,,+,Hours/Amount,,,,,,,,,,Net,Salary,N,N,N,N,N,N,N,N,N,N,N,N,N,N,N,Y,With payroll driver,,,automatically calculation,,,R,R,R,R,,,Y,Y,Y,Y,Y,Y,,,,,,-,-,-,-,-,-,-,-,-,-,-,-,-,-,-,-,-,-,-,-,,,,
CN,7200,Payment,T&A,Ded/Sick1,9,病假扣除/30%,8,Sick Leave Deduction (30%),病假薪资扣除(30%),Unpaid Sick Leave deduction at 30% of personal daily rate,病假薪资扣除(30%),X,,X,X,,,,,,X,,,,6.6 Manage Time & Attendance,SME-T&A,Base Pay,Other time related pay,,,-,Days/Amount,,,,,,,,,,Gross,Salary,Y,Y,Y,Y,N,Y,N,N,Y,Y,Y,N,N,N,N,Y,With payroll driver,,,,,,R,R,,R,,,Y,Y,Y,Y,Y,Y,,,,,,2503300,6011000,2503001,6010050,2503001,6010050,2503300,6011000,2503300,6011000,2503300,6011000,2503300,6011000,2503001,6010050,2503001,6010050,2503001,6010050,,2886,28N6,Unpaid Sick Leave deduction病假薪资扣除
CN,7201,Payment,T&A,Ded/Sick2,9,病假扣除/50%,8,Sick Leave Deduction (50%),病假薪资扣除(50%),Unpaid Sick Leave deduction at 50% of personal daily rate,病假薪资扣除(50%),X,,X,X,,,,,,X,,,,6.6 Manage Time & Attendance,SME-T&A,Base Pay,Other time related pay,,,-,Days/Amount,,,,,,,,,,Gross,Salary,Y,Y,Y,Y,N,Y,N,N,Y,Y,Y,N,N,N,N,Y,With payroll driver,,,,,,R,R,,R,,,Y,Y,Y,Y,Y,Y,,,,,,2503300,6011000,2503001,6010050,2503001,6010050,2503300,6011000,2503300,6011000,2503300,6011000,2503300,6011000,2503001,6010050,2503001,6010050,2503001,6010050,,2886,28N6,Unpaid Sick Leave deduction病假薪资扣除
CN,7202,Payment,T&A,Ded/Sick3,9,病假扣除/其他,7,Sick Leave Deduction -Oth.,病假薪资扣除(其他),Unpaid Sick Leave Deduction -Others,病假薪资扣除(其他),X,,X,X,,,,,,X,,,,6.6 Manage Time & Attendance,SME-T&A,Base Pay,Other time related pay,,,-,Days/Amount,,,,,,,X,,,Gross,Salary,Y,Y,Y,Y,N,Y,N,N,Y,Y,Y,N,N,N,N,Y,With payroll driver,,,Deduction amount (automatically calculated for local),,,R,R,,R,,,Y,Y,Y,Y,Y,Y,,,,,,2503300,6011000,2503001,6010050,2503001,6010050,2503300,6011000,2503300,6011000,2503300,6011000,2503300,6011000,2503001,6010050,2503001,6010050,2503001,6010050,,2886,28N6,Unpaid Sick Leave deduction病假薪资扣除
CN,7203,Payment,T&A,Ded/Sick4,9,病假扣除/比例,7,Sick Leaves Deduction %,病假扣除(其他扣减比例),Unpaid Sick Leave Deduction on certain percentage,病假扣除(其他扣减比例),X,,X,X,,,,,,X,,,,6.6 Manage Time & Attendance,SME-T&A,Base Pay,Other time related pay,,,-,Days/Amount,,,,X,,,,,,Gross,Salary,N,N,N,Y,N,Y,N,N,N,Y,N,N,N,N,N,Y,With payroll driver,,,deduction %,Newly Created WT,,R,R,,R,,,Y,Y,Y,Y,Y,Y,,,,,,,,,,,,,,,,,,,,,,,,,,,,,
CN,7210,Payment,T&A,Ded/Unp,7,事假扣除,4,Unpaid Leave Deduction,事假薪资扣除,Unpaid Leave deduction at 100% of personal daily rate,事假薪资扣除,X,,X,X,,,,,,X,,,,6.6 Manage Time & Attendance,SME-T&A,Base Pay,Other time related pay,,,-,Days/Amount,,,,,,,,,,Gross,Salary,Y,Y,Y,Y,N,Y,N,N,Y,Y,Y,N,N,N,N,Y,With payroll driver,,,,,,R,R,,R,,,Y,Y,Y,Y,Y,Y,,,,,,2503300,6011000,2503001,6010050,2503001,6010050,2503300,6011000,2503300,6011000,2503300,6011000,2503300,6011000,2503001,6010050,2503001,6010050,2503001,6010050,,2887,28N7,Unpaid Leave deduction 事假薪资扣除
CN,7240,Payment-LHF,T&A,Ded/Hom,7,无薪探亲假,4,Unpaid Homeleave Deduction,无薪探亲假,Unpaid Homeleave Deduction,无薪探亲假,X,,X,X,,,,,,X,,,,6.6 Manage Time & Attendance,SME-T&A,Base Pay,Other time related pay,,,-,Days/Amount,,,,,,,,,,Gross,Salary,Y,Y,Y,Y,N,Y,N,N,Y,Y,Y,N,N,N,N,Y,With payroll driver,,,,,,R,R,,R,,,Y,Y,Y,Y,Y,Y,,,,,,2503300,6011000,2503001,6010050,2503001,6010050,2503300,6011000,2503300,6011000,2503300,6011000,2503300,6011000,2503001,6010050,2503001,6010050,2503001,6010050,,2887,28N7,Unpaid Leave deduction 事假薪资扣除
CN,7220,Payment-Inp,T&A,NPLCNY,6,事假扣除-本币,7,Unpaid Leave Dedu-N CNY,事假薪资扣除-本币,"Unpaid Leave dedution for Inpatriates
Deducted at 100% of personal daily rate",事假薪资扣除-本币,X,,,,,,,X,,,,,,6.6 Manage Time & Attendance,SME-T&A,Base Pay,Other time related pay,,,-,Days/Amount,,,,,,,,,,Net,Salary,Y,Y,Y,N,Y,N,N,Y,Y,Y,Y,N,N,N,N,Y,With payroll driver,,,automatically calculation,,,R,R,R,R,,,Y,Y,Y,Y,Y,Y,,,,,,2503300,6011000,2503001,6010050,2503001,6010050,2503300,6011000,2503300,6011000,2503300,6011000,2503300,6011000,2503001,6010050,2503001,6010050,2503001,6010050,after tax net deduction,2887,28N7,Unpaid Leave deduction 事假薪资扣除
CN,7230,Payment-Inp,T&A,SLCNY1,6,病假扣除-本币,7,Sick L Dedu (30%) -N CNY,病假薪资扣除(30%)-本币,Unpaid Sick Leave deduction for Inpatriates at 30% of personal daily rate,病假薪资扣除(30%)-本币,X,,,,,,,X,,,,,,6.6 Manage Time & Attendance,SME-T&A,Base Pay,Other time related pay,,,-,Days/Amount,,,,,,,X,,,Net,Salary,Y,Y,Y,N,Y,N,N,Y,Y,Y,Y,N,N,N,N,Y,With payroll driver,,,automatically calculation,,,W,,R,R,,,Y,Y,Y,Y,Y,Y,,,,,,2503300,6011000,2503001,6010050,2503001,6010050,2503300,6011000,2503300,6011000,2503300,6011000,2503300,6011000,2503001,6010050,2503001,6010050,2503001,6010050,after tax net deduction,2886,28N6,Unpaid Sick Leave deduction病假薪资扣除
CN,7310,Payment-Inp,T&A,SALCNY,6,年假薪资-本币,7,Statutory AL-Net CNY,年假薪资-本币,Compensation for unused statutory annual leave for inpat,年假薪资-本币,X,,,,,,,X,,,,,,6.6 Manage Time & Attendance,SME-T&A,Base Pay,Other time related pay,,,+,Days/Amount,,,,,,,X,,,Net,Salary,Y,Y,Y,N,Y,N,N,N,Y,Y,Y,N,N,N,N,Y,with payroll driver,,,automatically calculation,,,R,R,R,R,,,Y,Y,Y,Y,Y,Y,,,,,,6020100,2503300,6020100,2503001,6020100,2503001,6020100,2503300,6020100,2503300,6011100,2503300,6020100,2503300,6020100,2503001,6020100,2503001,6020100,2503001,,2888,28N8,Statutory Annual Leave Sal年假薪资
CN,7300,Payment,T&A,Sta.AL,6,年假薪资,4,Statutory Annual Leave Sal,年假薪资,Compensation for unused statutory annual leave,年假薪资,X,,X,X,,,,,,X,,,,6.6 Manage Time & Attendance,SME-T&A,Base Pay,Other time related pay,,,+,Days/Amount,,,,,,,X,,,Gross,Salary,Y,Y,Y,Y,N,N,N,N,Y,Y,Y,N,N,N,N,Y,With payroll driver,,,,,,R,R,,R,,,Y,Y,Y,Y,Y,Y,,,,,,6020100,2503300,6020100,2503001,6020100,2503001,6020100,2503300,6020100,2503300,6011100,2503300,6020100,2503300,6020100,2503001,6020100,2503001,6020100,2503001,,2888,28N8,Statutory Annual Leave Sal年假薪资
CN,7410,Payment,Allowance,All/Shi,7,倒班津贴,4,Shift Allowance,倒班津贴,Shift Allowance,倒班津贴,X,,X,X,,X,,,,X,,,,6.6 Manage Time & Attendance,SME-T&A,Base Pay,Other time related pay,,,+,Amount,,,,,,,,,,Gross,Salary,Y,Y,N,Y,N,N,N,N,N,Y,N,N,N,N,N,Y,With payroll driver,,,,,,R,W,,R,,,N,Y,N,N,Y,Y,,,,,,,,,,,,,,,,,,,,,,,,,,,,,
CN,7411,Payment,Allowance,All/Shi,7,倒班津贴,4,Shift Allowance (Trans.),倒班津贴,Shift Allowance,倒班津贴,X,,X,X,,,,,,X,,,,6.6 Manage Time & Attendance,SME-T&A,Base Pay,Other time related pay,,,+,Amount,,,,,,,,,,Gross,Salary,Y,Y,N,Y,N,N,N,N,N,Y,N,N,N,N,N,Y,With payroll driver,,,,,,R,W,,R,,,N,Y,N,N,Y,Y,,,,,,,,,,,,,,,,,,,,,,,,,,,,,
CN,7412,Payment,Allowance,All/Shi,7,倒班津贴,4,Shift Allowance (BMSC),倒班津贴 (BMSC),Shift Allowance,倒班津贴,X,,X,X,,,,,,X,,,,6.6 Manage Time & Attendance,SME-T&A,Base Pay,Other time related pay,,,+,Amount,,,,,,,,,,Gross,Salary,Y,Y,N,Y,N,N,N,N,N,Y,N,N,N,N,N,Y,With payroll driver,,,,,,R,W,,R,,,N,Y,N,N,Y,Y,,,,,,,,,,,,,,,,,,,,,,,,,,,,,
CN,2100,Payment,Allowance,All/Pos,7,倒班主管津贴,4,Shift Supr. Premium,倒班主管津贴,Position Allowance for shift supervisor,倒班主管津贴,X,,X,X,,,,,,,,,,4.1 Manage & Administer Rewards,SME-C&B,Base Pay,Other job related pay,,,+,Amount,,,,,,,X,,,Gross,Salary,Y,Y,Y,Y,N,N,N,N,Y,Y,Y,N,N,N,N,N,Not Applicable,,,Payment amount,newly created WT,,W,,,R,,,Y,Y,Y,Y,Y,Y,,,,,,6011000,2503300,6011600,2503001,6011600,2503001,6011000,2503300,6011540,2503300,6011600,2503300,6011000,2503300,6011600,2503001,6011600,2503001,6011600,2503001,,282M,28N9,Shift Allowance倒班津贴
CN,2091,Payment,Allowance,All/Mel,7,用餐津贴,4,Meal. Allow Payout ,用餐津贴,Meal Allowance Payout Amount,用餐津贴,X,,X,X,,X,,,,X,X,,,4.1 Manage & Administer Rewards,SME-C&B,Base Pay,Other job related pay,,,+,Amount,,,,,,,X,,,Gross,Salary,Y,Y,Y,Y,N,N,N,N,Y,Y,Y,N,N,N,N,Y,"Report before payroll run,result save to IT15",,, payment amount (0015:automatically calculation),newly created WT,,W,,,R,,,Y,N,N,N,Y,Y,,,,,,6011000,2503300,6010050,2503001,6010050,2503001,6011000,2503300,6023520,2503300,6011000,2503300,6011000,2503300,6010050,2503001,6010050,2503001,6010050,2503001,,282N,28N2,Meal. Allow Payout用餐津贴
CN,2090,store,Allowance,Nor/Mel,7,用餐津贴基数,6,Meal Allowance standard,用餐津贴基数,Meal Allowance standard,用餐津贴基数,X,,X,X,,X,,,,X,X,,,4.1 Manage & Administer Rewards,SME-C&B,Base Pay,Other job related pay,,,+,Amount,,,,X,X,,,,,Gross,-,N,N,N,N,N,N,N,N,N,N,N,N,N,N,N,N,Not Applicable,,,"eligibility (9770), standard amount, ",newly created WT,W,W,,,R,,,Y,N,N,N,Y,Y,,,,,,-,-,-,-,-,-,-,-,-,-,-,-,-,-,-,-,-,-,-,-,,,,
CN,7420,Payment,Allowance,All/Cal,7,备岗津贴,4,On Call Duty Allowance,备岗津贴,On Call Duty Allowance,备岗津贴,X,,X,X,,,,,,,,,,6.6 Manage Time & Attendance,SME-T&A,Base Pay,Other time related pay,,,+,Days/Amount,,,,,,,,,,Gross,Salary,Y,Y,Y,Y,N,N,N,N,Y,Y,Y,N,N,N,N,Y,With payroll driver,,,,,,R,W,,R,,,Y,N,N,N,N,N,,,,,,6011000,2503300,6010050,2503001,6010050,2503001,6011000,2503300,6011540,2503300,6011000,2503300,6011000,2503300,6010050,2503001,6010050,2503001,6010050,2503001,,282P,28P0,On Call Duty Allowance备岗津贴
CN,7430,Payment,Bonus,Ful.B,5,全勤奖,3,Full Attendance Bonus,全勤奖,Full Attendance Bonus,全勤奖,X,,X,X,,,,,,,,,,4.1 Manage & Administer Rewards,SME-C&B,Base Pay,Other time related pay,,,+,Amount,,,,X,,,,,,Gross,Salary,,,,Y,N,N,N,N,,Y,,N,N,N,N,Y,With payroll driver,,,automatically calculation,,,W,,,R,,,Y,Y,Y,Y,Y,Y,,,,,,,,,,,,,,,,,,,,,,,,,,,,,
CN,/101,Auto-calculate,,Gincome,7,税前收入合计,6,Gross Income,税前收入合计,Gross Income,税前收入合计,X,,,,,,,,,,,,,4.4 Manage Payroll,SME-Payroll,,,,,,,,,,,,,,,,,,,,,,,,,,,,,,,,,, ,,,automatically calculation,,,R,,,R,,,,,,,,,,,,,,-,-,-,-,-,-,-,-,-,-,-,-,-,-,-,-,-,-,-,-,,,,
CN,/104,Auto-calculate,,TNinco,6,净收入合计,5,Total Net Income,净收入合计,Total Net Income,净收入合计,X,,,,,,,,,,,,,4.4 Manage Payroll,SME-Payroll,,,,,,,,,,,,,,,,,,,,,,,,,,,,,,,,,, ,,,automatically calculation,,,R,,,R,,,,,,,,,,,,,,-,-,-,-,-,-,-,-,-,-,-,-,-,-,-,-,-,-,-,-,,,,
CN,/403,Auto-calculate,,Tax.sal,7,个人所得税(薪资),9,Tax for salary,个人所得税(薪资),Tax for salary,个人所得税(薪资),,,,,,,,,,,,,,4.4 Manage Payroll,SME-Payroll,,,,,,,,,,,,,,,,,,,,,,,,,,,,,,,,,, ,,,automatically calculation,,,R,,,R,,,,,,,,,,,,,,2503300,2450710,2503001,2450220,2503001,2450220,2503300,2450710,2503300,2450150,2503300,2450150,2503300,2450150,2503001,2450220,2503001,2450220,2503001,2450220,,28W8,28FA,Income Tax个人所得税
CN,/404,Auto-calculate,,Tax.bon,7,个人所得税(奖金),9,Tax for Bonus,个人所得税(奖金),Tax for Bonus,个人所得税(奖金),,,,,,,,,,,,,,4.4 Manage Payroll,SME-Payroll,,,,,,,,,,,,,,,,,,,,,,,,,,,,,,,,,, ,,,automatically calculation,,,R,,,R,,,,,,,,,,,,,,2503300,2450710,2503001,2450220,2503001,2450220,2503300,2450710,2503300,2450150,2503300,2450150,2503300,2450150,2503001,2450220,2503001,2450220,2503001,2450220,,28W8,28FA,Income Tax个人所得税
CN,/405,Auto-calculate,,Tax.ER,6,个人所得税(公司承担),11,Tax_ by ER,个人所得税(公司承担),Tax-(Borne by company),个人所得税(公司承担),,,,,,,,,,,,,,4.4 Manage Payroll,SME-Payroll,,,,,,,,,,,,,,,,,,,,,,,,,,,,,,,,,, ,,,automatically calculation,,,R,,,R,,,,,,,,,,,,,,6011000,2450710,6010050,2450220,6010050,2450220,6011000,2450710,6011000,2450150,6011000,2450150,6011000,2450150,6010050,2450220,6010050,2450220,6010050,2450220,,2895,28FC,Tax_ by ER 个人所得税(公司承担)
CN,/406,Tax from bonus(PaidByER),,,,个人所得税-奖金(公司承担),,Tax from bonus(PaidByER),,,,,,,,,,,,,,,,,,,,,,,,,,,,,,,,,,,,,,,,,,,,,,,,,,,,,,,,,,,,,,,,,,,,,,,,,,,6011500,2450710,6010400,2450220,6010400,2450220,6011500,2450710,6011500,2450150,6011500,2450150,6011500,2450150,6010400,2450220,6010400,2450220,6010400,2450220,,2896,28FD,Tax Bonus(PaidByER) 个人所得税-奖金(公司承担)
CN,/408,Auto-calculate,,TaxSeve,7,个人所得税(经济补偿金),12,Tax for severance,个人所得税(经济补偿金),Tax for severance,个人所得税(经济补偿金),,,,,,,,,,,,,,4.4 Manage Payroll,SME-Payroll,,,,,,,,,,,,,,,,,,,,,,,,,,,,,,,,,, ,,,automatically calculation,,,R,,,R,,,,,,,,,,,,,,2503300,2450710,2503001,2450220,2503001,2450220,2503300,2450710,2503300,2450150,2503300,2450150,2503300,2450150,2503001,2450220,2503001,2450220,2503001,2450220,,28W8,28FA,Income Tax个人所得税
CN,/550,Auto-calculate,,Ninco1,6,净收入(工资),7,Net Income_salary,净收入(工资),Net Income for salary,净收入(工资),,,,,,,,,,,,,,4.4 Manage Payroll,SME-Payroll,,,,,,,,,,,,,,,,,,,,,,,,,,,,,,,,,, ,,,automatically calculation,,,R,,,R,,,,,,,,,,,,,,-,-,-,-,-,-,-,-,-,-,-,-,-,-,-,-,-,-,-,-,,,,
CN,/I01,Payment,Separation,Sev.Pay,7,应税经济补偿金,7,Severance Pay (/I01),应税经济补偿金,Severance Pay,应税经济补偿金,X,,X,X,,,,,,X,,,,5.2 Manage Separation,SME-Separation/Retirement,Separation/Retirement related compensation,Severance pay,,,+,Amount,,,,,,,,,,Gross,Severance Pay,N,Y,N,N,N,N,N,N,N,N,N,N,N,N,N,Y,Test Calculation,,,amount,,,R,,,R,W,,Y,Y,Y,Y,Y,Y,,,,,,6011000,2503300,6010050,2503001,6010050,2503001,6011000,2503300,6039100,2503300,6011000,2503300,6011000,2503300,6010050,2503001,6010050,2503001,6010050,2503001,,2892,28P2,Severance Pay应税经济补偿金
CN,9/01,Auto-calculate,,Ttax,4,个人所得税合计,7,Total Tax,个人所得税合计,Total Tax,个人所得税合计,X,,,,,,,,,,,,,4.4 Manage Payroll,SME-Payroll,,,,,,,,,,,,,,,,,,,,,,,,,,,,,,,,,, ,,,automatically calculation,,,R,,,R,,,,,,,,,,,,,,-,-,-,-,-,-,-,-,-,-,-,-,-,-,-,-,-,-,-,-,,,,
CN,9/21,Auto-calculate,,Avsal1,6,上年月平均工资,7,Average sal. last year,上年月平均工资,Annual salary for last year (Calendar year),上年月平均工资,X,,,,,,,,,,,,,4.4 Manage Payroll,SME-Payroll,,,,,,,,,,,,,,,,,,,,,,,,,,,,,,,,,, ,,,automatically calculation,,,R,,,R,,,,,,,,,,,,,,-,-,-,-,-,-,-,-,-,-,-,-,-,-,-,-,-,-,-,-,,,,
CN,9/22,Auto-calculate,,Avsal2,6,近12个月平均工资(法定年假),15,Average sal_Statutory AL,近12个月平均工资(计算法定年假),Annual salary for Statutory Leave (previous 12 months),近12个月平均工资(计算法定年假),,,,,,,,,,,,,,4.4 Manage Payroll,SME-Payroll,,,,,,,,,,,,,,,,,,,,,,,,,,,,,,,,,, ,,,automatically calculation,,,R,,,R,R,,,,,,,,,,,,,-,-,-,-,-,-,-,-,-,-,-,-,-,-,-,-,-,-,-,-,,,,
CN,9/23,Auto-calculate,,Avsal3,6,近12个月平均工资(经济补偿金),16,Average sal_Severance,近12个月平均工资(计算经济补偿金),Annual salary for Severance (previous 12 months),近12个月平均工资(计算经济补偿金),,,,,,,,,,,,,,4.4 Manage Payroll,SME-Payroll,,,,,,,,,,,,,,,,,,,,,,,,,,,,,,,,,, ,,,automatically calculation,,,R,,,R,R,,,,,,,,,,,,,-,-,-,-,-,-,-,-,-,-,-,-,-,-,-,-,-,-,-,-,,,,
CN,/362,Payment,Social Security,PHF EE,6,住房公积金个人,,PHF EE Actual,,,,,,,,,,,,,,,,,,,,,,,,,,,,,,,,,,,,,,,,,,,,,,,,,,,,,,,,,,,,,,,,,,,,,,,,,,,2503300,2513365,2503001,2513365,2503001,2513365,2503300,2513365,2503300,2513365,2503300,2513365,2503300,2513365,2503001,2513365,2503001,2513365,2503001,2513365,,28U4,28U5,Housing Fund employee contribution住房公积金个人部分
CN,/363,Payment,Social Security,PHF ER,6,住房公积金公司,,PHF ER Actual,,,,,,,,,,,,,,,,,,,,,,,,,,,,,,,,,,,,,,,,,,,,,,,,,,,,,,,,,,,,,,,,,,,,,,,,,,,6020340,2513365,6020340,2513365,6020340,2513365,6020340,2513365,6020340,2513365,6020340,2513365,6020340,2513365,6020340,2513365,6020340,2513365,6020340,2513365,,2817,28G7,Housing Fund company contribution住房公积金公司部分
CN,/313,Payment,Social Security,Pen EE,6,养老金个人,,PI EE Actual,,,,,,,,,,,,,,,,,,,,,,,,,,,,,,,,,,,,,,,,,,,,,,,,,,,,,,,,,,,,,,,,,,,,,,,,,,,2503300,2513215,2503001,2513215,2503001,2513215,2503300,2513215,2503300,2513215,2503300,2513215,2503300,2513215,2503001,2513215,2503001,2513215,2503001,2513215,,28U2,28U3,Pension employee contribution养老金个人部分
CN,/314,Payment,Social Security,Pen ER,6,养老金公司,,PI ER Actual,,,,,,,,,,,,,,,,,,,,,,,,,,,,,,,,,,,,,,,,,,,,,,,,,,,,,,,,,,,,,,,,,,,,,,,,,,,6020360,2513215,6020360,2513215,6020360,2513215,6020360,2513215,6020360,2513215,6020360,2513215,6020360,2513215,6020360,2513215,6020360,2513215,6020360,2513215,,2815,28G5,Pension company contribution养老金公司部分
CN,/323,Payment,Social Security,Unem EE,7,失业个人,,UI EE Actual,,,,,,,,,,,,,,,,,,,,,,,,,,,,,,,,,,,,,,,,,,,,,,,,,,,,,,,,,,,,,,,,,,,,,,,,,,,2503300,2513320,2503001,2513320,2503001,2513320,2503300,2513320,2503300,2513320,2503300,2513320,2503300,2513320,2503001,2513320,2503001,2513320,2503001,2513320,,28U8,28U9,Unemployment EE失业个人部分
CN,/324,Payment,Social Security,Unem ER,7,失业公司,,UI ER Actual,,,,,,,,,,,,,,,,,,,,,,,,,,,,,,,,,,,,,,,,,,,,,,,,,,,,,,,,,,,,,,,,,,,,,,,,,,,6020220,2513320,6020220,2513320,6020220,2513320,6020220,2513320,6020220,2513320,6020220,2513320,6020220,2513320,6020220,2513320,6020220,2513320,6020220,2513320,,2821,28H1,Unemployment ER失业公司部分
CN,/333,Payment,Social Security,Med EE,6,医疗保险个人,,MI EE Actual,,,,,,,,,,,,,,,,,,,,,,,,,,,,,,,,,,,,,,,,,,,,,,,,,,,,,,,,,,,,,,,,,,,,,,,,,,,2503300,2513130,2503001,2513130,2503001,2513130,2503300,2513130,2503300,2513130,2503300,2513130,2503300,2513130,2503001,2513130,2503001,2513130,2503001,2513130,,28V0,28V1,Medical EE医疗保险个人部分
CN,/334,Payment,Social Security,Med ER,6,医疗保险公司,,MI ER Actual,,,,,,,,,,,,,,,,,,,,,,,,,,,,,,,,,,,,,,,,,,,,,,,,,,,,,,,,,,,,,,,,,,,,,,,,,,,6022200,2513130,6022200,2513130,6022200,2513130,6022200,2513130,6022200,2513130,6022200,2513130,6022200,2513130,6022200,2513130,6022200,2513130,6022200,2513130,,2823,28H3,Medical ER医疗保险公司部分
CN,/344,Payment,Social Security,Inj ER,6,工伤保险公司,,II ER Actual,,,,,,,,,,,,,,,,,,,,,,,,,,,,,,,,,,,,,,,,,,,,,,,,,,,,,,,,,,,,,,,,,,,,,,,,,,,6022130,2513140,6022130,2513140,6022130,2513140,6022130,2513140,6022130,2513140,6022130,2513140,6022130,2513140,6022130,2513140,6022130,2513140,6022130,2513140,,2825,28H5,Injury ER工伤保险公司部分
CN,/354,Payment,Social Security,Mat ER,6,生育保险公司,,BI ER Actual,,,,,,,,,,,,,,,,,,,,,,,,,,,,,,,,,,,,,,,,,,,,,,,,,,,,,,,,,,,,,,,,,,,,,,,,,,,6022300,2513375,6022300,2513375,6022300,2513375,6022300,2513375,6022100,2513375,6022300,2513375,6022300,2513375,6022300,2513375,6022300,2513375,6022300,2513375,,2826,28H6,Maternity ER生育保险公司部分
CN,9/31,Auto-calculate,Social Security,SPHF EE,7,补充住房公积金个人部分,7,Supple. PHF EE,补充住房公积金个人部分,Adjusted Supplementary Housing Fund employee contribution,补充住房公积金个人部分,,,,,,,,,,,,,,,,,,,,,,,,,,,,,,,,,,,,,,,,,,,,,,,,,,,,,,,,,,,,,,,,,,,,,,,,,,-,-,-,-,-,-,-,-,-,-,-,-,-,-,-,-,-,-,,,,
CN,9/32,Auto-calculate,Social Security,SPHF ER,7,补充住房公积金公司部分,7,Supple. PHF ER,补充住房公积金公司部分,Supplementary Housing Fund company contribution,补充住房公积金公司部分,,,,,,,,,,,,,,,,,,,,,,,,,,,,,,,,,,,,,,,,,,,,,,,,,,,,,,,,,,,,,,,,,,,,,,,,,,-,-,-,-,-,-,-,-,-,-,-,-,-,-,-,-,-,-,,,,
CN,9/33,Auto-calculate,Social Security,SPHF EE,7,补充住房公积金个人部分,7,Supple. PHF EE,补充住房公积金个人部分,Adjusted Supplementary Housing Fund employee contribution,补充住房公积金个人部分,,,,,,,,,,,,,,,,,,,,,,,,,,,,,,,,,,,,,,,,,,,,,,,,,,,,,,,,,,,,,,,,,,,,,,,,2503300,2513365,2503001,2513365,2503001,2513365,2503300,2513365,2503300,2513365,2503300,2513365,2503300,2513365,2503001,2513365,2503001,2513365,2503001,2513365,,28U6,28U7,Supple. PHF EE补充住房公积金个人部分
CN,9/34,Auto-calculate,Social Security,SPHF ER,7,补充住房公积金公司部分,7,Supple. PHF ER,补充住房公积金公司部分,Supplementary Housing Fund company contribution,补充住房公积金公司部分,,,,,,,,,,,,,,,,,,,,,,,,,,,,,,,,,,,,,,,,,,,,,,,,,,,,,,,,,,,,,,,,,,,,,,,,6020340,2513365,6020340,2513365,6020340,2513365,6020340,2513365,6020340,2513365,6020340,2513365,6020340,2513365,6020340,2513365,6020340,2513365,6020340,2513365,,2819,28G9,Supple. PHF ER补充住房公积金公司部分
CN,9/41,Auto-calculate,Social Security,SI/DisEE,8,残保金个人部分,5,Disabled Guarantee EE,残保金个人部分,Employment Guarantee Fund for the disabled employee contribution,残保金个人部分,,,,,,,,,,,,,,,,,,,,,,,,,,,,,,,,,,,,,,,,,,,,,,,,,,,,,,,,,,,,,,,,,,,,,,,,2503300,2513215,2503001,2513215,2503001,2513215,2503300,2513215,2503300,2513215,2503300,2513215,2503300,2513215,2503001,2513215,2503001,2513215,2503001,2513215,,28V2,28V3,Disabled Guarantee EE残保金个人部分
CN,9/42,Auto-calculate,Social Security,SI/DisER,8,残保金公司部分,5,Disabled Guarantee ER ,残保金公司部分,Employment Guarantee Fund for the disabled company contribution,残保金公司部分,,,,,,,,,,,,,,,,,,,,,,,,,,,,,,,,,,,,,,,,,,,,,,,,,,,,,,,,,,,,,,,,,,,,,,,,6020360,2513215,6020360,2513215,6020360,2513215,6020360,2513215,6020360,2513215,6020360,2513215,6020360,2513215,6020360,2513215,6020360,2513215,6020360,2513215,,2828,28H8,Disabled Guarantee ER 残保金公司部分
CN,9/44,Auto-calculate,Social Security,Heat ER,7,取暖补贴公司部分,6,Heating Subsidies,取暖补贴公司部分,Heating Subsidies company contribution,取暖补贴公司部分,,,,,,,,,,,,,,,,,,,,,,,,,,,,,,,,,,,,,,,,,,,,,,,,,,,,,,,,,,,,,,,,,,,,,,,,6020360,2513215,6020360,2513215,6020360,2513215,6020360,2513215,6020360,2513215,6020360,2513215,6020360,2513215,6020360,2513215,6020360,2513215,6020360,2513215,,2827,28H7,Heating Subsidies取暖补贴公司部分
CN,9/46,Auto-calculate,Social Security,SI/UniER,8,工会经费/其他,7,Union funds ER,工会经费公司部分/其他,Trade union funds company contribution-government,工会经费公司部分/其他,,,,,,,,,,,,,,,,,,,,,,,,,,,,,,,,,,,,,,,,,,,,,,,,,,,,,,,,,,,,,,,,,,,,,,,,6023100,2513330,6039300,2513330,6039300,2513330,6023100,2513330,6023100,2513330,6022600,2513330,6023100,2513330,6039300,2513330,6039300,2513330,6039300,2513330,,2830,28i0,Union funds ER工会经费公司部分
CN,9/48,Auto-calculate,Social Security,SI/EduER,8,教育经费公司部分,6,Education Fund ER,教育经费公司部分,Education Fund company contribution,教育经费公司部分,,,,,,,,,,,,,,,,,,,,,,,,,,,,,,,,,,,,,,,,,,,,,,,,,,,,,,,,,,,,,,,,,,,,,,,,,,-,-,-,-,-,-,-,-,-,-,-,-,-,-,-,-,-,-,,,,
CN,9/52,Auto-calculate,Social Security,SI/Over,7,社保滞纳金,,Overdue fine,社保滞纳金,Overdue fine,社保滞纳金,,,,,,,,,,,,,,,,,,,,,,,,,,,,,,,,,,,,,,,,,,,,,,,,,,,,,,,,,,,,,,,,,,,,,,,,6704000,2563500,6704000,2563500,6704000,2563500,6704000,2563500,6704000,2563500,6704000,2563500,6704000,2563500,6704000,2563500,6704000,2563500,6704000,2563500,,2832,28i2,Overdue fine社保滞纳金
CN,9/54,Auto-calculate,Social Security,SI/Char,7,工本费,3,Handling charge fee,工本费,Handling charge fee from social security authority,工本费,,,,,,,,,,,,,,,,,,,,,,,,,,,,,,,,,,,,,,,,,,,,,,,,,,,,,,,,,,,,,,,,,,,,,,,,6704000,2563500,6704000,2563500,6704000,2563500,6704000,2563500,6704000,2563500,6704000,2563500,6704000,2563500,6704000,2563500,6704000,2563500,6704000,2563500,,2833,28i3,Handling charge fee from social security authority工本费
CN,9/56,Auto-calculate,Social Security,Ser.Fee,7,外服服务费,5,3rd Party Service Fee,外服服务费,3rd Party Service Fee,外服服务费,,,,,,,,,,,,,,,,,,,,,,,,,,,,,,,,,,,,,,,,,,,,,,,,,,,,,,,,,,,,,,,,,,,,,,,,6704000,2563500,6704000,2563500,6704000,2563500,6704000,2563500,6704000,2563500,6704000,2563500,6704000,2563500,6704000,2563500,6704000,2563500,6704000,2563500,,2834,28i4,3rd Party Service Fee外服服务费
CN,9/65,Payment,Bonus,Ful.B,5,全勤奖,3,Full Attendance Bonus,全勤奖,Full Attendance Bonus,全勤奖,X,,X,X,,,,,,,,,,4.1 Manage & Administer Rewards,SME-C&B,Base Pay,Other time related pay,,,+,Amount,,,,X,,,X,,,Gross,Salary,Y,Y,Y,Y,N,N,N,N,Y,Y,Y,N,N,N,N,Y,With payroll driver,,,automatically calculation,,,W,,,R,,,Y,Y,Y,Y,Y,Y,,,,,,6011500,2503300,6010400,2503001,6010400,2503001,6011500,2503300,6011500,2503300,6011500,2503300,6011500,2503300,6010400,2503001,6010400,2503001,6010400,2503001,,2891,28P1,Full Attendance Bonus全勤奖
CN,9/70,Auto-calculate,Allowance,All/Shi,7,倒班津贴,4,Shift Allowance,倒班津贴,Shift Allowance(Total),倒班津贴,X,,,,,,,,,,,,,4.4 Manage Payroll,SME-Payroll,,,,,,,,,,,,,,,,,,,,Y,Y,N,N,N,N,Y,Y,Y,,,,,, ,,,automatically calculation,,,R,,,R,,,,,,,,,,,,,,6011000,2503300,6011600,2503001,6011600,2503001,6011000,2503300,6011540,2503300,6011600,2503300,6011000,2503300,6011600,2503001,6011600,2503001,6011600,2503001,"Forintern,manual input value",282M,28N9,Shift Allowance倒班津贴
CN,9/71,Auto-calculate,Allowance,All/Shi,7,倒班津贴(Trans),4,Shift Allowance(Trans),倒班津贴(Trans),Shift Allowance(Transit from pre. Mon),,X,,,,,,,,,,,,,4.4 Manage Payroll,SME-Payroll,,,,,,,,,,,,,,,,,,,,,,,,,,,,,,,,,, ,,,automatically calculation,,,R,,,R,R,,,,,,,,,,,,,,,-,-,-,-,-,-,-,-,-,-,-,-,-,-,-,-,-,-,,,,
CN,9/72,Auto-calculate,Allowance,All/Shi,7,倒班津贴(BMSC),4,Shift Allowance(BMSC),倒班津贴(BMSC),Shift Allowance(Total),倒班津贴,X,,,,,,,,,,,,,4.4 Manage Payroll,SME-Payroll,,,,,,,,,,,,,,,,,,,,Y,Y,N,N,N,N,Y,Y,Y,Y,,,, ,,,,automatically calculation,,,R,,,,R,,,,,,,,,,,,,6011000,2503300,6011600,2503001,6011600,2503001,6011000,2503300,6011540,2503300,6011600,2503300,6011000,2503300,6011600,2503001,6011600,2503001,6011600,2503001,,282M,28N9,Shift Allowance倒班津贴
Coment Missing,9/75,Auto-calculate,T&A,,,加班/工作日,6,OT/Working days (150%),加班/工作日,,,,,,,,,,,,,,,,,,,,,,,,,,,,,,,,,,,,,Y,Y,N,N,N,N,Y,N,Y,,,,,,,,,,,,,,,,,,,,,,,,,,,,,6011700,2503300,6011700,2503001,6011700,2503001,6011700,2503300,6011700,2503300,6011700,2503300,6011700,2503300,6011700,2503001,6011700,2503001,6011700,2503001,,2884,28N4,"OT salary 加班工资
"
Coment Missing,9/76,Auto-calculate,T&A,,,加班/周末,5,OT/ Weekend (200%),加班/周末,,,,,,,,,,,,,,,,,,,,,,,,,,,,,,,,,,,,,Y,Y,N,N,N,N,Y,N,Y,,,,,,,,,,,,,,,,,,,,,,,,,,,,,6011700,2503300,6011700,2503001,6011700,2503001,6011700,2503300,6011700,2503300,6011700,2503300,6011700,2503300,6011700,2503001,6011700,2503001,6011700,2503001,,2884,28N4,"OT salary 加班工资
"
Coment Missing,9/77,Auto-calculate,T&A,,,加班/法定节日,7,OT/Public holiday(300%),加班/法定节日,,,,,,,,,,,,,,,,,,,,,,,,,,,,,,,,,,,,,Y,Y,N,N,N,N,Y,N,Y,,,,,,,,,,,,,,,,,,,,,,,,,,,,,6011700,2503300,6011700,2503001,6011700,2503001,6011700,2503300,6011700,2503300,6011700,2503300,6011700,2503300,6011700,2503001,6011700,2503001,6011700,2503001,,2884,28N4,"OT salary 加班工资
"
CN,9/78,Auto-calculate,T&A,OT/Co.H,,加班/公司假期,7,OT Pay (Com. H 150%),,,,,,,,,,,,,,,,,,,,,,,,,,,,,,,,,,,,,,Y,Y,N,N,N,N,Y,N,Y,,,,,,,,,,,,,,,,,,,,,,,,,,,,,6011700,2503300,6011700,2503001,6011700,2503001,6011700,2503300,6011700,2503300,6011700,2503300,6011700,2503300,6011700,2503001,6011700,2503001,6011700,2503001,,2884,28N4,"OT salary 加班工资
"
CN,9/79,Auto-calculate,T&A,,,加班/综合工时超时,9,OT Pay (Work Day 200%),,,,,,,,,,,,,,,,,,,,,,,,,,,,,,,,,,,,,,Y,Y,N,N,N,N,Y,N,Y,,,,,,,,,,,,,,,,,,,,,,,,,,,,,6011700,2503300,6011700,2503001,6011700,2503001,6011700,2503300,6011700,2503300,6011700,2503300,6011700,2503300,6011700,2503001,6011700,2503001,6011700,2503001,,2884,28N4,"OT salary 加班工资
"
CN,9/80,Auto-calculate,T&A,,,加班/周末 (年补偿),11,OT Lv.Comp(Wend/Off 200%),,,,,,,,,,,,,,,,,,,,,,,,,,,,,,,,,,,,,,Y,Y,N,N,N,N,Y,N,Y,,,,,,,,,,,,,,,,,,,,,,,,,,,,,6011700,2503300,6011700,2503001,6011700,2503001,6011700,2503300,6011700,2503300,6011700,2503300,6011700,2503300,6011700,2503001,6011700,2503001,6011700,2503001,,2884,28N4,"OT salary 加班工资
"
CN,9/81,Auto-calculate,T&A,,,加班/公司假期（年补偿）,12,OT Lv.Comp(Com.H 150%),,,,,,,,,,,,,,,,,,,,,,,,,,,,,,,,,,,,,,Y,Y,N,N,N,N,Y,N,Y,,,,,,,,,,,,,,,,,,,,,,,,,,,,,6011700,2503300,6011700,2503001,6011700,2503001,6011700,2503300,6011700,2503300,6011700,2503300,6011700,2503300,6011700,2503001,6011700,2503001,6011700,2503001,,2884,28N4,"OT salary 加班工资
"
CN,9/82,Auto-calculate,T&A,OT1.5CNY,8,加班(工作日)-本币,10,OT work-day (150%)- N CNY,加班(工作日)-本币,,,,,,,,,,,,,,,,,,,,,,,,,,,,,,,,,,,,,Y,N,Y,N,N,N,Y,Y,Y,,,,,,,,,,,,,,,,,,,,,,,,,,,,,6011700,2503300,6011700,2503001,6011700,2503001,6011700,2503300,6011700,2503300,6011700,2503300,6011700,2503300,6011700,2503001,6011700,2503001,6011700,2503001,,2884,28N4,"OT salary 加班工资
"
CN,9/83,Auto-calculate,T&A,OT2CNY,6,加班(周末)-本币,9,OT weekend (200%)-N CNY,加班(周末)-本币,,,,,,,,,,,,,,,,,,,,,,,,,,,,,,,,,,,,,Y,N,Y,N,N,N,Y,Y,Y,,,,,,,,,,,,,,,,,,,,,,,,,,,,,6011700,2503300,6011700,2503001,6011700,2503001,6011700,2503300,6011700,2503300,6011700,2503300,6011700,2503300,6011700,2503001,6011700,2503001,6011700,2503001,,2884,28N4,"OT salary 加班工资
"
CN,9/84,Auto-calculate,T&A,OT3CNY,6,加班(法定节日)-本币,11,OT PH (300%)-N CNY,加班(法定节日)-本币,,,,,,,,,,,,,,,,,,,,,,,,,,,,,,,,,,,,,Y,N,Y,N,N,N,Y,Y,Y,,,,,,,,,,,,,,,,,,,,,,,,,,,,,6011700,2503300,6011700,2503001,6011700,2503001,6011700,2503300,6011700,2503300,6011700,2503300,6011700,2503300,6011700,2503001,6011700,2503001,6011700,2503001,,2884,28N4,"OT salary 加班工资
"
CN,9/85,Auto-calculate,T&A,OT0.5CNY,8,加班(公司假期)-本币,11,OT Comp H(50%)-NCNY,加班(公司假期)-本币,,,,,,,,,,,,,,,,,,,,,,,,,,,,,,,,,,,,,Y,N,Y,N,N,N,Y,Y,Y,,,,,,,,,,,,,,,,,,,,,,,,,,,,,6011700,2503300,6011700,2503001,6011700,2503001,6011700,2503300,6011700,2503300,6011700,2503300,6011700,2503300,6011700,2503001,6011700,2503001,6011700,2503001,,2884,28N4,"OT salary 加班工资
"
CN,9/86,Auto-calculate,T&A,WH>500,6,加班/综合工时超时-本币,10,OT Compensatory-N CNY,加班/综合工时超时-本币,,,,,,,,,,,,,,,,,,,,,,,,,,,,,,,,,,,,,Y,N,Y,N,N,N,Y,Y,Y,,,,,,,,,,,,,,,,,,,,,,,,,,,,,6011700,2503300,6011700,2503001,6011700,2503001,6011700,2503300,6011700,2503300,6011700,2503300,6011700,2503300,6011700,2503001,6011700,2503001,6011700,2503001,,2884,28N4,"OT salary 加班工资
"
CN,9/87,Auto-calculate,T&A,OT2CNY,6,加班(周末)-本币(年补偿）,9,OT weekend (200%)-N CNY-Annual,加班(周末)-本币(年补偿）,,,,,,,,,,,,,,,,,,,,,,,,,,,,,,,,,,,,,Y,N,Y,N,N,N,Y,Y,Y,,,,,,,,,,,,,,,,,,,,,,,,,,,,,6011700,2503300,6011700,2503001,6011700,2503001,6011700,2503300,6011700,2503300,6011700,2503300,6011700,2503300,6011700,2503001,6011700,2503001,6011700,2503001,,2884,28N4,"OT salary 加班工资
"
CN,9/88,Auto-calculate,T&A,OT0.5CNY,8,加班(公司假期)-本币(年补偿）,11,OT Comp H(150%)-NCNY-Annual,加班(公司假期)-本币(年补偿）,,,,,,,,,,,,,,,,,,,,,,,,,,,,,,,,,,,,,Y,N,Y,N,N,N,Y,Y,Y,,,,,,,,,,,,,,,,,,,,,,,,,,,,,6011700,2503300,6011700,2503001,6011700,2503001,6011700,2503300,6011700,2503300,6011700,2503300,6011700,2503300,6011700,2503001,6011700,2503001,6011700,2503001,,2884,28N4,"OT salary 加班工资
"
Coment Missing,9/92,Auto-calculate,T&A,OT1.5,,加班/综合工时超时,6,OT Pay (Excd Comp 150%) ,加班/综合工时超时,Trans of WT7107,,,,,,,,,,,,,,,,,,,,,,,,,,,,,,,,,,,,Y,Y,N,N,N,N,Y,N,Y,,,,,,,,,,,,,,,,,,,,,,,,,,,,,6011700,2503300,6011700,2503001,6011700,2503001,6011700,2503300,6011700,2503300,6011700,2503300,6011700,2503300,6011700,2503001,6011700,2503001,6011700,2503001,,2884,28N4,"OT salary 加班工资
"
CN,9/93,Auto-calculate,T&A,OT1.5CNY,8,加班/综合工时超时-本币,10,OT Pay (Excd Comp 150%) N,加班/综合工时超时-本币,Trans of WT7127,,,,,,,,,,,,,,,,,,,,,,,,,,,,,,,,,,,,Y,N,Y,N,N,N,Y,Y,Y,,,,,,,,,,,,,,,,,,,,,,,,,,,,,6011700,2503300,6011700,2503001,6011700,2503001,6011700,2503300,6011700,2503300,6011700,2503300,6011700,2503300,6011700,2503001,6011700,2503001,6011700,2503001,,2884,28N4,"OT salary 加班工资
"
CN,9/90,Auto-calculate/Tax,Tax,Con/IIT,,个人所得税（偶然所得）,,Contingent Income Tax,个人所得税（偶然所得）,Contingent Income Tax,个人所得税（偶然所得）,,,,,,,,,,,,,,4.4 Manage Payroll,SME-Payroll,,,,,,,,,,,,,,,,,,,,,,,,,,,,,,,,,,,,,,,,,,,,,,,,,,,,,,,,,,,-,-,-,-,-,-,-,-,-,-,-,-,-,-,-,-,-,-,,,,
CN,9/91,Auto-calculate/Tax,Tax,Con/IITB,,,,Cont. Income Tax Base,,Contingent Income Tax Base,,,,,,,,,,,,,,,4.4 Manage Payroll,SME-Payroll,,,,,,,,,,,,,,,,,,,,,,,,,,,,,,,,,,,,,,,,,,,,,,,,,,,,,,,,,,,-,-,-,-,-,-,-,-,-,-,-,-,-,-,-,-,-,-,,,,
CN,9/9A,Auto-calculate/Tax,Tax,Con/TBO,,,,Cont.  Tax base outflow,,Contingent Income Tax Outflow,,,,,,,,,,,,,,,4.4 Manage Payroll,SME-Payroll,,,,,,,,,,,,,,,,,,,,,,,,,,,,,,,,,,,,,,,,,,,,,,,,,,,,,,,,,,,-,-,-,-,-,-,-,-,-,-,-,-,-,-,-,-,-,-,,,,
CN,9/9Z,Auto-calculate/Tax,Tax,Con/TBI,,,,Cont.  Tax base inflow,,Contingent Income Tax Inflow,,,,,,,,,,,,,,,4.4 Manage Payroll,SME-Payroll,,,,,,,,,,,,,,,,,,,,,,,,,,,,,,,,,,,,,,,,,,,,,,,,,,,,,,,,,,,-,-,-,-,-,-,-,-,-,-,-,-,-,-,-,-,-,-,,,,
CN,8000,Accrual,Accrual,Year-end Bonus Accrual,8,年终奖月预提额,7,Year-end Bonus Accrual,年终奖月预提额,Year-end Bonus Accrual,年终奖月预提额,,,X,X,,,X,,,X,,,,4.1 Manage & Administer Rewards,SME-C&B,,,,,+,Amount,,,,,,,X,,,Gross,N,N,N,N,N,N,N,N,N,N,N,N,N,N,N,Y,Y,With payroll driver,,,automatically calculation,,,R,,,R,,,Y,Y,Y,Y,Y,Y,,,,,,,,,,,,,,,,,,,,,,,,,,,,,
CN,8001,Accrual,Accrual,YEB Accrual Rever,8,年终奖月冲销额,7,YEB Accrual Rever,年终奖月冲销额,YEB Accrual Rever,年终奖月冲销额,,,X,X,,,X,,,X,,,,4.1 Manage & Administer Rewards,SME-C&B,,,,,+,Amount,,,,,,,X,,,Gross,N,N,N,N,N,N,N,N,N,N,N,N,N,N,N,Y,Y,With payroll driver,,,Manual calculate and uploading ,,,R,,,W,,,Y,Y,Y,Y,Y,Y,,,,,,,,,,,,,,,,,,,,,,,,,,,,,
CN,5500,Payment,Accrual,Year-end Bonus,8,年终奖支付额,6,Year-end Bonus,年终奖支付额,Year-end Bonus,年终奖支付额,,,X,X,,,X,,,X,,,,4.1 Manage & Administer Rewards,SME-C&B,,,,,+,Amount,,,,,,,X,,,Gross,Salary,Y,Y,Y,Y,N,N,N,N,Y,Y,Y,N,N,N,N,Y,With payroll driver,,,Manual calculate and uploading ,,,R,,,W,,,Y,Y,Y,Y,Y,Y,,,,,,2109004,2503300,2109004,2503001,2109004,2503001,2109004,2503300,2109004,2503300,2109004,2503300,2109004,2503300,2109004,2503001,2109004,2503001,2109004,2503001,,28W2,28W3,Year-end Bonus年终奖支付额
CN,5501,Payment,Accrual,Year-end Bonus in a year,8,年终奖本年度支付额,9,Year-end Bonus in a year,年终奖本年度支付额,Year-end Bonus in a year,年终奖本年度支付额,,,X,X,,,X,,,X,,,,4.1 Manage & Administer Rewards,SME-C&B,,,,,+,Amount,,,,,,,X,,,Gross,Salary,Y,Y,Y,Y,N,N,N,N,Y,Y,Y,N,N,N,N,Y,Not Applicable,,,automatically calculation,,,R,,,R,,,Y,Y,Y,Y,Y,Y,,,,,,2109004,2503300,2109004,2503001,2109004,2503001,2109004,2503300,2109004,2503300,2109004,2503300,2109004,2503300,2109004,2503001,2109004,2503001,2109004,2503001,,28W4,28W5,Year-end Bonus in a year年终奖本年度支付额
CN,8004,Accrual,Accrual,YEB Accr. Corr. Pos. pay,8,年终奖年冲销正余额,9,YEB Accr. Corr. Pos. pay,年终奖年冲销正余额,YEB Accr. Corr. Pos. pay,年终奖年冲销正余额,,,X,X,,,X,,,X,,,,4.1 Manage & Administer Rewards,SME-C&B,,,,,+,Amount,,,,,,,X,,,Gross,N,N,N,N,N,N,N,N,N,N,N,N,N,N,N,Y,Y,With payroll driver,,,automatically calculation,,,R,,,R,,,Y,Y,Y,Y,Y,Y,,,,,,2109006,6011500,2109006,6010400,2109006,6010400,2109006,6011500,2109006,6011500,2109006,6011500,2109006,6011500,2109006,6010400,2109006,6010400,2109006,6010400,,28A0,28Q0,YEB Accr. Corr. pos. pay年终奖年冲销正余额
CN,8005,Accrual,Accrual,YEB Accr. Corr. neg. pay,8,年终奖年冲销负余额,9,YEB Accr. Corr. neg. pay,年终奖年冲销负余额,YEB Accr. Corr. neg. pay,年终奖年冲销负余额,,,X,X,,,X,,,X,,,,4.1 Manage & Administer Rewards,SME-C&B,,,,,+,Amount,,,,,,,X,,,Gross,N,N,N,N,N,N,N,N,N,N,N,N,N,N,N,Y,Y,With payroll driver,,,automatically calculation,,,R,,,R,,,Y,Y,Y,Y,Y,Y,,,,,,6011500,2109002,6010400,2109002,6010400,2109002,6011500,2109002,6011500,2109002,6011500,2109002,6011500,2109002,6010400,2109002,6010400,2109002,6010400,2109002,,28A1,28Q1,YEB Accr. Corr. neg. pay年终奖年冲销负余额
CN,8007,Accrual,Accrual,YEB Accr. Corr. Pos. acc,9,年终奖年预提调整正余额,,YEB Accr. Corr. Pos. acc,年终奖年预提调整正余额,YEB Accr. Corr. Pos. acc,年终奖年预提调整正余额,,,X,X,,,X,,,X,,,,4.1 Manage & Administer Rewards,SME-C&B,,,,,+,Amount,,,,,,,X,,,Gross,N,N,N,N,N,N,N,N,N,N,N,N,N,N,N,Y,Y,With payroll driver,,,automatically calculation,,,R,,,R,,,Y,Y,Y,Y,Y,Y,,,,,,6011500,2109002,6010400,2109002,6010400,2109002,6011500,2109002,6011500,2109002,6011500,2109002,6011500,2109002,6010400,2109002,6010400,2109002,6010400,2109002,,28A3,28Q3,year-end bonus accrual年终奖金预提
CN,8006,Accrual,Accrual,YEB Accr. Corr. neg. acc,9,年终奖年预提调整负余额,,YEB Accr. Corr. neg. acc,年终奖年预提调整负余额,YEB Accr. Corr. neg. acc,年终奖年预提调整负余额,,,X,X,,,X,,,X,,,,4.1 Manage & Administer Rewards,SME-C&B,,,,,+,Amount,,,,,,,X,,,Gross,N,N,N,N,N,N,N,N,N,N,N,N,N,N,N,Y,Y,With payroll driver,,,automatically calculation,,,R,,,R,,,Y,Y,Y,Y,Y,Y,,,,,,2109006,6011500,2109006,6010400,2109006,6010400,2109006,6011500,2109006,6011500,2109006,6011500,2109006,6011500,2109006,6010400,2109006,6010400,2109006,6010400,,28A2,28Q2,year-end bonus accrual年终奖金预提
CN,8100,Accrual,Accrual,Sal Acc,7,销售奖金月预提额,8,Sales incentive accrual,销售奖金月预提额,The sales incentive accrual (monthly basis) – accrual,销售奖金负余额,,,X,X,,,X,,,X,,,,4.1 Manage & Administer Rewards,SME-C&B,,,,,+,Amount,,,,,,,X,,,Gross,N,N,N,N,N,N,N,N,N,N,N,N,N,N,N,Y,Y,With payroll driver,,,automatically calculation,,,R,,,R,,,Y,Y,Y,Y,Y,Y,,,,,,,,,,,,,,,,,,,,,,,,,,,,,
CN,8101,Accrual,Accrual,Sal Rev,7,销售奖金月冲销额,8,Sales incentive reverse,销售奖金月冲销额,The sales incentive reverse (monthly basis) – reverse,销售奖金正余额,,,X,X,,,X,,,X,,,,4.1 Manage & Administer Rewards,SME-C&B,,,,,+,Amount,,,,,,,X,,,Gross,N,N,N,N,N,N,N,N,N,N,N,N,N,N,N,Y,Y,With payroll driver,,,automatically calculation,,,R,,,R,,,Y,Y,Y,Y,Y,Y,,,,,,,,,,,,,,,,,,,,,,,,,,,,,
CN,8102,Accrual,Accrual,MSalRev+,8,销售奖金月度调整正值,10,SI accrual before Prom.,销售奖金月度调整正值,The sales incentive in a year balance + (monthly basis) – accrual,冲销销售奖金（跨司）,,,X,X,,,X,,,X,,,,4.1 Manage & Administer Rewards,SME-C&B,,,,,+,Amount,,,,,,,X,,,Gross,N,N,N,N,N,N,N,N,N,N,N,N,N,N,N,Y,Y,With payroll driver,,,automatically calculation,,,R,,,W,,,Y,Y,Y,Y,Y,Y,,,,,,,,,,,,,,,,,,,,,,,,,,,,,
CN,8103,Accrual,Accrual,MSalRev-,8,销售奖金月度调整负值,10,SI acc. before Prom. Rev,销售奖金月度调整负值,The sales incentive in a year balance – (monthly basis) - accrual,预提销售奖金,,,X,X,,,X,,,X,,,,4.1 Manage & Administer Rewards,SME-C&B,,,,,+,Amount,,,,,,,X,,,Gross,N,N,N,N,N,N,N,N,N,N,N,N,N,N,N,Y,Y,With payroll driver,,,automatically calculation,,,R,,,R,,,Y,Y,Y,Y,Y,Y,,,,,,,,,,,,,,,,,,,,,,,,,,,,,
CN,5600,Payment,Accrual,SalPay1,7,销售奖金支付额,7,Sales incentive year-end payout ,销售奖金支付额,The sales incentive year-end payout – yearly reverse,冲销销售奖金,,,X,X,,,X,,,X,,,,4.1 Manage & Administer Rewards,SME-C&B,,,,,+,Amount,,,,,,,X,,,Gross,bonus,Y,Y,Y,Y,N,N,N,N,Y,Y,Y,N,N,N,N,Y,With payroll driver,,,Manual calculate and uploading ,,,R,,,R,,,N,Y,Y,N,N,Y,,,,,,2103254,2503300,2103254,2503001,2103254,2503001,2103254,2503300,2103254,2503300,2103254,2503300,2103254,2503300,2103254,2503001,2103254,2503001,2103254,2503001,,28X0,28X1,Sales incentive year-end payout 销售奖金支付额
CN,5601,Payment,Accrual,SalPay2,7,销售奖金本年度支付额,10,Sales incentive in a year payout,销售奖金本年度支付额,The sales incentive in a year payout - in a year reverse,销售奖金本年度支付额,,,X,X,,,X,,,X,,,,4.1 Manage & Administer Rewards,SME-C&B,,,,,+,Amount,,,,,,,X,,,Gross,N,Y,Y,Y,Y,N,N,N,N,Y,Y,Y,N,N,N,N,N,Not Applicable,,,Manual calculate and uploading ,,,R,,,R,,,Y,Y,Y,Y,Y,Y,,,,,,2103254,2503300,2103254,2503001,2103254,2503001,2103254,2503300,2103254,2503300,2103254,2503300,2103254,2503300,2103254,2503001,2103254,2503001,2103254,2503001,,28X2,28X3,Sales incentive in a year payout销售奖金本年度支付额
CN,8104,Accrual,Accrual,YSalRev+,8,销售奖金年冲销正余额,10,Sales Incen Corr. pos.pay,销售奖金年冲销正余额,The sales incentive year-end balance + (yearly basis) – yearly reverse,销售奖金年冲销正余额,,,X,X,,,X,,,X,,,,4.1 Manage & Administer Rewards,SME-C&B,,,,,+,Amount,,,,,,,X,,,Gross,N,N,N,N,N,N,N,N,N,N,N,N,N,N,N,Y,Y,With payroll driver,,,automatically calculation,,,R,,,R,,,Y,Y,Y,Y,Y,Y,,,,,,2103256,6011500,2103256,6010400,2103256,6010400,2103256,6011500,2103256,6011500,2103256,6011500,2103256,6011500,2103256,6010400,2103256,6010400,2103256,6010400,,28A5,28Q5,Sales Incen Corr. neg.销售奖金年冲销负余额
CN,8105,Accrual,Accrual,YSalRev+,8,销售奖金年冲销负余额,10,Sales Incen Corr. neg.pay,销售奖金年冲销负余额,The sales incentive year-end balance – (yearly basis) – yearly reverse,销售奖金年冲销负余额,,,X,X,,,X,,,X,,,,4.1 Manage & Administer Rewards,SME-C&B,,,,,+,Amount,,,,,,,X,,,Gross,N,N,N,N,N,N,N,N,N,N,N,N,N,N,N,Y,Y,With payroll driver,,,automatically calculation,,,R,,,R,,,Y,Y,Y,Y,Y,Y,,,,,,6011500,2103252,6010400,2103252,6010400,2103252,6011500,2103252,6011500,2103252,6011500,2103252,6011500,2103252,6010400,2103252,6010400,2103252,6010400,2103252,,28A6,28Q6,Sales Incen Corr. pos.销售奖金年冲销正余额
CN,8107,Accrual,Accrual,SalesPos.P,10,销售奖金年调整正余额,10,Sales Incen Corr. pos. acc,销售奖金年调整正余额,The sales incentive accrual (monthly basis) – positive nur.,销售奖金年调整正余额,,,X,X,,,X,,,X,,,,4.1 Manage & Administer Rewards,SME-C&B,,,,,+,Amount,,,,,,,X,,,Gross,N,N,N,N,N,N,N,N,N,N,N,N,N,N,N,Y,Y,With payroll driver,,,automatically calculation,,,R,,,R,,,Y,Y,Y,Y,Y,Y,,,,,,6011500,2103252,6010400,2103252,6010400,2103252,6011500,2103252,6011500,2103252,6011500,2103252,6011500,2103252,6010400,2103252,6010400,2103252,6010400,2103252,New,28A8,28Q8,Sales Incentive monthly accrual销售奖金预提额
CN,8106,Accrual,Accrual,SalesNeg.P,10,销售奖金年调整负余额,10,Sales Incen Corr. neg. acc,销售奖金年调整负余额,The sales incentive reverse (monthly basis) – negotive nur.,销售奖金年调整负余额,,,X,X,,,X,,,X,,,,4.1 Manage & Administer Rewards,SME-C&B,,,,,+,Amount,,,,,,,X,,,Gross,N,N,N,N,N,N,N,N,N,N,N,N,N,N,N,Y,Y,With payroll driver,,,automatically calculation,,,R,,,R,,,Y,Y,Y,Y,Y,Y,,,,,,2103256,6011500,2103256,6010400,2103256,6010400,2103256,6011500,2103256,6011500,2103256,6011500,2103256,6011500,2103256,6010400,2103256,6010400,2103256,6010400,New,28A7,28Q7,Sales Incentive monthly adjustment销售奖金调整额
CN,8200,Accrual,Accrual,SL Acc,6,当年年假预提额,7,Statutory leave-accrual,当年年假预提额,Statutory leave (current year) – accrual,当年年假预提额,,,X,X,,,X,,,X,,,,6.6 Manage Time & Attendance,SME-T&A,,,,,+,Amount,,,,,,,,,,Gross,N,N,N,N,N,N,N,N,N,N,N,N,N,N,N,Y,Y,With payroll driver,,,automatically calculation,,,R,,,R,,,Y,Y,Y,Y,Y,Y,,,,,,,,,,,,,,,,,,,,,,,,,,,,,
CN,8201,Accrual,Accrual,SLRev1,6,当年年假冲销额,7,Statutory leave-reverse,当年年假冲销额,Statutory leave (current year) – reverse,当年年假冲销额,,,X,X,,,X,,,X,,,,6.6 Manage Time & Attendance,SME-T&A,,,,,+,Amount,,,,,,,,,,Gross,N,N,N,N,N,N,N,N,N,N,N,N,N,N,N,Y,Y,With payroll driver,,,automatically calculation,,,R,,,R,,,Y,Y,Y,Y,Y,Y,,,,,,,,,,,,,,,,,,,,,,,,,,,,,
CN,8202,Accrual,Accrual,A.SLRev,7,上年年假预提调整额,9,Statutory leave (last year)-accrual,上年年假预提调整额,Statutory leave (last year)  – accrual,上年年假预提调整额,,,X,X,,,X,,,X,,,,6.6 Manage Time & Attendance,SME-T&A,,,,,+,Amount,,,,,,,,,,Gross,N,N,N,N,N,N,N,N,N,N,N,N,N,N,N,Y,Y,With payroll driver,,,automatically calculation,,,R,,,R,,,Y,Y,Y,Y,Y,Y,,,,,,,,,,,,,,,,,,,,,,,,,,,,,
CN,8203,Accrual,Accrual,SLRev2,6,上年年假冲销调整额,9,Statutory leave (last year)-reverse,上年年假冲销调整额,Statutory leave (last year)  – reverse,上年年假冲销调整额,,,X,X,,,X,,,X,,,,6.6 Manage Time & Attendance,SME-T&A,,,,,+,Amount,,,,,,,,,,Gross,N,N,N,N,N,N,N,N,N,N,N,N,N,N,N,Y,Y,With payroll driver,,,automatically calculation,,,R,,,R,,,Y,Y,Y,Y,Y,Y,,,,,,,,,,,,,,,,,,,,,,,,,,,,,
CN,8204,Payment,Accrual,SL Pay,6,年假支付额,7,Statutory leave–settlement,年假支付额,,上年年假支付额,,,X,X,,,X,,,X,,,,6.6 Manage Time & Attendance,SME-T&A,,,,,+,Amount,,,,,,,,,,Gross,N,N,N,N,N,N,N,N,N,N,N,N,N,N,N,Y,Y,With payroll driver,,,automatically calculation,,,R,,,R,,,Y,Y,Y,Y,Y,Y,,,,,,2104004,6020100,2104004,6020100,2104004,6020100,2104004,6020100,2104004,6020100,2104004,6011100,2104004,6020100,2104004,6020100,2104004,6020100,2104004,6020100,,28B1,28R1,Statutory leave – settle年假支付额
CN,8205,Accrual,Accrual,SL Tran,7,年假预提过渡值,7,Statutory leave (last year)-accrual transition,年假预提过渡值,Statutory leave (last year)  – accrual transition,年假预提过渡值,,,X,X,,,X,,,X,,,,6.6 Manage Time & Attendance,SME-T&A,,,,,+,Amount,,,,,,,,,,Gross,N,N,N,N,N,N,N,N,N,N,N,N,N,N,N,Y,Y,With payroll driver,,,automatically calculation,,,R,,,R,,,Y,Y,Y,Y,Y,Y,,,,,,-,-,-,-,-,-,-,-,-,-,-,-,-,-,-,-,-,-,-,-,,,,
CN,8206,Accrual,Accrual,neg.,7,当年年假预提额,7,Statutory leave-neg. pay,当年年假预提额,Statutory leave-neg. pay,当年年假预提额,,,,,,,,,,,,,,,,,,,,,,,,,,,,,,,,,,,,,,,,,,,,,,,,,,,,,,,,,,,,,,,,,,,,,,,,2104006,6020100,2104006,6020100,2104006,6020100,2104006,6020100,2104006,6020100,2104006,6011100,2104006,6020100,2104006,6020100,2104006,6020100,2104006,6020100,,28B2,28R2,Statutory leave-neg. pay当年年假冲销额
CN,8207,Accrual,Accrual,pos.,7,当年年假冲销额,7,Statutory leave-pos. pay,当年年假冲销额,Statutory leave-pos. pay,当年年假冲销额,,,,,,,,,,,,,,,,,,,,,,,,,,,,,,,,,,,,,,,,,,,,,,,,,,,,,,,,,,,,,,,,,,,,,,,,6020100,2104002,6020100,2104002,6020100,2104002,6020100,2104002,6020100,2104002,6011100,2104002,6020100,2104002,6020100,2104002,6020100,2104002,6020100,2104002,,28B3,28R3,Statutory leave-pos. pay当年年假预提额
CN,8208,Accrual,Accrual,last year neg.,7,上年年假预提调整额,7,Stat.Leav. Last Year neg.,上年年假预提调整额,Stat.Leav. Last Year neg.,上年年假冲销调整额,上年年假预提调整额,,,,,,,,,,,,,,,,,,,,,,,,,,,,,,,,,,,,,,,,,,,,,,,,,,,,,,,,,,,,,,,,,,,,,,,2104006,6020100,2104006,6020100,2104006,6020100,2104006,6020100,2104006,6020100,2104006,6011100,2104006,6020100,2104006,6020100,2104006,6020100,2104006,6020100,,28B4,28R4,Stat.Leav. Last Year neg.上年年假冲销调整额
CN,8209,Accrual,Accrual,last year pos.,7,上年年假冲销调整额,7,Stat.Leav. Last Year pos.,上年年假冲销调整额,Stat.Leav. Last Year pos.,上年年假冲销调整额,,,,,,,,,,,,,,,,,,,,,,,,,,,,,,,,,,,,,,,,,,,,,,,,,,,,,,,,,,,,,,,,,,,,,,,,6020100,2104002,6020100,2104002,6020100,2104002,6020100,2104002,6020100,2104002,6011100,2104002,6020100,2104002,6020100,2104002,6020100,2104002,6020100,2104002,,28B5,28R5,Stat.Leav. Last Year pos.上年年假预提调整额
CN,8300,Accrual,Accrual,Proj.B Accrual,,项目奖金预提额,,Project Bonus Accrual,项目奖金预提额,Project Bonus Accrual,项目奖金预提额,X,,X,X,,,X,X,,,,,,4.1 Manage & Administer Rewards,SME-C&B,,,,,+,Amount,,,,,,,,,,Gross,N,N,N,N,N,N,N,N,N,N,N,N,N,N,N,Y,Y,With payroll driver,,,automatically calculation,,,R,,,R,,,N,N,N,Y,N,N,N,N,N,N,,,,,,,,6011500,2103202,,,,,,,,,,,,,,282Q,28FH,Project Bonus Accrual 项目奖金预提
CN,8S11,Payment,Bonus,Glo.STI,7,全球绩效奖金支付额,6,Global STI,全球绩效奖金,Global Short Term Incentive,全球绩效奖金,X,,X,X,,,,,,,,,,4.1 Manage & Administer Rewards,SME-C&B,Variable Payments,Global STI,,,+,Amount,,,,,X,,X,,,Gross,One time Bonus,Y,Y,Y,Y,N,N,N,N,Y,Y,Y,N,N,N,N,Y,Report before payroll run,,,Automatically Calculation,,W (9770),R,,,R,,,Y,Y,Y,Y,Y,Y,,,,,,2103214,2503300,2103214,2503001,2103214,2503001,2103214,2503300,2103214,2503300,2103214,2503300,2103214,2503300,2103214,2503001,2103214,2503001,2103214,2503001,,28X4,28X5,Global STI全球绩效奖金
CN,8S12,Payment-Inp,Bonus,GSTI.NFC,8,全球绩效奖金-外币,9,Global STI-Net FC,全球绩效奖金-外币,Global STI-NFC,全球绩效奖金-外币,X,,,,,,,X,,,,,,4.1 Manage & Administer Rewards,SME-C&B,Variable Payments,Global STI,,,+,Amount,,,,,,,X,,,Net,One time Bonus,Y,Y,Y,N,Y,N,N,N,Y,Y,Y,N,N,N,N,Y,Report before payroll run,,,automatically calculation,,,W,,,R,,,Y,Y,Y,Y,Y,Y,,,,,,2103214,2503300,2103214,2503001,2103214,2503001,2103214,2503300,2103214,2503300,2103214,2503300,2103214,2503300,2103214,2503001,2103214,2503001,2103214,2503001,,28X4,28X5,Global STI全球绩效奖金
CN,8S14,Payment,Bonus,Chi.STI,7,中国绩效奖金支付额,6,China STI,中国绩效奖金,China Short Term Incentive,中国绩效奖金,X,,X,X,,,,,,X,,,,4.1 Manage & Administer Rewards,SME-C&B,Variable Payments,Local STI,,,+,Amount,,,,,X,,X,,,Gross,One time Bonus,Y,Y,Y,Y,N,N,N,N,Y,Y,Y,N,N,N,N,Y,Report before payroll run,,,Automatically Calculation,,W (9770),R,,,R,,,Y,Y,Y,Y,Y,Y,,,,,,2103254,2503300,2103254,2503001,2103254,2503001,2103254,2503300,2103254,2503300,2103254,2503300,2103254,2503300,2103254,2503001,2103254,2503001,2103254,2503001,,28X6,28X7,China STI中国绩效奖金
CN,8S15,Payment,Bonus,Glo.STI,7,全球短期绩效奖金提前支付额,6,Global STI Early Payout,全球短期绩效奖金提前支付额,Global STI Early Payout,全球短期绩效奖金提前支付额,X,,X,X,,,,,,,,,,4.1 Manage & Administer Rewards,SME-C&B,Variable Payments,Global STI,,,+,Amount,,,,,X,,X,,,Gross,One time Bonus,Y,Y,Y,Y,N,N,N,N,Y,Y,Y,N,N,N,N,Y,Report before payroll run,,,Automatically Calculation,,W (9770),R,,,R,,,Y,Y,Y,Y,Y,Y,,,,,,2103214,2503300,2103214,2503001,2103214,2503001,2103214,2503300,2103214,2503300,2103214,2503300,2103214,2503300,2103214,2503001,2103214,2503001,2103214,2503001,,28B0,28B8,Global STI Early Payout全球短期绩效奖金提前支付额
CN,8S18,Payment,Bonus,Chi.STI,7,中国短期绩效奖金提前支付额,6,Local STI Early Payout,中国短期绩效奖金提前支付额,Local STI Early Payout,中国短期绩效奖金提前支付额,X,,X,X,,,,,,,,,,4.1 Manage & Administer Rewards,SME-C&B,Variable Payments,Local STI,,,+,Amount,,,,,X,,X,,,Gross,One time Bonus,Y,Y,Y,Y,N,N,N,N,Y,Y,Y,N,N,N,N,Y,Report before payroll run,,,Automatically Calculation,,W (9770),R,,,R,,,Y,Y,Y,Y,Y,Y,,,,,,2103254,2503300,2103254,2503001,2103254,2503001,2103254,2503300,2103254,2503300,2103254,2503300,2103254,2503300,2103254,2503001,2103254,2503001,2103254,2503001,,28B9,28BA,Local STI Early Payout中国短期绩效奖金提前支付额
CN,8S20,Accrual,Accrual,STIacEX,7,预提全球短期绩效奖金（前公司）,7,Global STI Accrual prev. Company,预提全球短期绩效奖金（前公司）,Global STI Accrual prev. Company,预提全球短期绩效奖金（前公司）,,,X,X,,,X,X,,X,,,,4.1 Manage & Administer Rewards,SME-C&B,,,,,+,Amount,,,,,,,,,,Gross,N,,N,,N,N,N,N,N,N,N,N,N,N,N,Y,Y,With payroll driver,,,automatically calculation,,,R,,,W,,,Y,Y,Y,Y,Y,Y,,,,,,1361550,2103211,1361550,2103211,1361550,2103211,1361550,2103211,1361550,2103211,1361550,2103211,1361550,2103211,1361550,2103211,1361550,2103211,1361550,2103211,,28Y0,28Y1,Global STI Accrual prev. Company预提全球短期绩效奖金（前公司）
CN,8S21,Accrual,Accrual,STIreEX,7,预提全球短期绩效奖金（现公司）,7,Global STI Accrual intercompany,预提全球短期绩效奖金（现公司）,Global STI Accrual intercompany,冲销全球短期绩效奖金（现公司）,,,X,X,,,X,X,,X,,,,4.1 Manage & Administer Rewards,SME-C&B,,,,,+,Amount,,,,,,,,,,Gross,N,,N,,N,N,N,N,N,N,N,N,N,N,N,Y,Y,With payroll driver,,,automatically calculation,,,R,,,W,,,Y,Y,Y,Y,Y,Y,,,,,,2103213,2561550,2103213,2561550,2103213,2561550,2103213,2561550,2103213,2561550,2103213,2561550,2103213,2561550,2103213,2561550,2103213,2561550,2103213,2561550,,28Y2,28Y3,Global STI Accrual intercompany预提全球短期绩效奖金（现公司）
CN,8S22,Accrual,Accrual,STI.bal-,7,全球短期绩效奖金负余额,7,Global STI Accrual Corr. neg.,全球短期绩效奖金负余额,Global STI Accrual Corr. neg.,全球短期绩效奖金负余额,,,X,X,,,X,X,,X,,,,4.1 Manage & Administer Rewards,SME-C&B,,,,,+,Amount,,,,,,,,,,Gross,N,,N,,N,N,N,N,N,N,N,N,N,N,N,Y,Y,With payroll driver,,,automatically calculation,,,R,,,W,,,Y,Y,Y,Y,Y,Y,,,,,,4060650,2103214,4060650,2103214,4060650,2103214,4060650,2103214,4060650,2103214,4060650,2103214,4060650,2103214,4060650,2103214,4060650,2103214,4060650,2103214,,28C0,28S0,Global STI Accrual Corr. neg.全球短期绩效奖金负余额
CN,8S23,Accrual,Accrual,STI.bal+,7,全球短期绩效奖金正余额,7,Global STI Accrual Corr. pos.,全球短期绩效奖金正余额,Global STI Accrual Corr. pos.,全球短期绩效奖金正余额,,,X,X,,,X,X,,X,,,,4.1 Manage & Administer Rewards,SME-C&B,,,,,+,Amount,,,,,,,,,,Gross,N,,N,,N,N,N,N,N,N,N,N,N,N,N,Y,Y,With payroll driver,,,automatically calculation,,,R,,,W,,,Y,Y,Y,Y,Y,Y,,,,,,2103216,4060650,2103216,4060650,2103216,4060650,2103216,4060650,2103216,4060650,2103216,4060650,2103216,4060650,2103216,4060650,2103216,4060650,2103216,4060650,,28C1,28S1,Global STI Accrual Corr. pos.全球短期绩效奖金正余额
CN,8S30,Accrual,Accrual,STI Accr,8,预提全球短期绩效奖金,8,Global STI Accrual 100%,预提全球短期绩效奖金,Global STI Accrual 100%,预提全球短期绩效奖金,,,X,X,,,X,X,,X,,,,4.1 Manage & Administer Rewards,SME-C&B,,,,,+,Amount,,,,,,,,,,Gross,N,,N,,N,N,N,N,N,N,N,N,N,N,N,Y,Y,With payroll driver,,,automatically calculation,,,R,,,W,,,Y,Y,Y,Y,Y,Y,,,,,,6011500,,6010400,,6010400,,6011500,,6011500,,6011500,,6011500,,6010400,,6010400,,6010400,,,28UP,,Global STI Accrual/Rev 100%预提/冲销全球短期绩效奖金
CN,8S31,Accrual,Accrual,STI Accr,8,预提全球短期绩效奖金差额,8,Global STI Accrual Delta,预提全球短期绩效奖金差额,Global STI Accrual Delta,预提全球短期绩效奖金差额,,,X,X,,,X,X,,X,,,,4.1 Manage & Administer Rewards,SME-C&B,,,,,+,Amount,,,,,,,,,,Gross,N,,N,,N,N,N,N,N,N,N,N,N,N,N,Y,Y,With payroll driver,,,automatically calculation,,,R,,,R,,,Y,Y,Y,Y,Y,Y,,,,,,4060650,,4060650,,4060650,,4060650,,4060650,,4060650,,4060650,,4060650,,4060650,,4060650,,,28UW,,Global STI Accrual/Rev Delta预提/冲销全球短期绩效奖金差额
CN,8S32,Accrual,Accrual,STI Accr,8,冲销全球短期绩效奖金,8,Global STI Accrual 100% Rev,冲销全球短期绩效奖金,Global STI Accrual 100% Rev,冲销全球短期绩效奖金,,,X,X,,,X,X,,X,,,,4.1 Manage & Administer Rewards,SME-C&B,,,,,+,Amount,,,,,,,,,,Gross,N,,N,,N,N,N,N,N,N,N,N,N,N,N,Y,Y,With payroll driver,,,automatically calculation,,,R,,,R,,,Y,Y,Y,Y,Y,Y,,,,,,,6011500,,6010400,,6010400,,6011500,,6011500,,6011500,,6011500,,6010400,,6010400,,6010400,,28UP,,Global STI Accrual/Rev 100%预提/冲销全球短期绩效奖金
CN,8S33,Accrual,Accrual,STI Accr,8,冲销全球短期绩效奖金差额,8,Global STI Accrual Delta Rev,冲销全球短期绩效奖金差额,Global STI Accrual Delta Rev,冲销全球短期绩效奖金差额,,,X,X,,,X,X,,X,,,,4.1 Manage & Administer Rewards,SME-C&B,,,,,+,Amount,,,,,,,,,,Gross,N,,N,,N,N,N,N,N,N,N,N,N,N,N,Y,Y,With payroll driver,,,automatically calculation,,,R,,,R,,,Y,Y,Y,Y,Y,Y,,,,,,,4060650,,4060650,,4060650,,4060650,,4060650,,4060650,,4060650,,4060650,,4060650,,4060650,,28UW,,Global STI Accrual/Rev Delta预提/冲销全球短期绩效奖金差额
CN,8S34,Accrual,Accrual,STI Accr,8,全球短期绩效奖金预提增长额,8,Global STI Accrual Increase,全球短期绩效奖金预提增长额,Global STI Accrual Increase,全球短期绩效奖金预提增长额,,,X,X,,,X,X,,X,,,,4.1 Manage & Administer Rewards,SME-C&B,,,,,+,Amount,,,,,,,,,,Gross,N,,N,,N,N,N,N,N,N,N,N,N,N,N,Y,Y,With payroll driver,,,automatically calculation,,,R,,,R,,,Y,Y,Y,Y,Y,Y,,,,,,,2103212,,2103212,,2103212,,2103212,,2103212,,2103212,,2103212,,2103212,,2103212,,2103212,,,28US,Global STI Accrual Increase全球短期绩效奖金预提增长额
CN,8S35,Accrual,Accrual,STI Accr,8,全球短期绩效奖金预提减少额,8,Global STI Accrual Decrease,全球短期绩效奖金预提减少额,Global STI Accrual Decrease,全球短期绩效奖金预提减少额,,,X,X,,,X,X,,X,,,,4.1 Manage & Administer Rewards,SME-C&B,,,,,+,Amount,,,,,,,,,,Gross,N,,N,,N,N,N,N,N,N,N,N,N,N,N,Y,Y,With payroll driver,,,automatically calculation,,,R,,,W,,,Y,Y,Y,Y,Y,Y,,,,,,2103216,,2103216,,2103216,,2103216,,2103216,,2103216,,2103216,,2103216,,2103216,,2103216,,,,28UT,Global STI Accrual Decrease全球短期绩效奖金预提减少额
CN,8S50,Accrual,Accrual,Accrual,Accrual,预提中国绩效奖金（前公司）,7,China STI Accrual prev. Company,预提中国绩效奖金（前公司）,China STI Accrual prev. Company,预提中国绩效奖金（前公司）,,,X,X,,,X,X,,X,,,,4.1 Manage & Administer Rewards,SME-C&B,,,,,+,Amount,,,,,,,,,,Gross,N,,N,,N,N,N,N,N,N,N,N,N,N,N,Y,Y,With payroll driver,,,automatically calculation,,,R,,,W,,,Y,Y,Y,Y,Y,Y,,,,,,1361550,2103251,1361550,2103251,1361550,2103251,1361550,2103251,1361550,2103251,1361550,2103251,1361550,2103251,1361550,2103251,1361550,2103251,1361550,2103251,,28Y4,28Y5,China STI Accrual prev. Company预提中国短期绩效奖金（前公司）
CN,8S51,Accrual,Accrual,Accrual,Accrual,预提中国绩效奖金（现公司）,7,China STI Accrual intercompany,预提中国绩效奖金（现公司）,China STI Accrual intercompany,冲销中国绩效奖金（现公司）,,,X,X,,,X,X,,X,,,,4.1 Manage & Administer Rewards,SME-C&B,,,,,+,Amount,,,,,,,,,,Gross,N,,N,,N,N,N,N,N,N,N,N,N,N,N,Y,Y,With payroll driver,,,automatically calculation,,,R,,,W,,,Y,Y,Y,Y,Y,Y,,,,,,2103253,2561550,2103253,2561550,2103253,2561550,2103253,2561550,2103253,2561550,2103253,2561550,2103253,2561550,2103253,2561550,2103253,2561550,2103253,2561550,,28Y6,28Y7,China STI Accrual intercompany预提中国短期绩效奖金（现公司）
CN,8S52,Accrual,Accrual,Accrual,Accrual,中国短期绩效奖金负余额,7,China STI Accrual Corr. neg.,中国绩效奖金负余额,China STI Accrual Corr. neg.,中国绩效奖金负余额,,,X,X,,,X,X,,X,,,,4.1 Manage & Administer Rewards,SME-C&B,,,,,+,Amount,,,,,,,,,,Gross,N,,N,,N,N,N,N,N,N,N,N,N,N,N,Y,Y,With payroll driver,,,automatically calculation,,,R,,,W,,,Y,Y,Y,Y,Y,Y,,,,,,6011500,2103254,6010400,2103254,6010400,2103254,6011500,2103254,6011500,2103254,6011500,2103254,6011500,2103254,6010400,2103254,6010400,2103254,6010400,2103254,,28C2,28S2,China STI Accrual Corr. neg.中国短期绩效奖金负余额
CN,8S53,Accrual,Accrual,Accrual,Accrual,中国短期绩效奖金正余额,7,China STI Accrual Corr. pos.,中国绩效奖金正余额,China STI Accrual Corr. pos.,中国绩效奖金正余额,,,X,X,,,X,X,,X,,,,4.1 Manage & Administer Rewards,SME-C&B,,,,,+,Amount,,,,,,,,,,Gross,N,,N,,N,N,N,N,N,N,N,N,N,N,N,Y,Y,With payroll driver,,,automatically calculation,,,R,,,W,,,Y,Y,Y,Y,Y,Y,,,,,,2103256,6011500,2103256,6010400,2103256,6010400,2103256,6011500,2103256,6011500,2103256,6011500,2103256,6011500,2103256,6010400,2103256,6010400,2103256,6010400,,28C3,28S3,China STI Accrual Corr. pos.中国短期绩效奖金正余额
CN,8S40,Accrual,Accrual,STI Accr,8,预提中国短期绩效奖金,8,China STI Accrual 100%,预提中国短期绩效奖金,China STI Accrual 100%,预提中国短期绩效奖金,,,X,X,,,X,X,,X,,,,4.1 Manage & Administer Rewards,SME-C&B,,,,,+,Amount,,,,,,,,,,Gross,N,,N,,N,N,N,N,N,N,N,N,N,N,N,Y,Y,With payroll driver,,,automatically calculation,,,R,,,W,,,Y,Y,Y,Y,Y,Y,,,,,,6011500,,6010400,,6010400,,6011500,,6011500,,6011500,,6011500,,6010400,,6010400,,6010400,,,280C,,China STI Accrual/Rev 100%预提/冲销中国短期绩效奖金
CN,8S41,Accrual,Accrual,STI Accr,8,预提中国短期绩效奖金差额,8,China STI Accrual Delta,预提中国短期绩效奖金差额,China STI Accrual Delta,预提中国短期绩效奖金差额,,,X,X,,,X,X,,X,,,,4.1 Manage & Administer Rewards,SME-C&B,,,,,+,Amount,,,,,,,,,,Gross,N,,N,,N,N,N,N,N,N,N,N,N,N,N,Y,Y,With payroll driver,,,automatically calculation,,,R,,,R,,,Y,Y,Y,Y,Y,Y,,,,,,6011500,,6010400,,6010400,,6011500,,6011500,,6011500,,6011500,,6010400,,6010400,,6010400,,,280D,,China STI Accrual/Rev Delta预提/冲销中国短期绩效奖金差额
CN,8S42,Accrual,Accrual,STI Accr,8,冲销中国短期绩效奖金,8,China STI Accrual 100% Rev,冲销中国短期绩效奖金,China STI Accrual 100% Rev,冲销中国短期绩效奖金,,,X,X,,,X,X,,X,,,,4.1 Manage & Administer Rewards,SME-C&B,,,,,+,Amount,,,,,,,,,,Gross,N,,N,,N,N,N,N,N,N,N,N,N,N,N,Y,Y,With payroll driver,,,automatically calculation,,,R,,,R,,,Y,Y,Y,Y,Y,Y,,,,,,,6011500,,6010400,,6010400,,6011500,,6011500,,6011500,,6011500,,6010400,,6010400,,6010400,,280C,,China STI Accrual/Rev 100%预提/冲销中国短期绩效奖金
CN,8S43,Accrual,Accrual,STI Accr,8,冲销中国短期绩效奖金差额,8,China STI Accrual Delta Rev,冲销中国短期绩效奖金差额,China STI Accrual Delta Rev,冲销中国短期绩效奖金差额,,,X,X,,,X,X,,X,,,,4.1 Manage & Administer Rewards,SME-C&B,,,,,+,Amount,,,,,,,,,,Gross,N,,N,,N,N,N,N,N,N,N,N,N,N,N,Y,Y,With payroll driver,,,automatically calculation,,,R,,,R,,,Y,Y,Y,Y,Y,Y,,,,,,,6011500,,6010400,,6010400,,6011500,,6011500,,6011500,,6011500,,6010400,,6010400,,6010400,,280D,,China STI Accrual/Rev Delta预提/冲销中国短期绩效奖金差额
CN,8S44,Accrual,Accrual,STI Accr,8,中国短期绩效奖金预提增长额,8,China STI Accrual Increase,中国短期绩效奖金预提增长额,China STI Accrual Increase,中国短期绩效奖金预提增长额,,,X,X,,,X,X,,X,,,,4.1 Manage & Administer Rewards,SME-C&B,,,,,+,Amount,,,,,,,,,,Gross,N,,N,,N,N,N,N,N,N,N,N,N,N,N,Y,Y,With payroll driver,,,automatically calculation,,,R,,,R,,,Y,Y,Y,Y,Y,Y,,,,,,,2103252,,2103252,,2103252,,2103252,,2103252,,2103252,,2103252,,2103252,,2103252,,2103252,,,28AA,China STI Accrual Increase中国短期绩效奖金预提增长额
CN,8S45,Accrual,Accrual,STI Accr,8,中国短期绩效奖金预提减少额,8,China STI Accrual Decrease,中国短期绩效奖金预提减少额,China STI Accrual Decrease,中国短期绩效奖金预提减少额,,,X,X,,,X,X,,X,,,,4.1 Manage & Administer Rewards,SME-C&B,,,,,+,Amount,,,,,,,,,,Gross,N,,N,,N,N,N,N,N,N,N,N,N,N,N,Y,Y,With payroll driver,,,automatically calculation,,,R,,,W,,,Y,Y,Y,Y,Y,Y,,,,,,2103256,,2103256,,2103256,,2103256,,2103256,,2103256,,2103256,,2103256,,2103256,,2103256,,,,28AB,China STI Accrual Decrease中国短期绩效奖金预提减少额
CN,8L12,Payment,Bonus,,,全球长期绩效奖金,,Aspire,全球长期绩效奖金,Aspire,全球长期绩效奖金,X,,X,X,,,,,,,,,,4.1 Manage & Administer Rewards,SME-C&B,Variable Payments,Global LTI,,,+,Amount,,,,,X,,X,,,Gross,Salary,Y,Y,Y,N,N,N,N,N,Y,Y,Y,N,N,N,N,Y,Report before payroll run,,,Automatically Calculation,,W (9770),R,,,R,,,Y,Y,Y,Y,Y,Y,,,,,,2118074,2503300,2118074,2503001,2118074,2503001,2118074,2503300,2118074,2503300,2118074,2503300,2118074,2503300,2118074,2503001,2118074,2503001,2118074,2503001,,28AS,28AT,Aspire全球长期绩效奖金非GLC
CN,8L11,Payment,Bonus,,,全球长期绩效奖金,,Aspire GLC,全球长期绩效奖金,Aspire GLC,全球长期绩效奖金,X,,X,X,,,,,,,,,,4.1 Manage & Administer Rewards,SME-C&B,Variable Payments,Global LTI,,,+,Amount,,,,,X,,X,,,Gross,Salary,Y,Y,Y,N,N,N,N,N,Y,Y,Y,N,N,N,N,Y,Report before payroll run,,,Automatically Calculation,,W (9770),R,,,R,,,Y,Y,Y,Y,Y,Y,,,,,,2118064,2503300,2118064,2503001,2118064,2503001,2118064,2503300,2118064,2503300,2118064,2503300,2118064,2503300,2118064,2503001,2118064,2503001,2118064,2503001,,28AU,28AV,Aspire GLC全球长期绩效奖金GLC
CN,5L12,Payment,Bonus,,,长期绩效资金（年度计税）,,Aspire (Bonus Tax),长期绩效资金（年度计税）,Aspire (Bonus Tax),长期绩效资金（年度计税）,X,,X,,,,,,,,,,,4.1 Manage & Administer Rewards,SME-C&B,Variable Payments,Global LTI,,,+,Amount,,,,,X,,X,,,Gross,Salary,Y,Y,Y,N,N,N,N,N,Y,Y,Y,N,N,N,N,Y,Report before payroll run,,,Automatically Calculation,,W (9770),R,,,R,,,Y,Y,Y,Y,Y,Y,,,,,,2118074,2503300,2118074,2503001,2118074,2503001,2118074,2503300,2118074,2503300,2118074,2503300,2118074,2503300,2118074,2503001,2118074,2503001,2118074,2503001,,28AS,28AT,Aspire全球长期绩效奖金非GLC
CN,5L11,Payment,Bonus,,,长期绩效资金－GLC（年度计税）,,Aspire GLC (Bonus Tax),长期绩效资金－GLC（年度计税）,Aspire GLC (Bonus Tax),长期绩效资金－GLC（年度计税）,X,,X,,,,,,,,,,,4.1 Manage & Administer Rewards,SME-C&B,Variable Payments,Global LTI,,,+,Amount,,,,,X,,X,,,Gross,Salary,Y,Y,Y,N,N,N,N,N,Y,Y,Y,N,N,N,N,Y,Report before payroll run,,,Automatically Calculation,,W (9770),R,,,R,,,Y,Y,Y,Y,Y,Y,,,,,,2118064,2503300,2118064,2503001,2118064,2503001,2118064,2503300,2118064,2503300,2118064,2503300,2118064,2503300,2118064,2503001,2118064,2503001,2118064,2503001,,28AU,28AV,Aspire GLC全球长期绩效奖金GLC
CN,8L21,Payment-Inp,Bonus,,,全球长期绩效奖金,,LTI-Net Payout Expat,全球长期绩效奖金,LTI-Net Payout Expat,全球长期绩效奖金,X,,,,,,,X,,,,,,4.1 Manage & Administer Rewards,SME-C&B,Variable Payments,Global LTI,,,+,Amount,,,,,,,X,,,Net,Salary,Y,Y,Y,N,Y,N,N,N,Y,Y,Y,N,N,N,N,Y,Report before payroll run,,,automatically calculation,,,R,,,R,,,Y,Y,Y,Y,Y,Y,,,,,,2118074,2503300,2118074,2503001,2118074,2503001,2118074,2503300,2118074,2503300,2118074,2503300,2118074,2503300,2118074,2503001,2118074,2503001,2118074,2503001,,28AW,28AX,LTI-Net Payout Expat全球长期绩效奖金非GLC
CN,8L23,Payment-Inp,Bonus,,,全球长期绩效奖金,,LTI-Net Payout GLC Expat,全球长期绩效奖金,LTI-Net Payout GLC Expat,全球长期绩效奖金,X,,,,,,,X,,,,,,4.1 Manage & Administer Rewards,SME-C&B,Variable Payments,Global LTI,,,+,Amount,,,,,,,X,,,Net,Salary,Y,Y,Y,N,Y,N,N,N,Y,Y,Y,N,N,N,N,Y,Report before payroll run,,,automatically calculation,,,R,,,R,,,Y,Y,Y,Y,Y,Y,,,,,,2118064,2503300,2118064,2503001,2118064,2503001,2118064,2503300,2118064,2503300,2118064,2503300,2118064,2503300,2118064,2503001,2118064,2503001,2118064,2503001,,28AY,28AZ,LTI-Net Payout GLC Expat全球长期绩效奖金GLC
CN,8L25,Accrual,Accrual,,,预提全球长期绩效奖金（前公司）,,LTI Accrual prev. Company,预提全球长期绩效奖金（前公司）,LTI Accrual prev. Company,预提全球长期绩效奖金（前公司）,,,X,,,,,X,,,,,,4.1 Manage & Administer Rewards,SME-C&B,,,,,+,Amount,,,,,,,,,,Gross,N,,N,,N,N,N,N,N,N,N,N,N,N,N,Y,Y,With payroll driver,,,automatically calculation,,,R,,,R,,,Y,Y,Y,Y,Y,Y,,,,,,1361550,2118071,1361550,2118071,1361550,2118071,1361550,2118071,1361550,2118071,1361550,2118071,1361550,2118071,1361550,2118071,1361550,2118071,1361550,2118071,,28AC,28AD,LTI Accrual prev. Company预提全球长期绩效奖金（前公司）
CN,8L26,Accrual,Accrual,,,预提全球长期绩效奖金（现公司）,,LTI Accrual intercompany,预提全球长期绩效奖金（现公司）,LTI Accrual intercompany,预提全球长期绩效奖金（现公司）,,,X,,,,,X,,,,,,4.1 Manage & Administer Rewards,SME-C&B,,,,,+,Amount,,,,,,,,,,Gross,N,,N,,N,N,N,N,N,N,N,N,N,N,N,Y,Y,With payroll driver,,,automatically calculation,,,R,,,R,,,Y,Y,Y,Y,Y,Y,,,,,,2118073,2561550,2118073,2561550,2118073,2561550,2118073,2561550,2118073,2561550,2118073,2561550,2118073,2561550,2118073,2561550,2118073,2561550,2118073,2561550,,28AE,28AF,LTI Accrual intercompany预提全球长期绩效奖金（现公司）
CN,8L27,Accrual,Accrual,,,全球长期绩效奖金负余额,,LTI Accrual Corr. neg.,全球长期绩效奖金负余额,LTI Accrual Corr. neg.,全球长期绩效奖金负余额,,,X,,,,,X,,,,,,4.1 Manage & Administer Rewards,SME-C&B,,,,,+,Amount,,,,,,,,,,Gross,N,,N,,N,N,N,N,N,N,N,N,N,N,N,Y,Y,With payroll driver,,,automatically calculation,,,R,,,R,,,Y,Y,Y,Y,Y,Y,,,,,,4060600,2118074,4060600,2118074,4060600,2118074,4060600,2118074,4060600,2118074,4060600,2118074,4060600,2118074,4060600,2118074,4060600,2118074,4060600,2118074,,28AG,28AH,LTI Accrual Corr. neg.全球长期绩效奖金负余额
CN,8L28,Accrual,Accrual,,,全球长期绩效奖金正余额,,LTI Accrual Corr. pos.,全球长期绩效奖金正余额,LTI Accrual Corr. pos.,全球长期绩效奖金正余额,,,X,,,,,X,,,,,,4.1 Manage & Administer Rewards,SME-C&B,,,,,+,Amount,,,,,,,,,,Gross,N,,N,,N,N,N,N,N,N,N,N,N,N,N,Y,Y,With payroll driver,,,automatically calculation,,,R,,,R,,,Y,Y,Y,Y,Y,Y,,,,,,2118076,4060600,2118076,4060600,2118076,4060600,2118076,4060600,2118076,4060600,2118076,4060600,2118076,4060600,2118076,4060600,2118076,4060600,2118076,4060600,,28AI,28AJ,LTI Accrual Corr. pos.全球长期绩效奖金正余额
CN,8L29,Accrual,Accrual,,,预提全球长期绩效奖金（前公司）GLC,,LTI Accr. prev. Comp.GLC,预提全球长期绩效奖金（前公司）GLC,LTI Accr. prev. Comp.GLC,预提全球长期绩效奖金（前公司）GLC,,,X,,,,,X,,,,,,4.1 Manage & Administer Rewards,SME-C&B,,,,,+,Amount,,,,,,,,,,Gross,N,,N,,N,N,N,N,N,N,N,N,N,N,N,Y,Y,With payroll driver,,,automatically calculation,,,R,,,R,,,Y,Y,Y,Y,Y,Y,,,,,,1361550,2118061,1361550,2118061,1361550,2118061,1361550,2118061,1361550,2118061,1361550,2118061,1361550,2118061,1361550,2118061,1361550,2118061,1361550,2118061,,28AK,28AL,LTI Accrual prev. Company GLC预提全球长期绩效奖金（前公司）GLC
CN,8L30,Accrual,Accrual,,,预提全球长期绩效奖金（现公司）GLC,,LTI Accrual intercomp.GLC,预提全球长期绩效奖金（现公司）GLC,LTI Accrual intercomp.GLC,预提全球长期绩效奖金（现公司）GLC,,,X,,,,,X,,,,,,4.1 Manage & Administer Rewards,SME-C&B,,,,,+,Amount,,,,,,,,,,Gross,N,,N,,N,N,N,N,N,N,N,N,N,N,N,Y,Y,With payroll driver,,,automatically calculation,,,R,,,R,,,Y,Y,Y,Y,Y,Y,,,,,,2118063,2561550,2118063,2561550,2118063,2561550,2118063,2561550,2118063,2561550,2118063,2561550,2118063,2561550,2118063,2561550,2118063,2561550,2118063,2561550,,28AM,28AN,LTI Accrual intercompany GLC预提全球长期绩效奖金（现公司）GLC
CN,8L31,Accrual,Accrual,,,全球长期绩效奖金负余额 GLC,,LTI Accrual Corr. neg.GLC,全球长期绩效奖金负余额 GLC,LTI Accrual Corr. neg.GLC,全球长期绩效奖金负余额 GLC,,,X,,,,,X,,,,,,4.1 Manage & Administer Rewards,SME-C&B,,,,,+,Amount,,,,,,,,,,Gross,N,,N,,N,N,N,N,N,N,N,N,N,N,N,Y,Y,With payroll driver,,,automatically calculation,,,R,,,R,,,Y,Y,Y,Y,Y,Y,,,,,,4060600,2118064,4060600,2118064,4060600,2118064,4060600,2118064,4060600,2118064,4060600,2118064,4060600,2118064,4060600,2118064,4060600,2118064,4060600,2118064,,28AO,28AP,LTI Accrual Corr. neg. GLC全球长期绩效奖金负余额GLC
CN,8L32,Accrual,Accrual,,,全球长期绩效奖金正余额 GLC,,LTI Accrual Corr. pos.GLC,全球长期绩效奖金正余额 GLC,LTI Accrual Corr. pos.GLC,全球长期绩效奖金正余额 GLC,,,X,,,,,X,,,,,,4.1 Manage & Administer Rewards,SME-C&B,,,,,+,Amount,,,,,,,,,,Gross,N,,N,,N,N,N,N,N,N,N,N,N,N,N,Y,Y,With payroll driver,,,automatically calculation,,,R,,,R,,,Y,Y,Y,Y,Y,Y,,,,,,2118066,4060600,2118066,4060600,2118066,4060600,2118066,4060600,2118066,4060600,2118066,4060600,2118066,4060600,2118066,4060600,2118066,4060600,2118066,4060600,,28AQ,28AR,LTI Accrual Corr. pos. GLC全球长期绩效奖金正余额GLC
Global STI accural,8L35,Accrual,Accrual,,,预提长期绩效奖金,,LTI Accrual 100%,预提长期绩效奖金,,,,,X,,,,,X,,,,,,4.1 Manage & Administer Rewards,SME-C&B,,,,,+,Amount,,,,,,,,,,Gross,N,,N,,N,N,N,N,N,N,N,N,N,N,N,Y,Y,With payroll driver,,,automatically calculation,,,R,,,R,,,Y,Y,Y,Y,Y,Y,,,,,,6011500,,6010400,,6010400,,6011500,,6011500,,6011500,,6011500,,6010400,,6010400,,6010400,,,280H,,LTI Accrual/Rev 100% non GLC预提/冲销长期绩效奖金非GLC
Global STI accural,8L39,Accrual,Accrual,,,预提长期绩效奖金差额,,LTI Accrual Delta,预提长期绩效奖金差额,,,,,X,,,,,X,,,,,,4.1 Manage & Administer Rewards,SME-C&B,,,,,+,Amount,,,,,,,,,,Gross,N,,N,,N,N,N,N,N,N,N,N,N,N,N,Y,Y,With payroll driver,,,automatically calculation,,,R,,,R,,,Y,Y,Y,Y,Y,Y,,,,,,4060600,,4060600,,4060600,,4060600,,4060600,,4060600,,4060600,,4060600,,4060600,,4060600,,,289H,,LTI Accrual/Rev Delta non GLC预提/冲销长期绩效奖金差额非GLC
Global STI accural,8L36,Accrual,Accrual,,,冲销长期绩效奖金,,LTI Accrual 100% Rev,冲销长期绩效奖金,,,,,X,,,,,X,,,,,,4.1 Manage & Administer Rewards,SME-C&B,,,,,+,Amount,,,,,,,,,,Gross,N,,N,,N,N,N,N,N,N,N,N,N,N,N,Y,Y,With payroll driver,,,automatically calculation,,,R,,,R,,,Y,Y,Y,Y,Y,Y,,,,,,,6011500,,6010400,,6010400,,6011500,,6011500,,6011500,,6011500,,6010400,,6010400,,6010400,,280H,,LTI Accrual/Rev 100% non GLC预提/冲销长期绩效奖金非GLC
Global STI accural,8L40,Accrual,Accrual,,,冲销长期绩效奖金差额,,LTI Accrual Delta Rev,冲销长期绩效奖金差额,,,,,X,,,,,X,,,,,,4.1 Manage & Administer Rewards,SME-C&B,,,,,+,Amount,,,,,,,,,,Gross,N,,N,,N,N,N,N,N,N,N,N,N,N,N,Y,Y,With payroll driver,,,automatically calculation,,,R,,,R,,,Y,Y,Y,Y,Y,Y,,,,,,,4060600,,4060600,,4060600,,4060600,,4060600,,4060600,,4060600,,4060600,,4060600,,4060600,,289H,,LTI Accrual/Rev Delta non GLC预提/冲销长期绩效奖金差额非GLC
Global STI accural,8L43,Accrual,Accrual,,,长期绩效奖金预提增长额,,LTI Accrual Increase,长期绩效奖金预提增长额,,,,,X,,,,,X,,,,,,4.1 Manage & Administer Rewards,SME-C&B,,,,,+,Amount,,,,,,,,,,Gross,N,,N,,N,N,N,N,N,N,N,N,N,N,N,Y,Y,With payroll driver,,,automatically calculation,,,R,,,R,,,Y,Y,Y,Y,Y,Y,,,,,,,2118072,,2118072,,2118072,,2118072,,2118072,,2118072,,2118072,,2118072,,2118072,,2118072,,,2897,LTI Accrual Increase non GLC长期绩效奖金预提增长额非GLC
Global STI accural,8L45,Accrual,Accrual,,,长期绩效奖金预提减少额,,LTI Accrual Decrease,长期绩效奖金预提减少额,,,,,X,,,,,X,,,,,,4.1 Manage & Administer Rewards,SME-C&B,,,,,+,Amount,,,,,,,,,,Gross,N,,N,,N,N,N,N,N,N,N,N,N,N,N,Y,Y,With payroll driver,,,automatically calculation,,,R,,,R,,,Y,Y,Y,Y,Y,Y,,,,,,2118076,,2118076,,2118076,,2118076,,2118076,,2118076,,2118076,,2118076,,2118076,,2118076,,,,289J,LTI Accrual Decrease non GLC长期绩效奖金预提减少额非GLC
Global STI accural,8L37,Accrual,Accrual,,,预提长期绩效奖金 GLC,,LTI Accrual 100% GLC,预提长期绩效奖金 GLC,,,,,X,,,,,X,,,,,,4.1 Manage & Administer Rewards,SME-C&B,,,,,+,Amount,,,,,,,,,,Gross,N,,N,,N,N,N,N,N,N,N,N,N,N,N,Y,Y,With payroll driver,,,automatically calculation,,,R,,,R,,,Y,Y,Y,Y,Y,Y,,,,,,6011500,,6010400,,6010400,,6011500,,6011500,,6011500,,6011500,,6010400,,6010400,,6010400,,,280L,,LTI Accrual/Rev 100% GLC预提/冲销长期绩效奖金GLC
Global STI accural,8L41,Accrual,Accrual,,,预提长期绩效奖金差额 GLC,,LTI Accrual Delta GLC,预提长期绩效奖金差额 GLC,,,,,X,,,,,X,,,,,,4.1 Manage & Administer Rewards,SME-C&B,,,,,+,Amount,,,,,,,,,,Gross,N,,N,,N,N,N,N,N,N,N,N,N,N,N,Y,Y,With payroll driver,,,automatically calculation,,,R,,,R,,,Y,Y,Y,Y,Y,Y,,,,,,4060600,,4060600,,4060600,,4060600,,4060600,,4060600,,4060600,,4060600,,4060600,,4060600,,,289L,,LTI Accrual/Rev Delta GLC预提/冲销长期绩效奖金差额GLC
Global STI accural,8L38,Accrual,Accrual,,,冲销长期绩效奖金 GLC,,LTI Accrual 100% Rev GLC,冲销长期绩效奖金 GLC,,,,,X,,,,,X,,,,,,4.1 Manage & Administer Rewards,SME-C&B,,,,,+,Amount,,,,,,,,,,Gross,N,,N,,N,N,N,N,N,N,N,N,N,N,N,Y,Y,With payroll driver,,,automatically calculation,,,R,,,R,,,Y,Y,Y,Y,Y,Y,,,,,,,6011500,,6010400,,6010400,,6011500,,6011500,,6011500,,6011500,,6010400,,6010400,,6010400,,280L,,LTI Accrual/Rev 100% GLC预提/冲销长期绩效奖金GLC
Global STI accural,8L42,Accrual,Accrual,,,冲销长期绩效奖金差额 GLC,,LTI Accrual Delta Rev GLC,冲销长期绩效奖金差额 GLC,,,,,X,,,,,X,,,,,,4.1 Manage & Administer Rewards,SME-C&B,,,,,+,Amount,,,,,,,,,,Gross,N,,N,,N,N,N,N,N,N,N,N,N,N,N,Y,Y,With payroll driver,,,automatically calculation,,,R,,,R,,,Y,Y,Y,Y,Y,Y,,,,,,,4060600,,4060600,,4060600,,4060600,,4060600,,4060600,,4060600,,4060600,,4060600,,4060600,,289L,,LTI Accrual/Rev Delta GLC预提/冲销长期绩效奖金差额GLC
Global STI accural,8L44,Accrual,Accrual,,,长期绩效奖金预提增长额 GLC,,LTI Accrual Increase GLC,长期绩效奖金预提增长额 GLC,,,,,X,,,,,X,,,,,,4.1 Manage & Administer Rewards,SME-C&B,,,,,+,Amount,,,,,,,,,,Gross,N,,N,,N,N,N,N,N,N,N,N,N,N,N,Y,Y,With payroll driver,,,automatically calculation,,,R,,,R,,,Y,Y,Y,Y,Y,Y,,,,,,,2118062,,2118062,,2118062,,2118062,,2118062,,2118062,,2118062,,2118062,,2118062,,2118062,,,2898,LTI Accrual Increase GLC长期绩效奖金预提增长额GLC
Global STI accural,8L46,Accrual,Accrual,,,长期绩效奖金预提减少额 GLC,,LTI Accrual Decrease GLC,长期绩效奖金预提减少额 GLC,,,,,X,,,,,X,,,,,,4.1 Manage & Administer Rewards,SME-C&B,,,,,+,Amount,,,,,,,,,,Gross,N,,N,,N,N,N,N,N,N,N,N,N,N,N,Y,Y,With payroll driver,,,automatically calculation,,,R,,,R,,,Y,Y,Y,Y,Y,Y,,,,,,2118066,,2118066,,2118066,,2118066,,2118066,,2118066,,2118066,,2118066,,2118066,,2118066,,,,289K,LTI Accrual Decrease GLC长期绩效奖金预提减少额GLC
CN,9/62,Payment-Inp,Social Security,SI/Inpat,6,外籍社保个人部分,8,Inpat SI,外籍社保个人部分, Social Security EE for Inpatriate,外籍社保个人部分,X,,,,,,,X,,,,,,4.4 Manage Payroll,SME-Payroll,Other benefits,Other benefits,,,+,Amount,,,,,,,,,,Gross,Salary,Y,Y,Y,Y,N,Y,N,N,Y,N,Y,N,N,N,N,Y,With payroll driver,,,automatically calculation,,,R,,R,W,,,Y,Y,Y,Y,Y,Y,,,,,,6011000,2503300,6010050,2503001,6010050,2503001,6011000,2503300,6011000,2503300,6011000,2503300,6011000,2503300,6010050,2503001,6010050,2503001,6010050,2503001,new,2839,28I9,Inpat SI外籍社保个人部分
CN,3700,Payment-Inp,Allowance,C.H.NFC,7,健康保险,6,Continental Health Ins.-N FC,健康保险,Continental Health Insurance – NFC,健康保险,X,,,,,,,X,,,,,,4.1 Manage & Administer Rewards,SME for S&S/SME-C&B,Mobility-related compensation,Mobility allowances,,,+,Amount,,,,,,,X,,,Net,Salary,Y,Y,Y,N,Y,N,N,N,Y,Y,Y,N,N,N,N,N,Not Applicable,,,"payment amount, payment time",,,W,,R,R,,,Y,Y,Y,Y,Y,Y,,,,,,6011000,2503300,6010050,2503001,6010050,2503001,6011000,2503300,6011000,2503300,6011000,2503300,6011000,2503300,6010050,2503001,6010050,2503001,6010050,2503001,new,2829,28H9,Continental Health Ins.NFC健康保险
CN,7130,Payment,T&A,OTadjN,,加班调整—本币,,OT Payment Adjustment_NCNY,加班薪资/调整-本币,Overtime Payment Adjustment—Net CNY,加班薪资/调整-本币,X,,,,,,,X,,,,,,6.6 Manage Time & Attendance,SME-T&A,Base Pay,Other time related pay,,,+,Hours/Amount,,,,,,,X,,,Net,Salary,Y,Y,Y,N,Y,N,N,N,Y,Y,Y,N,N,N,N,Y,With payroll driver,,,automatically calculation,,,R,R,R,R,,,N,N,N,N,N,Y,,,,,,6011700,2503300,6011700,2503001,6011700,2503001,6011700,2503300,6011700,2503300,6011700,2503300,6011700,2503300,6011700,2503001,6011700,2503001,6011700,2503001,new,2885,28N5,Overtime Payment Adjustment加班薪资调整
CN,7205,Payment,T&A,Ded/Sick5,,病假扣除/调整,,Sick Leaves Deduction adj,病假扣除调整,Unpaid Sick Leave Deduction adjustment,病假扣除/调整,X,,X,X,,,,,,X,,,,6.6 Manage Time & Attendance,SME-T&A,Base Pay,Other time related pay,,,-,Days/Amount,,,,,,,X,,,Gross,Salary,Y,Y,Y,Y,N,Y,N,N,Y,Y,Y,N,N,N,N,Y,With payroll driver,,,,,,R,R,,R,,,Y,Y,Y,Y,Y,Y,,,,,,2503300,6011000,2503001,6010050,2503001,6010050,2503300,6011000,2503300,6011000,2503300,6011000,2503300,6011000,2503001,6010050,2503001,6010050,2503001,6010050,new,2886,28N6,Unpaid Sick Leave deduction病假薪资扣除
CN,7215,Payment,T&A,Ded/Unp1,,事假扣除/调整,,Unpaid Leave Deduction adj,事假薪资扣除/调整,Unpaid Leave deduction adj,事假薪资扣除/调整,X,,X,X,,,,,,X,,,,6.6 Manage Time & Attendance,SME-T&A,Base Pay,Other time related pay,,,-,Days/Amount,,,,,,,X,,,Gross,Salary,Y,Y,Y,Y,N,Y,N,N,Y,Y,Y,N,N,N,N,Y,With payroll driver,,,,,,R,R,,R,,,Y,Y,Y,Y,Y,Y,,,,,,2503300,6011000,2503001,6010050,2503001,6010050,2503300,6011000,2503300,6011000,2503300,6011000,2503300,6011000,2503001,6010050,2503001,6010050,2503001,6010050,new,2887,28N7,Unpaid Leave deduction 事假薪资扣除
CN,7225,Payment-Inp,T&A,NPLCNY1,,事假扣除调整-本币,,Unpaid Leave Dedu adj-N CNY,事假薪资扣除调整-本币,"Unpaid Leave dedution adjustment for Inpatriates
Deducted at 100% of personal daily rate",事假薪资扣除调整-本币,X,,,,,,,X,,,,,,6.6 Manage Time & Attendance,SME-T&A,Base Pay,Other time related pay,,,-,Days/Amount,,,,,,,X,,,Net,Salary,Y,Y,Y,N,Y,N,N,Y,Y,Y,Y,N,N,N,N,Y,With payroll driver,,,automatically calculation,,,R,R,R,R,,,Y,Y,Y,Y,Y,Y,,,,,,2503300,6011000,2503001,6010050,2503001,6010050,2503300,6011000,2503300,6011000,2503300,6011000,2503300,6011000,2503001,6010050,2503001,6010050,2503001,6010050,new,2887,28N7,Unpaid Leave deduction 事假薪资扣除
CN,7415,Payment,Allowance,All/Shi,,倒班津贴调整,,Shift Allowance adj,倒班津贴调整,Shift Allowance adj,倒班津贴调整,X,,X,X,,,,,,X,,,,6.6 Manage Time & Attendance,SME-T&A,Base Pay,Other time related pay,,,+,Amount,,,,,,,X,,,Gross,Salary,Y,Y,Y,Y,N,N,N,N,Y,Y,Y,N,N,N,N,Y,With payroll driver,,,,,,R,W,,R,,,N,Y,N,N,Y,Y,,,,,,6011000,2503300,6011600,2503001,6011600,2503001,6011000,2503300,6011540,2503300,6011600,2503300,6011000,2503300,6011600,2503001,6011600,2503001,6011600,2503001,new,282M,28N9,Shift Allowance倒班津贴
CN,7320,Payment,T&A,Ful.AL,6,付薪休假,4,Full Paid Leave,付薪休假,Compensation for full paid leave,付薪休假,X,,X,X,,,,,,X,,,,6.6 Manage Time & Attendance,SME-T&A,Base Pay,Other time related pay,,,+,Days/Amount,,,,,,,X,,,Gross,Salary,Y,Y,Y,Y,N,N,N,N,Y,Y,Y,N,N,N,N,Y,With payroll driver,,,,,,R,R,,R,,,Y,Y,Y,Y,Y,Y,,,,,,6020100,2503300,6020100,2503001,6020100,2503001,6020100,2503300,6020100,2503300,6020100,2503300,6020100,2503300,6020100,2503001,6020100,2503001,6020100,2503001,new,2874,28M4,Full Paid Leave付薪休假
CN,7330,Payment-Inp,T&A,Ful.CNY,6,付薪休假-本币,7,Full Paid-Net CNY,付薪休假-本币,Compensation for full paid leave for inpat,付薪休假-本币,X,,,,,,,X,,,,,,6.6 Manage Time & Attendance,SME-T&A,Base Pay,Other time related pay,,,+,Days/Amount,,,,,,,X,,,Net,Salary,Y,Y,Y,N,Y,N,N,N,Y,Y,Y,N,N,N,N,Y,with payroll driver,,,automatically calculation,,,R,R,R,R,,,Y,Y,Y,Y,Y,Y,,,,,,6020100,2503300,6020100,2503001,6020100,2503001,6020100,2503300,6020100,2503300,6020100,2503300,6020100,2503300,6020100,2503001,6020100,2503001,6020100,2503001,new,2874,28M4,Full Paid Leave付薪休假
CN,2500,Payment,Salary,Int.All,7,实习生/劳务津贴,5,Int/Ser Allowance,实习生/劳务津贴,Intern Allowance,实习生/劳务津贴,X,,,,,X,,,,,,,,4.4 Manage Payroll,SME-Payroll,Base Pay,Other job related pay,,,+,Amount,,,,,,,X,,,Gross,Salary,Y,Y,N,Y,N,N,N,N,N,N,N,N,N,N,N,N,Not Applicable,,,"payment amount, payment time",,,R,,,W,,,Y,Y,Y,Y,Y,Y,,,,,,6042050,2503300,6042050,2503001,6042050,2503001,6042050,2503300,6042050,2503300,6042050,2503300,6042050,2503300,6042050,2503001,6042050,2503001,6042050,2503001,new,2841,28J1,Intern.Service Allowance实习生/劳务津贴
CN,7010,Payment,Salary,Int.OT,6,实习生/劳务加班,8,Int/Ser Overtime,实习生/劳务加班,Int/Ser Overtime,实习生/劳务加班,X,,,,,X,,,,,,,,4.4 Manage Payroll,SME-Payroll,Base Pay,Other job related pay,,,+,Amount,,,,,,,X,,,Gross,Salary,Y,Y,N,Y,N,N,N,N,N,N,N,N,N,N,N,N,Not Applicable,,,"payment amount, payment time",,,R,,,W,,,Y,Y,Y,Y,Y,Y,,,,,,6042050,2503300,6042050,2503001,6042050,2503001,6042050,2503300,6042050,2503300,6042050,2503300,6042050,2503300,6042050,2503001,6042050,2503001,6042050,2503001,new,2840,28J0,Intern.Service Overtime实习生/劳务加班
CN,5190,Payment,Taxable,Tax.Pre,7,实习生/劳务其他计税,4,Int/Ser Other Taxable,实习生/劳务其他计税,Int/Ser Other Taxable,实习生/劳务其他计税,X,,,,,X,,,,X,,,,4.4 Manage Payroll,SME-Payroll,Third Party deductions,Third Party deductions,,,+,Amount,,,,,,,X,,,Gross,Salary,Y,Y,N,Y,N,N,N,Y,N,Y,N,N,N,N,N,N,Not Applicable,,,Payment Amount + Pay Time,,,R,,,W,,,Y,Y,Y,Y,Y,Y,,,,,,-,-,-,-,-,-,-,-,-,-,-,-,-,-,-,-,-,-,-,-,new,,,
CN,5370,Payment,Salary,Int.oth,,实习生/劳务其他补发,10,Int/Ser Other Payment,实习生/劳务其他补发,Int/Ser Other Payment,实习生/劳务其他补发,X,,,,,X,,,,,,,,4.4 Manage Payroll,SME-Payroll,Base Pay,Other job related pay,,,+,Amount,,,,,,,X,,,Gross,Salary,Y,Y,N,Y,N,N,N,N,N,N,N,N,N,N,N,N,Not Applicable,,,"payment amount, payment time",,,R,,,W,,,Y,Y,Y,Y,Y,Y,,,,,,6042050,2503300,6042050,2503001,6042050,2503001,6042050,2503300,6042050,2503300,6042050,2503300,6042050,2503300,6042050,2503001,6042050,2503001,6042050,2503001,new,2846,28J6,Int/Ser Other Payment实习生/劳务其他补发
CN,3200,Payment,Taxable,Tax.Hou,,公积金上税部分,7,Taxable Housing Fund,公积金上税部分,Taxable Housing Fund,公积金上税部分,X,,X,X,,,,,,,,,,4.4 Manage Payroll,SME-Payroll,Other benefits,Other benefits,,,+,Amount,,,,,,,X,,,Gross,Salary,Y,Y,Y,Y,N,N,N,Y,Y,Y,Y,N,N,N,N,N,Not Applicable,,,Payment Amount,,,R,,,W,,,Y,Y,Y,Y,Y,Y,,,,,,-,-,-,-,-,-,-,-,-,-,-,-,-,-,-,-,-,-,-,-,new,,,
CN,3750,Payment,Allowance,Other.A,7,其他津贴,4,Other Allowance,其他津贴,Other Allowance,其他津贴,X,,X,X,,,,,,,,,,4.1 Manage & Administer Rewards,SME-C&B,Others,Others,,,+,Amount,,,,X,,,,,,Gross,Salary,Y,Y,Y,Y,N,N,N,N,Y,Y,Y,N,N,N,N,N,Not Applicable,,,"payment amount, payment time",Newly create WT,,W,,,R,,,Y,Y,Y,Y,Y,Y,,,,,,6011000,2503300,6010050,2503001,6010050,2503001,6011000,2503300,6011000,2503300,6011000,2503300,6011000,2503300,6010050,2503001,6010050,2503001,6010050,2503001,New,2813,28G3,Other Allowance其他津贴
CN,5900,Tax Adj,Tax Adj,AHeat ER,8,个人所得税调整,8,Tax Adjustment,个人所得税调整,Adjusted Heating Subsidies company contribution,取暖补贴公司调整部分,,,X,X,,,X,,,X,,,,4.4 Manage Payroll,SME-Payroll,,,,,+,Amount,,,,,,,X,,,,,,,,,,,,,,,,,,,,,,,,,,,,,,,,,,,,,,,,,,,,,,,,,,,,,,,,,,,,,,,,,,,
CN,5083,Payment,Others,Award,7,奖励金,3,One Time Award,一次性奖励金,One Time Award,一次性奖励金,X,,x,x,,,,,,x,,,,4.1 Manage & Administer Rewards,SME-C&B,Other payment,Other payment,,,+,Amount,,,,,,,x,,,Gross,Bonus,Y,Y,Y,Y,N,N,N,N,Y,Y,Y,N,N,N,N,N,Not Applicable,,,payment amount and payment time,,,W,,,R,,,,,,,Y,,,,,,,,,,,,,,,2169004,2503300,,,,,,,,,,,,28B7,28B6,One-Time Award 一次性奖励金
CN,3103,Payment,Benefit,Ben/Fes,7,自选贺金-重阳,7,Double ninth festival,自选贺金-重阳,Double ninth festival,自选贺金-重阳,X,,X,X,,,,,,X,,,,4.2 Manage & Administer Benefits,SME-C&B,Other benefits,Other benefits,,,+,Amount,,,,,,,X,,,Gross,Salary,Y,Y,Y,Y,N,N,N,N,Y,Y,Y,N,N,N,N,N,Not Applicable,,,payment amount and payment time,,,W,,,R,,,Y,Y,Y,Y,Y,Y,,,,,,6023520,2503300,6023500,2503001,6023500,2503001,6023520,2503300,6023520,2503300,6023520,2503300,6023520,2503300,6023500,2503001,6023500,2503001,6023500,2503001,,2844,28J4,Festival Bonus 自选贺金
CN,3104,Taxable,Benefit,Ben/Movi,8,自选电影票,5,Movie ticket,自选电影票,Movie ticket,自选电影票,X,,X,X,,,,,,X,,,,4.2 Manage & Administer Benefits,SME-C&B,Other benefits,Other benefits,,,+,Amount,,,,,,,X,,,Gross,Salary,Y,Y,Y,Y,N,N,N,N,Y,Y,Y,N,N,N,N,N,Not Applicable,,,payment amount ,,,W,,,R,,,N,N,N,N,Y,Y,,,,,,,,,,,,,,,,,,,,,,,,,,,,,Festival Bonus 自选贺金
CN,3105,Taxable,Benefit,Ben/Gift,8,自选礼品卡,5,Book coupon/gift card,自选礼品卡,Book coupon/gift card,自选礼品卡,X,,X,X,,,,,,X,,,,4.2 Manage & Administer Benefits,SME-C&B,Other benefits,Other benefits,,,+,Amount,,,,,,,X,,,Gross,Salary,Y,Y,Y,Y,N,N,N,N,Y,Y,Y,N,N,N,N,N,Not Applicable,,,payment amount ,,,W,,,R,,,N,N,N,N,Y,Y,,,,,,,,,,,,,,,,,,,,,,,,,,,,,Festival Bonus 自选贺金
CN,3106,Taxable,Benefit,Ben/Gym,7,自选健身卡,5,Gym card,自选健身卡,Gym card,自选健身卡,X,,X,X,,,,,,X,,,,4.2 Manage & Administer Benefits,SME-C&B,Other benefits,Other benefits,,,+,Amount,,,,,,,X,,,Gross,Salary,Y,Y,Y,Y,N,N,N,N,Y,Y,Y,N,N,N,N,N,Not Applicable,,,payment amount ,,,W,,,R,,,N,N,N,N,Y,Y,,,,,,,,,,,,,,,,,,,,,,,,,,,,,Festival Bonus 自选贺金
CN,3107,Taxable,Benefit,Ben/Gym,7,自选生日卡,5,Bircard,自选生日卡,Birthday card,自选生日卡,X,,X,X,,,,,,X,,,,4.2 Manage & Administer Benefits,SME-C&B,Other benefits,Other benefits,,,+,Amount,,,,,,,X,,,Gross,Salary,Y,Y,Y,Y,N,N,N,N,Y,Y,Y,N,N,N,N,N,Not Applicable,,,payment amount ,,,W,,,R,,,N,N,N,N,Y,Y,,,,,,,,,,,,,,,,,,,,,,,,,,,,,Festival Bonus 自选贺金
CN,3800,Auto-calculate,Benefit,Sav/base,,储蓄金税前额,,Sav/curr,储蓄金税前额,Savings Deposit curr. mth,储蓄金税前额,,,X,X,,,X,,,,,,,4.2 Manage & Administer Benefits,SME-C&B,Other benefits,Other benefits,,,,,,,,,,,,,,,N,N,N,N,N,N,N,N,N,N,N,N,N,N,N,N,Y,With payroll driver,,,automatically calculation,,,R,,,R,R,,Y,N,N,N,Y,N,,,,,,,,,,,,,,,,,,,,,,,,,,,,,
CN,3801,adjust,Benefit,Sav/adj,,储蓄金调整,,Sav/adju,储蓄金调整,Saving adjust,储蓄金调整,,,X,X,,,X,,,,,,,4.2 Manage & Administer Benefits,SME-C&B,Other benefits,Other benefits,,,,Amount,,,,,,,X,,,,N,N,N,N,N,N,N,N,N,N,N,N,N,N,N,N,N,Not Applicable,,,Payment Amount,,,R,,,R,R,,Y,N,N,N,Y,N,,,,,,,,,,,,,,,,,,,,,,,,,,,,,
CN,3810,Auto-calculate,Benefit,Sav/retro,,储蓄金税前调整额,,Sav/retr,储蓄金税前调整额,Savings Deposit Retro,储蓄金税前调整额,,,X,X,,,X,,,,,,,4.2 Manage & Administer Benefits,SME-C&B,Other benefits,Other benefits,,,,,,,,,,,,,,,N,N,N,N,N,N,N,N,N,N,N,N,N,N,N,N,Y,With payroll driver,,,automatically calculation,,,R,,,R,R,,Y,N,N,N,Y,N,,,,,,,,,,,,,,,,,,,,,,,,,,,,,
CN,3820,Auto-calculate,Benefit,Sav/iit,,个人所得税(储蓄金),,Sav/tax,个人所得税(储蓄金),Tax for Savings Deposit,个人所得税(储蓄金),X,,X,X,,,X,,,,,,,4.2 Manage & Administer Benefits,SME-C&B,Other benefits,Other benefits,,,,,,,,,,,,,,,N,N,N,N,N,N,N,N,N,N,N,N,N,N,N,N,Y,With payroll driver,,,automatically calculation,,,R,,,R,R,,Y,N,N,N,Y,N,,,,,,6011500,2503300,6010400,2503001,6010400,2503001,6011500,2503300,6011500,2503300,6012520,2503300,6011500,2503300,6010400,2503001,6010400,2503001,6010400,2503001,,280E,28FF,Tax for Savings Deposit 个人所得税（储蓄金）
CN,3830,Auto-calculate,Benefit,sav/net,,储蓄金税后实存额,,Sav/net,储蓄金税后实存额,After-Tax Savings Deposit,储蓄金税后实存额,X,,X,X,,,X,,,,,,,4.2 Manage & Administer Benefits,SME-C&B,Other benefits,Other benefits,,,,,,,,,,,,,,,N,N,N,N,N,N,N,N,N,N,N,N,N,N,N,N,Y,With payroll driver,,,automatically calculation,,,R,,,R,R,,Y,N,N,N,Y,N,,,,,,6011500,2513315,6010400,2503302,6010400,2503302,6011500,2513315,6011500,2513315,6012520,2513315,6011500,2513315,6010400,2503302,6010400,2503302,6010400,2503302,,280G,28FG,After-Tax Savings Deposit储蓄金税后实存额
CN,3840,Auto-calculate,Benefit,Sav/DT,,储蓄金回算差额(DT表内部用),,Sav/R-DT,储蓄金回算差额(DT表内部用),Savings Deposit Retro DT,储蓄金回算差额(DT表内部用),,,X,X,,,X,,,,,,,4.2 Manage & Administer Benefits,SME-C&B,Other benefits,Other benefits,,,,,,,,,,,,,,,N,N,N,N,N,N,N,N,N,N,N,N,N,N,N,N,Y,With payroll driver,,,automatically calculation,,,R,,,R,R,,Y,N,N,N,Y,N,,,,,,,,,,,,,,,,,,,,,,,,,,,,,
CN,3850,Auto-calculate,Benefit,Sav/flowout,,本月储蓄金扣减差额流出,,Sav/-out,本月储蓄金扣减差额流出,Savings deduct. flow-out,本月储蓄金扣减差额流出,,,X,X,,,X,,,,,,,4.2 Manage & Administer Benefits,SME-C&B,Other benefits,Other benefits,,,,,,,,,,,,,,,N,N,N,N,N,N,N,N,N,N,N,N,N,N,N,N,Y,With payroll driver,,,automatically calculation,,,R,,,R,R,,Y,N,N,N,Y,N,,,,,,,,,,,,,,,,,,,,,,,,,,,,,
CN,3860,Auto-calculate,Benefit,Sav/flowin,,上月储蓄金扣减差额流入,,Sav/-in,上月储蓄金扣减差额流入,Savings deduct. flow-in,上月储蓄金扣减差额流入,,,X,X,,,X,,,,,,,4.2 Manage & Administer Benefits,SME-C&B,Other benefits,Other benefits,,,,,,,,,,,,,,,N,N,N,N,N,N,N,N,N,N,N,N,N,N,N,N,Y,With payroll driver,,,automatically calculation,,,R,,,R,R,,Y,N,N,N,Y,N,,,,,,,,,,,,,,,,,,,,,,,,,,,,,
CN,3870,Auto-calculate,Benefit,Sav/rate w/o sav,,不含储蓄金当月收入税率,,Sav/RA-w,不含储蓄金当月收入税率,IIT Rate w/o Savings Dep.,不含储蓄金当月收入税率,,,X,X,,,X,,,,,,,4.2 Manage & Administer Benefits,SME-C&B,Other benefits,Other benefits,,,,,,,,,,,,,,,N,N,N,N,N,N,N,N,N,N,N,N,N,N,N,N,Y,With payroll driver,,,automatically calculation,,,R,,,R,R,,Y,N,N,N,Y,N,,,,,,,,,,,,,,,,,,,,,,,,,,,,,
CN,3880,Auto-calculate,Benefit,Sav/iit w/o sav,,个人所得税(薪资),,Sav/TX-w,个人所得税(薪资),Tax from salary,个人所得税(薪资),,,X,X,,,X,,,,,,,4.2 Manage & Administer Benefits,SME-C&B,Other benefits,Other benefits,,,,,,,,,,,,,,,N,N,N,N,N,N,N,N,N,N,N,N,N,N,N,N,Y,With payroll driver,,,automatically calculation,,,R,,,R,R,,Y,N,N,N,Y,N,,,,,,,,,,,,,,,,,,,,,,,,,,,,,
CN,3890,Auto-calculate,Benefit,Sav/base w/o sav,,不含储蓄金当月个税基数,,Sav/TB-w,不含储蓄金当月个税基数,Tax base before gross-up,不含储蓄金当月个税基数,,,X,X,,,X,,,,,,,4.2 Manage & Administer Benefits,SME-C&B,Other benefits,Other benefits,,,,,,,,,,,,,,,N,N,N,N,N,N,N,N,N,N,N,N,N,N,N,N,Y,With payroll driver,,,automatically calculation,,,R,,,R,R,,Y,N,N,N,Y,N,,,,,,,,,,,,,,,,,,,,,,,,,,,,,
CN,3011,Payment,Others,All/Ber,7,抚恤金,3,Bereavement Payment,抚恤金,Bereavement Payment,抚恤金,X,,x,x,,,,,,x,,,,4.1 Manage & Administer Rewards,SME-C&B,Other payment,Other payment,,,+,Amount,,,,,,,x,,,Gross,Salary,,N,N,N,N,N,N,N,N,N,N,N,N,N,N,N,Not Applicable,,,payment amount and payment time,,,,,,R,W,,Y,Y,Y,Y,Y,Y,Y,Y,Y,Y,,6011540,2503300,6010050,2503001,6010050,2503001,6011540,2503300,6011540,2503300,6011000,2503300,6011540,2503300,6010050,2503001,6010050,2503001,6010050,2503001,,280F,28BB,Bereavement 抚恤金
CN,5700,Payment,Others,MSD Pension Balance,,默沙东养老金结转费,,MSD Pension Account Balance,默沙东养老金结转费,MSD Pension Account Balance,默沙东养老账户结转费,X,,x,x,,,X,,,x,,,,04.16 VarComp–Other Bonus&ProfitSharing,SME-C&B,Other payment,Other payment,,,+,Amount,,,,,,,x,,,Gross,one time bonus,Y,Y,Y,N,N,N,N,N,Y,Y,Y,N,N,N,,N,Not Applicable,,,payment amount and payment time,New created WT,,W,,,R,R,,Y,Y,Y,Y,Y,Y,Y,Y,Y,Y,,,,,,,,,,,,,,,,,,,,,,,280M,28BD,MSD Pension Balance默沙东养老金结转费
CN,5710,Payment,Others,MSD Housing  Balance,,默沙东住房账户结转费,,MSD Housing Account Balance,默沙东住房账户结转费,MSD Housing Account Balance,默沙东住房账户结转费,X,,x,x,,,X,,,x,,,,04.16 VarComp–Other Bonus&ProfitSharing,SME-C&B,Other payment,Other payment,,,+,Amount,,,,,,,x,,,Gross,one time bonus,Y,Y,Y,N,N,N,N,N,Y,Y,Y,N,N,N,,N,Not Applicable,,,payment amount and payment time,New created WT,,W,,,R,R,,Y,Y,Y,Y,Y,Y,Y,Y,Y,Y,,,,,,,,,,,,,,,,,,,,,,,280N,28BE,MSD Housing  Balance默沙东住房账户结转费
CN,5720,Payment,Others,Caring Bonus,,关爱奖,,Caring Bonus,关爱奖,Caring Bonus,关爱奖,X,,x,x,,,X,,,x,,,,04.16 VarComp–Other Bonus&ProfitSharing,SME-C&B,Other payment,Other payment,,,+,Amount,,,,,,,x,,,Gross,one time bonus,Y,Y,Y,N,N,N,N,N,Y,Y,Y,N,N,N,,N,Not Applicable,,,payment amount and payment time,New created WT,,W,,,R,R,,Y,Y,Y,Y,Y,Y,Y,Y,Y,Y,,,,,,,,,,,,,,,,,,,,,,,280P,28BF,Caring Bonus关爱奖
CN,5730,Payment,Others,LTITrans,,过渡期长期激励奖,, LTI Transitional Payment,过渡期长期激励奖, LTI Transitional Payment,过渡期长期激励奖,X,,X,X,,,X,,,X,,,,04.16 VarComp–Other Bonus&ProfitSharing,SME-C&B,Other payment,Other payment,,,+,Amount,,,,,,,x,,,Gross?,Salary,Y,Y,Y,Y,N,N,N,N,Y,Y,Y,N,N,N,,N,Not Applicable,,,payment amount and payment time,New created WT,,W,,,R,R,,Y,Y,Y,Y,Y,Y,Y,Y,Y,Y,,,,,,,,,,,,,,,,,,,,,,,280Q,28BG,MSD LTI默沙东长期绩效奖金
CN,5740,Payment,Others,MSD Year-end Bonus,,默沙东十三薪,,MSD Year-end Bonus,默沙东十三薪,MSD Year-end Bonus,默沙东长期绩效奖金,X,,X,X,,,X,,,X,,,,04.16 VarComp–Other Bonus&ProfitSharing,SME-C&B,Other payment,Other payment,,,+,Amount,,,,,,,x,,,Gross,,Y,Y,Y,Y,N,N,N,N,Y,Y,Y,N,N,N,,N,Not Applicable,,,payment amount and payment time,New created WT,,W,,,R,R,,Y,Y,Y,Y,Y,Y,Y,Y,Y,Y,,,,,,,,,,,,,,,,,,,,,,,280R,28BH, MSD Year-end Bonus默沙东十三薪
CN,5560,payment,Others,Compliance Bonus,,合规奖金,,Compliance Bonus,合规奖金,Compliance Bonus,合规奖金,X,,X,X,,,X,,,X,,,,04.16 VarComp–Other Bonus&ProfitSharing,SME-C&B,Other payment,Other payment,,,+,Amount,,,,,,,x,,,Gross,Salary,Y,Y,Y,Y,N,N,N,N,y,Y,Y,N,N,N,,N,Not Applicable,,,payment amount and payment time,New created WT,,W,,,R,R,,Y,Y,Y,Y,Y,Y,Y,Y,Y,Y,,,,,,,,,,6011500,2503300,,,,,,,,,,,,280S,28BI,Compliance Bonus合规奖金
CN,5701,Payment,Others,MSD Pension Early Payout,,默沙东养老金提前支付额,,MSD Pension Early Payout,默沙东养老金提前支付额,MSD Pension Early Payout,默沙东养老金提前支付额,X,,x,x,,,X,,,x,,,,04.16 VarComp–Other Bonus&ProfitSharing,SME-C&B,Other payment,Other payment,,,+,Amount,,,,,,,x,,,Gross,Salary,Y,Y,Y,Y,N,N,N,N,Y,Y,Y,N,N,N,,N,Not Applicable,,,payment amount and payment time,New created WT,,W,,,R,R,,Y,Y,Y,Y,Y,Y,Y,Y,Y,Y,,,,,,,,,,,,,,,,,,,,,,,280T,28BJ,MSD Pension Early Payout默沙东养老金提前支付额
CN,5711,Payment,Others,MSD Housing Early Payout,,默沙东住房提前支付额,,MSD Housing Early Payout,默沙东住房提前支付额,MSD Housing Early Payout,默沙东住房提前支付额,X,,x,x,,,X,,,x,,,,04.16 VarComp–Other Bonus&ProfitSharing,SME-C&B,Other payment,Other payment,,,+,Amount,,,,,,,x,,,Gross,Salary,Y,Y,Y,Y,N,N,N,N,Y,Y,Y,N,N,N,,N,Not Applicable,,,payment amount and payment time,New created WT,,W,,,R,R,,Y,Y,Y,Y,Y,Y,Y,Y,Y,Y,,,,,,,,,,,,,,,,,,,,,,,280U,28BK,MSD Housing Early Payout默沙东住房提前支付额
CN,5721,Payment,Others,Caring Bonus Early Payout,,关爱奖提前支付额,,Caring Bonus Early Payout,关爱奖提前支付额,Caring Bonus Early Payout,关爱奖提前支付额,X,,x,x,,,X,,,x,,,,04.16 VarComp–Other Bonus&ProfitSharing,SME-C&B,Other payment,Other payment,,,+,Amount,,,,,,,x,,,Gross,Salary,Y,Y,Y,Y,N,N,N,N,Y,Y,Y,N,N,N,,N,Not Applicable,,,payment amount and payment time,New created WT,,W,,,R,R,,Y,Y,Y,Y,Y,Y,Y,Y,Y,Y,,,,,,,,,,,,,,,,,,,,,,,280V,28BL,Caring Bonus Early Payout关爱奖提前支付额