company_id,company_name,company_aliases,legal_name,company_market_status,sector_primary,listing_exchange,ticker,country,employee_band,universe,universe_as_of,universe_source_url,notes,signal_type,signal_date,signal_evidence_url,confidence,opportunity_score
C001,阿里巴巴,阿里巴巴（中国）有限公司,阿里巴巴（中国）有限公司,private,internet_software,,,CN,enterprise_group,ACFIC Private 500 2024,2026-04-18,https://www.acfic.org.cn/qlyw/202410/t20241012_229493.html,dedupe_key=阿里巴巴; provenance=ACFIC Private 500 2024; acfic_rank=2; acfic_province=浙江省; acfic_revenue_wan_rmb=92749400,hiring_signal,2026-03-27,https://www.baidu.com/s?wd=%E9%98%BF%E9%87%8C%E5%B7%B4%E5%B7%B4%202026%20%E6%A0%A1%E6%8B%9B,M,75
C002,腾讯控股,腾讯控股有限公司,腾讯控股有限公司,private,internet_software,,,CN,enterprise_group,ACFIC Private 500 2024,2026-04-18,https://www.acfic.org.cn/qlyw/202410/t20241012_229493.html,dedupe_key=腾讯控股; provenance=ACFIC Private 500 2024; acfic_rank=6; acfic_province=广东省; acfic_revenue_wan_rmb=60901500,,,,,
C003,美团,北京三快在线科技有限公司（美团）,北京三快在线科技有限公司（美团）,private,internet_software,,,CN,enterprise_group,ACFIC Private 500 2024,2026-04-18,https://www.acfic.org.cn/qlyw/202410/t20241012_229493.html,dedupe_key=美团; provenance=ACFIC Private 500 2024; acfic_rank=22; acfic_province=北京市; acfic_revenue_wan_rmb=27674495,hiring_signal,2026-03-15,https://www.baidu.com/s?wd=%E7%BE%8E%E5%9B%A2%202026%20%E6%A0%A1%E6%8B%9B,M,75
C004,上海钢联,上海找钢网信息科技股份有限公司,上海找钢网信息科技股份有限公司,private,internet_software,,,CN,enterprise_group,ACFIC Private 500 2024,2026-04-18,https://www.acfic.org.cn/qlyw/202410/t20241012_229493.html,dedupe_key=上海钢联; provenance=ACFIC Private 500 2024; acfic_rank=51; acfic_province=上海市; acfic_revenue_wan_rmb=16265561,hiring_signal,2026-04-06,https://www.baidu.com/s?wd=%E4%B8%8A%E6%B5%B7%E6%89%BE%E9%92%A2%E7%BD%91%E4%BF%A1%E6%81%AF%E7%A7%91%E6%8A%80%E8%82%A1%E4%BB%BD%E6%9C%89%E9%99%90%E5%85%AC%E5%8F%B8%202026%20%E6%A0%A1%E6%8B%9B,M,75
C005,拼多多,上海寻梦信息技术有限公司,上海寻梦信息技术有限公司,private,internet_software,,,CN,enterprise_group,ACFIC Private 500 2024,2026-04-18,https://www.acfic.org.cn/qlyw/202410/t20241012_229493.html,dedupe_key=拼多多; provenance=ACFIC Private 500 2024; acfic_rank=64; acfic_province=上海市; acfic_revenue_wan_rmb=13589291,hiring_signal,2026-04-07,https://www.baidu.com/s?wd=%E4%B8%8A%E6%B5%B7%E5%AF%BB%E6%A2%A6%E4%BF%A1%E6%81%AF%E6%8A%80%E6%9C%AF%E6%9C%89%E9%99%90%E5%85%AC%E5%8F%B8%202026%20%E6%A0%A1%E6%8B%9B,M,75
C006,百度,百度公司,百度公司,private,internet_software,,,CN,enterprise_group,ACFIC Private 500 2024,2026-04-18,https://www.acfic.org.cn/qlyw/202410/t20241012_229493.html,dedupe_key=百度; provenance=ACFIC Private 500 2024; acfic_rank=67; acfic_province=北京市; acfic_revenue_wan_rmb=13459800,hiring_signal,2026-03-19,https://www.baidu.com/s?wd=%E7%99%BE%E5%BA%A6%202026%20%E6%A0%A1%E6%8B%9B,M,75
C007,云账户,云账户技术（天津）有限公司,云账户技术（天津）有限公司,private,internet_software,,,CN,enterprise_group,ACFIC Private 500 2024,2026-04-18,https://www.acfic.org.cn/qlyw/202410/t20241012_229493.html,dedupe_key=云账户; provenance=ACFIC Private 500 2024; acfic_rank=90; acfic_province=天津市; acfic_revenue_wan_rmb=10844964,,,,,
C008,网易,网易（杭州）网络有限公司,网易（杭州）网络有限公司,private,internet_software,,,CN,enterprise_group,ACFIC Private 500 2024,2026-04-18,https://www.acfic.org.cn/qlyw/202410/t20241012_229493.html,dedupe_key=网易; provenance=ACFIC Private 500 2024; acfic_rank=94; acfic_province=浙江省; acfic_revenue_wan_rmb=10346816,hiring_signal,2026-03-29,https://www.baidu.com/s?wd=%E7%BD%91%E6%98%93%202026%20%E6%A0%A1%E6%8B%9B,M,75
C009,光环新网,,,listed,internet_software,SZSE,300383,CN,enterprise_group,CSI A500 (000510.CSI),2026-04-18,https://legulegu.com/stockdata/index-basic-composition?indexCode=000510.CSI&date=2026-03-31,dedupe_key=光环新网; provenance=CSI A500 (000510.CSI); raw_listed_industry=软件服务,,,,,
C010,中国联通,,,listed,internet_software,SSE,600050,CN,enterprise_group,CSI A500 (000510.CSI),2026-04-18,https://legulegu.com/stockdata/index-basic-composition?indexCode=000510.CSI&date=2026-03-31,dedupe_key=中国联通; provenance=CSI A500 (000510.CSI); raw_listed_industry=电信运营,hiring_signal,2026-03-14,https://www.baidu.com/s?wd=%E4%B8%AD%E5%9B%BD%E8%81%94%E9%80%9A%202026%20%E6%A0%A1%E6%8B%9B,M,69
C011,用友网络,,,listed,internet_software,SSE,600588,CN,enterprise_group,CSI A500 (000510.CSI),2026-04-18,https://legulegu.com/stockdata/index-basic-composition?indexCode=000510.CSI&date=2026-03-31,dedupe_key=用友网络; provenance=CSI A500 (000510.CSI); raw_listed_industry=软件服务,,,,,
C012,四维图新,,,listed,internet_software,SZSE,002405,CN,enterprise_group,CSI A500 (000510.CSI),2026-04-18,https://legulegu.com/stockdata/index-basic-composition?indexCode=000510.CSI&date=2026-03-31,dedupe_key=四维图新; provenance=CSI A500 (000510.CSI); raw_listed_industry=软件服务,,,,,
C013,中科创达,,,listed,internet_software,SZSE,300496,CN,enterprise_group,CSI A500 (000510.CSI),2026-04-18,https://legulegu.com/stockdata/index-basic-composition?indexCode=000510.CSI&date=2026-03-31,dedupe_key=中科创达; provenance=CSI A500 (000510.CSI); raw_listed_industry=软件服务,,,,,
C014,完美世界,,,listed,internet_software,SZSE,002624,CN,enterprise_group,CSI A500 (000510.CSI),2026-04-18,https://legulegu.com/stockdata/index-basic-composition?indexCode=000510.CSI&date=2026-03-31,dedupe_key=完美世界; provenance=CSI A500 (000510.CSI); raw_listed_industry=互联网,hiring_signal,2026-03-03,https://www.baidu.com/s?wd=%E5%AE%8C%E7%BE%8E%E4%B8%96%E7%95%8C%202026%20%E6%A0%A1%E6%8B%9B,M,69
C015,金山办公,,,listed,internet_software,STAR,688111,CN,enterprise_group,CSI A500 (000510.CSI),2026-04-18,https://legulegu.com/stockdata/index-basic-composition?indexCode=000510.CSI&date=2026-03-31,dedupe_key=金山办公; provenance=CSI A500 (000510.CSI); raw_listed_industry=软件服务,hiring_signal,2026-02-05,https://www.baidu.com/s?wd=%E9%87%91%E5%B1%B1%E5%8A%9E%E5%85%AC%202026%20%E6%A0%A1%E6%8B%9B,M,63
C016,润和软件,,,listed,internet_software,SZSE,300339,CN,enterprise_group,CSI A500 (000510.CSI),2026-04-18,https://legulegu.com/stockdata/index-basic-composition?indexCode=000510.CSI&date=2026-03-31,dedupe_key=润和软件; provenance=CSI A500 (000510.CSI); raw_listed_industry=软件服务,hiring_signal,2026-03-27,https://www.baidu.com/s?wd=%E6%B6%A6%E5%92%8C%E8%BD%AF%E4%BB%B6%202026%20%E6%A0%A1%E6%8B%9B,M,75
C017,深信服,,,listed,internet_software,SZSE,300454,CN,enterprise_group,CSI A500 (000510.CSI),2026-04-18,https://legulegu.com/stockdata/index-basic-composition?indexCode=000510.CSI&date=2026-03-31,dedupe_key=深信服; provenance=CSI A500 (000510.CSI); raw_listed_industry=软件服务,,,,,
C018,神州泰岳,,,listed,internet_software,SZSE,300002,CN,enterprise_group,CSI A500 (000510.CSI),2026-04-18,https://legulegu.com/stockdata/index-basic-composition?indexCode=000510.CSI&date=2026-03-31,dedupe_key=神州泰岳; provenance=CSI A500 (000510.CSI); raw_listed_industry=互联网,,,,,
C019,指南针,,,listed,internet_software,SZSE,300803,CN,enterprise_group,CSI A500 (000510.CSI),2026-04-18,https://legulegu.com/stockdata/index-basic-composition?indexCode=000510.CSI&date=2026-03-31,dedupe_key=指南针; provenance=CSI A500 (000510.CSI); raw_listed_industry=软件服务,hiring_signal,2026-02-14,https://www.baidu.com/s?wd=%E6%8C%87%E5%8D%97%E9%92%88%202026%20%E6%A0%A1%E6%8B%9B,M,63
C020,昆仑万维,,,listed,internet_software,SZSE,300418,CN,enterprise_group,CSI A500 (000510.CSI),2026-04-18,https://legulegu.com/stockdata/index-basic-composition?indexCode=000510.CSI&date=2026-03-31,dedupe_key=昆仑万维; provenance=CSI A500 (000510.CSI); raw_listed_industry=互联网,hiring_signal,2026-02-28,https://www.baidu.com/s?wd=%E6%98%86%E4%BB%91%E4%B8%87%E7%BB%B4%202026%20%E6%A0%A1%E6%8B%9B,M,69
C021,恺英网络,,,listed,internet_software,SZSE,002517,CN,enterprise_group,CSI A500 (000510.CSI),2026-04-18,https://legulegu.com/stockdata/index-basic-composition?indexCode=000510.CSI&date=2026-03-31,dedupe_key=恺英网络; provenance=CSI A500 (000510.CSI); raw_listed_industry=互联网,hiring_signal,2026-03-29,https://www.baidu.com/s?wd=%E6%81%BA%E8%8B%B1%E7%BD%91%E7%BB%9C%202026%20%E6%A0%A1%E6%8B%9B,M,75
C022,利欧股份,,,listed,internet_software,SZSE,002131,CN,enterprise_group,CSI A500 (000510.CSI),2026-04-18,https://legulegu.com/stockdata/index-basic-composition?indexCode=000510.CSI&date=2026-03-31,dedupe_key=利欧; provenance=CSI A500 (000510.CSI); raw_listed_industry=互联网,hiring_signal,2026-03-30,https://www.baidu.com/s?wd=%E5%88%A9%E6%AC%A7%E8%82%A1%E4%BB%BD%202026%20%E6%A0%A1%E6%8B%9B,M,75
C023,宝信软件,,,listed,internet_software,SSE,600845,CN,enterprise_group,CSI A500 (000510.CSI),2026-04-18,https://legulegu.com/stockdata/index-basic-composition?indexCode=000510.CSI&date=2026-03-31,dedupe_key=宝信软件; provenance=CSI A500 (000510.CSI); raw_listed_industry=软件服务,,,,,
C024,润泽科技,,,listed,internet_software,SZSE,300442,CN,enterprise_group,CSI A500 (000510.CSI),2026-04-18,https://legulegu.com/stockdata/index-basic-composition?indexCode=000510.CSI&date=2026-03-31,dedupe_key=润泽科技; provenance=CSI A500 (000510.CSI); raw_listed_industry=软件服务,,,,,
C025,中国电信,,,listed,internet_software,SSE,601728,CN,enterprise_group,CSI A500 (000510.CSI),2026-04-18,https://legulegu.com/stockdata/index-basic-composition?indexCode=000510.CSI&date=2026-03-31,dedupe_key=中国电信; provenance=CSI A500 (000510.CSI); raw_listed_industry=电信运营,hiring_signal,2026-03-12,https://www.baidu.com/s?wd=%E4%B8%AD%E5%9B%BD%E7%94%B5%E4%BF%A1%202026%20%E6%A0%A1%E6%8B%9B,M,69
C026,神州数码,,,listed,internet_software,SZSE,000034,CN,enterprise_group,CSI A500 (000510.CSI),2026-04-18,https://legulegu.com/stockdata/index-basic-composition?indexCode=000510.CSI&date=2026-03-31,dedupe_key=神州数码; provenance=CSI A500 (000510.CSI); raw_listed_industry=软件服务,hiring_signal,2026-03-03,https://www.baidu.com/s?wd=%E7%A5%9E%E5%B7%9E%E6%95%B0%E7%A0%81%202026%20%E6%A0%A1%E6%8B%9B,M,69
C027,广联达,,,listed,internet_software,SZSE,002410,CN,enterprise_group,CSI A500 (000510.CSI),2026-04-18,https://legulegu.com/stockdata/index-basic-composition?indexCode=000510.CSI&date=2026-03-31,dedupe_key=广联达; provenance=CSI A500 (000510.CSI); raw_listed_industry=软件服务,,,,,
C028,巨人网络,,,listed,internet_software,SZSE,002558,CN,enterprise_group,CSI A500 (000510.CSI),2026-04-18,https://legulegu.com/stockdata/index-basic-composition?indexCode=000510.CSI&date=2026-03-31,dedupe_key=巨人网络; provenance=CSI A500 (000510.CSI); raw_listed_industry=互联网,hiring_signal,2026-03-27,https://www.baidu.com/s?wd=%E5%B7%A8%E4%BA%BA%E7%BD%91%E7%BB%9C%202026%20%E6%A0%A1%E6%8B%9B,M,75
C029,同花顺,,,listed,internet_software,SZSE,300033,CN,enterprise_group,CSI A500 (000510.CSI),2026-04-18,https://legulegu.com/stockdata/index-basic-composition?indexCode=000510.CSI&date=2026-03-31,dedupe_key=同花顺; provenance=CSI A500 (000510.CSI); raw_listed_industry=软件服务,,,,,
C030,东华软件,,,listed,internet_software,SZSE,002065,CN,enterprise_group,CSI A500 (000510.CSI),2026-04-18,https://legulegu.com/stockdata/index-basic-composition?indexCode=000510.CSI&date=2026-03-31,dedupe_key=东华软件; provenance=CSI A500 (000510.CSI); raw_listed_industry=软件服务,,,,,
C031,卫宁健康,,,listed,internet_software,SZSE,300253,CN,enterprise_group,CSI A500 (000510.CSI),2026-04-18,https://legulegu.com/stockdata/index-basic-composition?indexCode=000510.CSI&date=2026-03-31,dedupe_key=卫宁健康; provenance=CSI A500 (000510.CSI); raw_listed_industry=软件服务,,,,,
C032,中国移动,,,listed,internet_software,SSE,600941,CN,enterprise_group,CSI A500 (000510.CSI),2026-04-18,https://legulegu.com/stockdata/index-basic-composition?indexCode=000510.CSI&date=2026-03-31,dedupe_key=中国移动; provenance=CSI A500 (000510.CSI); raw_listed_industry=电信运营,hiring_signal,2026-03-13,https://www.baidu.com/s?wd=%E4%B8%AD%E5%9B%BD%E7%A7%BB%E5%8A%A8%202026%20%E6%A0%A1%E6%8B%9B,M,69
C033,华为,华为投资控股有限公司,华为投资控股有限公司,private,advanced_manufacturing,,,CN,enterprise_group,ACFIC Private 500 2024,2026-04-18,https://www.acfic.org.cn/qlyw/202410/t20241012_229493.html,dedupe_key=华为; provenance=ACFIC Private 500 2024; acfic_rank=4; acfic_province=广东省; acfic_revenue_wan_rmb=70417400,hiring_signal,2026-04-08,https://www.baidu.com/s?wd=%E5%8D%8E%E4%B8%BA%202026%20%E6%A0%A1%E6%8B%9B,M,75
C034,吉利控股,浙江吉利控股集团有限公司,浙江吉利控股集团有限公司,private,advanced_manufacturing,,,CN,enterprise_group,ACFIC Private 500 2024,2026-04-18,https://www.acfic.org.cn/qlyw/202410/t20241012_229493.html,dedupe_key=吉利控股; provenance=ACFIC Private 500 2024; acfic_rank=10; acfic_province=浙江省; acfic_revenue_wan_rmb=49807231,hiring_signal,2026-03-06,https://www.baidu.com/s?wd=%E5%90%89%E5%88%A9%E6%8E%A7%E8%82%A1%202026%20%E6%A0%A1%E6%8B%9B,M,69
C035,万科企业,万科企业股份有限公司,万科企业股份有限公司,private,advanced_manufacturing,,,CN,enterprise_group,ACFIC Private 500 2024,2026-04-18,https://www.acfic.org.cn/qlyw/202410/t20241012_229493.html,dedupe_key=万科企业; provenance=ACFIC Private 500 2024; acfic_rank=11; acfic_province=广东省; acfic_revenue_wan_rmb=46573907,,,,,
C036,联想控股,联想控股股份有限公司,联想控股股份有限公司,private,advanced_manufacturing,,,CN,enterprise_group,ACFIC Private 500 2024,2026-04-18,https://www.acfic.org.cn/qlyw/202410/t20241012_229493.html,dedupe_key=联想控股; provenance=ACFIC Private 500 2024; acfic_rank=12; acfic_province=北京市; acfic_revenue_wan_rmb=43601217,,,,,
C037,宁德时代,宁德时代新能源科技股份有限公司,宁德时代新能源科技股份有限公司,private,advanced_manufacturing,,,CN,enterprise_group,ACFIC Private 500 2024,2026-04-18,https://www.acfic.org.cn/qlyw/202410/t20241012_229493.html,dedupe_key=宁德时代; provenance=ACFIC Private 500 2024; acfic_rank=14; acfic_province=福建省; acfic_revenue_wan_rmb=40091704,hiring_signal,2026-03-18,https://www.baidu.com/s?wd=%E5%AE%81%E5%BE%B7%E6%97%B6%E4%BB%A3%E6%96%B0%E8%83%BD%E6%BA%90%E7%A7%91%E6%8A%80%E8%82%A1%E4%BB%BD%E6%9C%89%E9%99%90%E5%85%AC%E5%8F%B8%202026%20%E6%A0%A1%E6%8B%9B,M,75
C038,小米,小米通讯技术有限公司,小米通讯技术有限公司,private,advanced_manufacturing,,,CN,enterprise_group,ACFIC Private 500 2024,2026-04-18,https://www.acfic.org.cn/qlyw/202410/t20241012_229493.html,dedupe_key=小米; provenance=ACFIC Private 500 2024; acfic_rank=23; acfic_province=北京市; acfic_revenue_wan_rmb=27097014,hiring_signal,2026-03-09,https://www.baidu.com/s?wd=%E5%B0%8F%E7%B1%B3%202026%20%E6%A0%A1%E6%8B%9B,M,69
C039,海亮集团,海亮集团有限公司,海亮集团有限公司,private,advanced_manufacturing,,,CN,enterprise_group,ACFIC Private 500 2024,2026-04-18,https://www.acfic.org.cn/qlyw/202410/t20241012_229493.html,dedupe_key=海亮; provenance=ACFIC Private 500 2024; acfic_rank=25; acfic_province=浙江省; acfic_revenue_wan_rmb=25274166,hiring_signal,2026-03-09,https://www.baidu.com/s?wd=%E6%B5%B7%E4%BA%AE%E9%9B%86%E5%9B%A2%E6%9C%89%E9%99%90%E5%85%AC%E5%8F%B8%202026%20%E6%A0%A1%E6%8B%9B,M,69
C040,建龙重工,北京建龙重工集团有限公司,北京建龙重工集团有限公司,private,advanced_manufacturing,,,CN,enterprise_group,ACFIC Private 500 2024,2026-04-18,https://www.acfic.org.cn/qlyw/202410/t20241012_229493.html,dedupe_key=建龙重工; provenance=ACFIC Private 500 2024; acfic_rank=26; acfic_province=北京市; acfic_revenue_wan_rmb=24118660,hiring_signal,2026-03-22,https://www.baidu.com/s?wd=%E5%8C%97%E4%BA%AC%E5%BB%BA%E9%BE%99%E9%87%8D%E5%B7%A5%E9%9B%86%E5%9B%A2%E6%9C%89%E9%99%90%E5%85%AC%E5%8F%B8%202026%20%E6%A0%A1%E6%8B%9B,M,75
C041,天能控股,天能控股集团有限公司,天能控股集团有限公司,private,advanced_manufacturing,,,CN,enterprise_group,ACFIC Private 500 2024,2026-04-18,https://www.acfic.org.cn/qlyw/202410/t20241012_229493.html,dedupe_key=天能控股; provenance=ACFIC Private 500 2024; acfic_rank=28; acfic_province=浙江省; acfic_revenue_wan_rmb=22515144,,,,,
C042,广汇集团,新疆广汇实业投资（集团）有限责任公司,新疆广汇实业投资（集团）有限责任公司,private,advanced_manufacturing,,,CN,enterprise_group,ACFIC Private 500 2024,2026-04-18,https://www.acfic.org.cn/qlyw/202410/t20241012_229493.html,dedupe_key=广汇; provenance=ACFIC Private 500 2024; acfic_rank=29; acfic_province=新疆维吾尔自治区; acfic_revenue_wan_rmb=21460318,hiring_signal,2026-01-27,https://www.baidu.com/s?wd=%E5%B9%BF%E6%B1%87%E9%9B%86%E5%9B%A2%202026%20%E6%A0%A1%E6%8B%9B,M,63
C043,格力电器,珠海格力电器股份有限公司,珠海格力电器股份有限公司,private,advanced_manufacturing,,,CN,enterprise_group,ACFIC Private 500 2024,2026-04-18,https://www.acfic.org.cn/qlyw/202410/t20241012_229493.html,dedupe_key=格力电器; provenance=ACFIC Private 500 2024; acfic_rank=31; acfic_province=广东省; acfic_revenue_wan_rmb=20501812,hiring_signal,2026-03-11,https://www.baidu.com/s?wd=%E6%A0%BC%E5%8A%9B%E7%94%B5%E5%99%A8%202026%20%E6%A0%A1%E6%8B%9B,M,69
C044,万向集团,万向集团公司,万向集团公司,private,advanced_manufacturing,,,CN,enterprise_group,ACFIC Private 500 2024,2026-04-18,https://www.acfic.org.cn/qlyw/202410/t20241012_229493.html,dedupe_key=万向; provenance=ACFIC Private 500 2024; acfic_rank=32; acfic_province=浙江省; acfic_revenue_wan_rmb=20237495,,,,,
C045,滴滴出行,北京嘀嘀无限科技发展有限公司（滴滴出行）,北京嘀嘀无限科技发展有限公司（滴滴出行）,private,advanced_manufacturing,,,CN,enterprise_group,ACFIC Private 500 2024,2026-04-18,https://www.acfic.org.cn/qlyw/202410/t20241012_229493.html,dedupe_key=滴滴出行; provenance=ACFIC Private 500 2024; acfic_rank=35; acfic_province=北京市; acfic_revenue_wan_rmb=19237992,,,,,
C046,洛阳钼业,洛阳栾川钼业集团股份有限公司,洛阳栾川钼业集团股份有限公司,private,advanced_manufacturing,,,CN,enterprise_group,ACFIC Private 500 2024,2026-04-18,https://www.acfic.org.cn/qlyw/202410/t20241012_229493.html,dedupe_key=洛阳钼业; provenance=ACFIC Private 500 2024; acfic_rank=37; acfic_province=河南省; acfic_revenue_wan_rmb=18626897,hiring_signal,2026-03-06,https://www.baidu.com/s?wd=%E6%B4%9B%E9%98%B3%E9%92%BC%E4%B8%9A%202026%20%E6%A0%A1%E6%8B%9B,M,69
C047,多弗国际,多弗国际控股集团有限公司,多弗国际控股集团有限公司,private,advanced_manufacturing,,,CN,enterprise_group,ACFIC Private 500 2024,2026-04-18,https://www.acfic.org.cn/qlyw/202410/t20241012_229493.html,dedupe_key=多弗国际; provenance=ACFIC Private 500 2024; acfic_rank=38; acfic_province=浙江省; acfic_revenue_wan_rmb=18561437,hiring_signal,2026-02-10,https://www.baidu.com/s?wd=%E5%A4%9A%E5%BC%97%E5%9B%BD%E9%99%85%202026%20%E6%A0%A1%E6%8B%9B,M,63
C048,桐昆控股,桐昆控股集团有限公司,桐昆控股集团有限公司,private,advanced_manufacturing,,,CN,enterprise_group,ACFIC Private 500 2024,2026-04-18,https://www.acfic.org.cn/qlyw/202410/t20241012_229493.html,dedupe_key=桐昆控股; provenance=ACFIC Private 500 2024; acfic_rank=40; acfic_province=浙江省; acfic_revenue_wan_rmb=18033065,hiring_signal,2026-03-22,https://www.baidu.com/s?wd=%E6%A1%90%E6%98%86%E6%8E%A7%E8%82%A1%202026%20%E6%A0%A1%E6%8B%9B,M,75
C049,中升集团,中升（大连）集团有限公司,中升（大连）集团有限公司,private,advanced_manufacturing,,,CN,enterprise_group,ACFIC Private 500 2024,2026-04-18,https://www.acfic.org.cn/qlyw/202410/t20241012_229493.html,dedupe_key=中升; provenance=ACFIC Private 500 2024; acfic_rank=41; acfic_province=辽宁省; acfic_revenue_wan_rmb=17929009,,,,,
C050,东方希望,东方希望集团有限公司,东方希望集团有限公司,private,advanced_manufacturing,,,CN,enterprise_group,ACFIC Private 500 2024,2026-04-18,https://www.acfic.org.cn/qlyw/202410/t20241012_229493.html,dedupe_key=东方希望; provenance=ACFIC Private 500 2024; acfic_rank=42; acfic_province=上海市; acfic_revenue_wan_rmb=17918329,,,,,
C051,中兴通讯,,,listed,advanced_manufacturing,SZSE,000063,CN,enterprise_group,CSI A500 (000510.CSI),2026-04-18,https://legulegu.com/stockdata/index-basic-composition?indexCode=000510.CSI&date=2026-03-31,dedupe_key=中兴通讯; provenance=CSI A500 (000510.CSI); raw_listed_industry=通信设备,,,,,
C052,德赛西威,,,listed,advanced_manufacturing,SZSE,002920,CN,enterprise_group,CSI A500 (000510.CSI),2026-04-18,https://legulegu.com/stockdata/index-basic-composition?indexCode=000510.CSI&date=2026-03-31,dedupe_key=德赛西威; provenance=CSI A500 (000510.CSI); raw_listed_industry=汽车配件,,,,,
C053,航发控制,,,listed,advanced_manufacturing,SZSE,000738,CN,enterprise_group,CSI A500 (000510.CSI),2026-04-18,https://legulegu.com/stockdata/index-basic-composition?indexCode=000510.CSI&date=2026-03-31,dedupe_key=航发控制; provenance=CSI A500 (000510.CSI); raw_listed_industry=航空,,,,,
C054,紫光国微,,,listed,advanced_manufacturing,SZSE,002049,CN,enterprise_group,CSI A500 (000510.CSI),2026-04-18,https://legulegu.com/stockdata/index-basic-composition?indexCode=000510.CSI&date=2026-03-31,dedupe_key=紫光国微; provenance=CSI A500 (000510.CSI); raw_listed_industry=半导体,hiring_signal,2026-03-18,https://www.baidu.com/s?wd=%E7%B4%AB%E5%85%89%E5%9B%BD%E5%BE%AE%202026%20%E6%A0%A1%E6%8B%9B,M,75
C055,宁德时代,,,listed,advanced_manufacturing,SZSE,300750,CN,enterprise_group,CSI A500 (000510.CSI),2026-04-18,https://legulegu.com/stockdata/index-basic-composition?indexCode=000510.CSI&date=2026-03-31,dedupe_key=宁德时代; provenance=CSI A500 (000510.CSI); raw_listed_industry=电气设备,,,,,
C056,中国卫星,,,listed,advanced_manufacturing,SSE,600118,CN,enterprise_group,CSI A500 (000510.CSI),2026-04-18,https://legulegu.com/stockdata/index-basic-composition?indexCode=000510.CSI&date=2026-03-31,dedupe_key=中国卫星; provenance=CSI A500 (000510.CSI); raw_listed_industry=航空,,,,,
C057,中直股份,,,listed,advanced_manufacturing,SSE,600038,CN,enterprise_group,CSI A500 (000510.CSI),2026-04-18,https://legulegu.com/stockdata/index-basic-composition?indexCode=000510.CSI&date=2026-03-31,dedupe_key=中直; provenance=CSI A500 (000510.CSI); raw_listed_industry=航空,,,,,
C058,沃尔核材,,,listed,advanced_manufacturing,SZSE,002130,CN,enterprise_group,CSI A500 (000510.CSI),2026-04-18,https://legulegu.com/stockdata/index-basic-composition?indexCode=000510.CSI&date=2026-03-31,dedupe_key=沃尔核材; provenance=CSI A500 (000510.CSI); raw_listed_industry=电气设备,,,,,
C059,潍柴动力,,,listed,advanced_manufacturing,SZSE,000338,CN,enterprise_group,CSI A500 (000510.CSI),2026-04-18,https://legulegu.com/stockdata/index-basic-composition?indexCode=000510.CSI&date=2026-03-31,dedupe_key=潍柴动力; provenance=CSI A500 (000510.CSI); raw_listed_industry=汽车配件,hiring_signal,2026-03-12,https://www.baidu.com/s?wd=%E6%BD%8D%E6%9F%B4%E5%8A%A8%E5%8A%9B%202026%20%E6%A0%A1%E6%8B%9B,M,69
C060,北京君正,,,listed,advanced_manufacturing,SZSE,300223,CN,enterprise_group,CSI A500 (000510.CSI),2026-04-18,https://legulegu.com/stockdata/index-basic-composition?indexCode=000510.CSI&date=2026-03-31,dedupe_key=北京君正; provenance=CSI A500 (000510.CSI); raw_listed_industry=半导体,,,,,
C061,中国中车,,,listed,advanced_manufacturing,SSE,601766,CN,enterprise_group,CSI A500 (000510.CSI),2026-04-18,https://legulegu.com/stockdata/index-basic-composition?indexCode=000510.CSI&date=2026-03-31,dedupe_key=中国中车; provenance=CSI A500 (000510.CSI); raw_listed_industry=运输设备,hiring_signal,2026-01-21,https://www.baidu.com/s?wd=%E4%B8%AD%E5%9B%BD%E4%B8%AD%E8%BD%A6%202026%20%E6%A0%A1%E6%8B%9B,M,63
C062,星宇股份,,,listed,advanced_manufacturing,SSE,601799,CN,enterprise_group,CSI A500 (000510.CSI),2026-04-18,https://legulegu.com/stockdata/index-basic-composition?indexCode=000510.CSI&date=2026-03-31,dedupe_key=星宇; provenance=CSI A500 (000510.CSI); raw_listed_industry=汽车配件,,,,,
C063,中鼎股份,,,listed,advanced_manufacturing,SZSE,000887,CN,enterprise_group,CSI A500 (000510.CSI),2026-04-18,https://legulegu.com/stockdata/index-basic-composition?indexCode=000510.CSI&date=2026-03-31,dedupe_key=中鼎; provenance=CSI A500 (000510.CSI); raw_listed_industry=汽车配件,hiring_signal,2026-03-16,https://www.baidu.com/s?wd=%E4%B8%AD%E9%BC%8E%E8%82%A1%E4%BB%BD%202026%20%E6%A0%A1%E6%8B%9B,M,75
C064,精测电子,,,listed,advanced_manufacturing,SZSE,300567,CN,enterprise_group,CSI A500 (000510.CSI),2026-04-18,https://legulegu.com/stockdata/index-basic-composition?indexCode=000510.CSI&date=2026-03-31,dedupe_key=精测电子; provenance=CSI A500 (000510.CSI); raw_listed_industry=电器仪表,,,,,
C065,东方日升,,,listed,advanced_manufacturing,SZSE,300118,CN,enterprise_group,CSI A500 (000510.CSI),2026-04-18,https://legulegu.com/stockdata/index-basic-composition?indexCode=000510.CSI&date=2026-03-31,dedupe_key=东方日升; provenance=CSI A500 (000510.CSI); raw_listed_industry=电气设备,,,,,
C066,万丰奥威,,,listed,advanced_manufacturing,SZSE,002085,CN,enterprise_group,CSI A500 (000510.CSI),2026-04-18,https://legulegu.com/stockdata/index-basic-composition?indexCode=000510.CSI&date=2026-03-31,dedupe_key=万丰奥威; provenance=CSI A500 (000510.CSI); raw_listed_industry=汽车配件,hiring_signal,2026-04-09,https://www.baidu.com/s?wd=%E4%B8%87%E4%B8%B0%E5%A5%A5%E5%A8%81%202026%20%E6%A0%A1%E6%8B%9B,M,75
C067,福田汽车,,,listed,advanced_manufacturing,SSE,600166,CN,enterprise_group,CSI A500 (000510.CSI),2026-04-18,https://legulegu.com/stockdata/index-basic-composition?indexCode=000510.CSI&date=2026-03-31,dedupe_key=福田汽车; provenance=CSI A500 (000510.CSI); raw_listed_industry=汽车整车,,,,,
C068,北方华创,,,listed,advanced_manufacturing,SZSE,002371,CN,enterprise_group,CSI A500 (000510.CSI),2026-04-18,https://legulegu.com/stockdata/index-basic-composition?indexCode=000510.CSI&date=2026-03-31,dedupe_key=北方华创; provenance=CSI A500 (000510.CSI); raw_listed_industry=半导体,hiring_signal,2026-03-20,https://www.baidu.com/s?wd=%E5%8C%97%E6%96%B9%E5%8D%8E%E5%88%9B%202026%20%E6%A0%A1%E6%8B%9B,M,75
C069,视源股份,,,listed,advanced_manufacturing,SZSE,002841,CN,enterprise_group,CSI A500 (000510.CSI),2026-04-18,https://legulegu.com/stockdata/index-basic-composition?indexCode=000510.CSI&date=2026-03-31,dedupe_key=视源; provenance=CSI A500 (000510.CSI); raw_listed_industry=元器件,hiring_signal,2026-03-11,https://www.baidu.com/s?wd=%E8%A7%86%E6%BA%90%E8%82%A1%E4%BB%BD%202026%20%E6%A0%A1%E6%8B%9B,M,69
C070,景嘉微,,,listed,advanced_manufacturing,SZSE,300474,CN,enterprise_group,CSI A500 (000510.CSI),2026-04-18,https://legulegu.com/stockdata/index-basic-composition?indexCode=000510.CSI&date=2026-03-31,dedupe_key=景嘉微; provenance=CSI A500 (000510.CSI); raw_listed_industry=元器件,hiring_signal,2026-03-07,https://www.baidu.com/s?wd=%E6%99%AF%E5%98%89%E5%BE%AE%202026%20%E6%A0%A1%E6%8B%9B,M,69
C071,通威股份,,,listed,advanced_manufacturing,SSE,600438,CN,enterprise_group,CSI A500 (000510.CSI),2026-04-18,https://legulegu.com/stockdata/index-basic-composition?indexCode=000510.CSI&date=2026-03-31,dedupe_key=通威; provenance=CSI A500 (000510.CSI); raw_listed_industry=电气设备,hiring_signal,2026-04-02,https://www.baidu.com/s?wd=%E9%80%9A%E5%A8%81%E8%82%A1%E4%BB%BD%202026%20%E6%A0%A1%E6%8B%9B,M,75
C072,中芯国际,,,listed,advanced_manufacturing,STAR,688981,CN,enterprise_group,CSI A500 (000510.CSI),2026-04-18,https://legulegu.com/stockdata/index-basic-composition?indexCode=000510.CSI&date=2026-03-31,dedupe_key=中芯国际; provenance=CSI A500 (000510.CSI); raw_listed_industry=半导体,hiring_signal,2026-03-08,https://www.baidu.com/s?wd=%E4%B8%AD%E8%8A%AF%E5%9B%BD%E9%99%85%202026%20%E6%A0%A1%E6%8B%9B,M,69
C073,浙富控股,,,listed,advanced_manufacturing,SZSE,002266,CN,enterprise_group,CSI A500 (000510.CSI),2026-04-18,https://legulegu.com/stockdata/index-basic-composition?indexCode=000510.CSI&date=2026-03-31,dedupe_key=浙富控股; provenance=CSI A500 (000510.CSI); raw_listed_industry=环境保护,,,,,
C074,中兵红箭,,,listed,advanced_manufacturing,SZSE,000519,CN,enterprise_group,CSI A500 (000510.CSI),2026-04-18,https://legulegu.com/stockdata/index-basic-composition?indexCode=000510.CSI&date=2026-03-31,dedupe_key=中兵红箭; provenance=CSI A500 (000510.CSI); raw_listed_industry=专用机械,hiring_signal,2026-04-06,https://www.baidu.com/s?wd=%E4%B8%AD%E5%85%B5%E7%BA%A2%E7%AE%AD%202026%20%E6%A0%A1%E6%8B%9B,M,75
C075,平高电气,,,listed,advanced_manufacturing,SSE,600312,CN,enterprise_group,CSI A500 (000510.CSI),2026-04-18,https://legulegu.com/stockdata/index-basic-composition?indexCode=000510.CSI&date=2026-03-31,dedupe_key=平高电气; provenance=CSI A500 (000510.CSI); raw_listed_industry=电气设备,,,,,
C076,海光信息,,,listed,advanced_manufacturing,STAR,688041,CN,enterprise_group,CSI A500 (000510.CSI),2026-04-18,https://legulegu.com/stockdata/index-basic-composition?indexCode=000510.CSI&date=2026-03-31,dedupe_key=海光信息; provenance=CSI A500 (000510.CSI); raw_listed_industry=半导体,hiring_signal,2026-04-02,https://www.baidu.com/s?wd=%E6%B5%B7%E5%85%89%E4%BF%A1%E6%81%AF%202026%20%E6%A0%A1%E6%8B%9B,M,75
C077,双环传动,,,listed,advanced_manufacturing,SZSE,002472,CN,enterprise_group,CSI A500 (000510.CSI),2026-04-18,https://legulegu.com/stockdata/index-basic-composition?indexCode=000510.CSI&date=2026-03-31,dedupe_key=双环传动; provenance=CSI A500 (000510.CSI); raw_listed_industry=汽车配件,,,,,
C078,中控技术,,,listed,advanced_manufacturing,STAR,688777,CN,enterprise_group,CSI A500 (000510.CSI),2026-04-18,https://legulegu.com/stockdata/index-basic-composition?indexCode=000510.CSI&date=2026-03-31,dedupe_key=中控技术; provenance=CSI A500 (000510.CSI); raw_listed_industry=专用机械,,,,,
C079,国轩高科,,,listed,advanced_manufacturing,SZSE,002074,CN,enterprise_group,CSI A500 (000510.CSI),2026-04-18,https://legulegu.com/stockdata/index-basic-composition?indexCode=000510.CSI&date=2026-03-31,dedupe_key=国轩高科; provenance=CSI A500 (000510.CSI); raw_listed_industry=电气设备,hiring_signal,2026-03-11,https://www.baidu.com/s?wd=%E5%9B%BD%E8%BD%A9%E9%AB%98%E7%A7%91%202026%20%E6%A0%A1%E6%8B%9B,M,69
C080,长安汽车,,,listed,advanced_manufacturing,SZSE,000625,CN,enterprise_group,CSI A500 (000510.CSI),2026-04-18,https://legulegu.com/stockdata/index-basic-composition?indexCode=000510.CSI&date=2026-03-31,dedupe_key=长安汽车; provenance=CSI A500 (000510.CSI); raw_listed_industry=汽车整车,,,,,
C081,高德红外,,,listed,advanced_manufacturing,SZSE,002414,CN,enterprise_group,CSI A500 (000510.CSI),2026-04-18,https://legulegu.com/stockdata/index-basic-composition?indexCode=000510.CSI&date=2026-03-31,dedupe_key=高德红外; provenance=CSI A500 (000510.CSI); raw_listed_industry=电器仪表,,,,,
C082,中科曙光,,,listed,advanced_manufacturing,SSE,603019,CN,enterprise_group,CSI A500 (000510.CSI),2026-04-18,https://legulegu.com/stockdata/index-basic-composition?indexCode=000510.CSI&date=2026-03-31,dedupe_key=中科曙光; provenance=CSI A500 (000510.CSI); raw_listed_industry=IT设备,hiring_signal,2026-03-06,https://www.baidu.com/s?wd=%E4%B8%AD%E7%A7%91%E6%9B%99%E5%85%89%202026%20%E6%A0%A1%E6%8B%9B,M,69
C083,鹏辉能源,,,listed,advanced_manufacturing,SZSE,300438,CN,enterprise_group,CSI A500 (000510.CSI),2026-04-18,https://legulegu.com/stockdata/index-basic-composition?indexCode=000510.CSI&date=2026-03-31,dedupe_key=鹏辉能源; provenance=CSI A500 (000510.CSI); raw_listed_industry=电气设备,,,,,
C084,江淮汽车,,,listed,advanced_manufacturing,SSE,600418,CN,enterprise_group,CSI A500 (000510.CSI),2026-04-18,https://legulegu.com/stockdata/index-basic-composition?indexCode=000510.CSI&date=2026-03-31,dedupe_key=江淮汽车; provenance=CSI A500 (000510.CSI); raw_listed_industry=汽车整车,,,,,
C085,京东方Ａ,,,listed,advanced_manufacturing,SZSE,000725,CN,enterprise_group,CSI A500 (000510.CSI),2026-04-18,https://legulegu.com/stockdata/index-basic-composition?indexCode=000510.CSI&date=2026-03-31,dedupe_key=京东方Ａ; provenance=CSI A500 (000510.CSI); raw_listed_industry=元器件,,,,,
C086,亿纬锂能,,,listed,advanced_manufacturing,SZSE,300014,CN,enterprise_group,CSI A500 (000510.CSI),2026-04-18,https://legulegu.com/stockdata/index-basic-composition?indexCode=000510.CSI&date=2026-03-31,dedupe_key=亿纬锂能; provenance=CSI A500 (000510.CSI); raw_listed_industry=电气设备,,,,,
C087,金发科技,,,listed,advanced_manufacturing,SSE,600143,CN,enterprise_group,CSI A500 (000510.CSI),2026-04-18,https://legulegu.com/stockdata/index-basic-composition?indexCode=000510.CSI&date=2026-03-31,dedupe_key=金发科技; provenance=CSI A500 (000510.CSI); raw_listed_industry=塑料,,,,,
C088,航天电器,,,listed,advanced_manufacturing,SZSE,002025,CN,enterprise_group,CSI A500 (000510.CSI),2026-04-18,https://legulegu.com/stockdata/index-basic-composition?indexCode=000510.CSI&date=2026-03-31,dedupe_key=航天电器; provenance=CSI A500 (000510.CSI); raw_listed_industry=元器件,,,,,
C089,瀚蓝环境,,,listed,advanced_manufacturing,SSE,600323,CN,enterprise_group,CSI A500 (000510.CSI),2026-04-18,https://legulegu.com/stockdata/index-basic-composition?indexCode=000510.CSI&date=2026-03-31,dedupe_key=瀚蓝环境; provenance=CSI A500 (000510.CSI); raw_listed_industry=环境保护,hiring_signal,2026-04-03,https://www.baidu.com/s?wd=%E7%80%9A%E8%93%9D%E7%8E%AF%E5%A2%83%202026%20%E6%A0%A1%E6%8B%9B,M,75
C090,德业股份,,,listed,advanced_manufacturing,SSE,605117,CN,enterprise_group,CSI A500 (000510.CSI),2026-04-18,https://legulegu.com/stockdata/index-basic-composition?indexCode=000510.CSI&date=2026-03-31,dedupe_key=德业; provenance=CSI A500 (000510.CSI); raw_listed_industry=电气设备,,,,,
C091,东山精密,,,listed,advanced_manufacturing,SZSE,002384,CN,enterprise_group,CSI A500 (000510.CSI),2026-04-18,https://legulegu.com/stockdata/index-basic-composition?indexCode=000510.CSI&date=2026-03-31,dedupe_key=东山精密; provenance=CSI A500 (000510.CSI); raw_listed_industry=元器件,,,,,
C092,福耀玻璃,,,listed,advanced_manufacturing,SSE,600660,CN,enterprise_group,CSI A500 (000510.CSI),2026-04-18,https://legulegu.com/stockdata/index-basic-composition?indexCode=000510.CSI&date=2026-03-31,dedupe_key=福耀玻璃; provenance=CSI A500 (000510.CSI); raw_listed_industry=汽车配件,hiring_signal,2026-03-04,https://www.baidu.com/s?wd=%E7%A6%8F%E8%80%80%E7%8E%BB%E7%92%83%202026%20%E6%A0%A1%E6%8B%9B,M,69
C093,盈峰环境,,,listed,advanced_manufacturing,SZSE,000967,CN,enterprise_group,CSI A500 (000510.CSI),2026-04-18,https://legulegu.com/stockdata/index-basic-composition?indexCode=000510.CSI&date=2026-03-31,dedupe_key=盈峰环境; provenance=CSI A500 (000510.CSI); raw_listed_industry=环境保护,,,,,
C094,华天科技,,,listed,advanced_manufacturing,SZSE,002185,CN,enterprise_group,CSI A500 (000510.CSI),2026-04-18,https://legulegu.com/stockdata/index-basic-composition?indexCode=000510.CSI&date=2026-03-31,dedupe_key=华天科技; provenance=CSI A500 (000510.CSI); raw_listed_industry=半导体,hiring_signal,2026-02-21,https://www.baidu.com/s?wd=%E5%8D%8E%E5%A4%A9%E7%A7%91%E6%8A%80%202026%20%E6%A0%A1%E6%8B%9B,M,69
C095,明阳智能,,,listed,advanced_manufacturing,SSE,601615,CN,enterprise_group,CSI A500 (000510.CSI),2026-04-18,https://legulegu.com/stockdata/index-basic-composition?indexCode=000510.CSI&date=2026-03-31,dedupe_key=明阳智能; provenance=CSI A500 (000510.CSI); raw_listed_industry=电气设备,hiring_signal,2026-03-07,https://www.baidu.com/s?wd=%E6%98%8E%E9%98%B3%E6%99%BA%E8%83%BD%202026%20%E6%A0%A1%E6%8B%9B,M,69
C096,大全能源,,,listed,advanced_manufacturing,STAR,688303,CN,enterprise_group,CSI A500 (000510.CSI),2026-04-18,https://legulegu.com/stockdata/index-basic-composition?indexCode=000510.CSI&date=2026-03-31,dedupe_key=大全能源; provenance=CSI A500 (000510.CSI); raw_listed_industry=电气设备,,,,,
C097,中航沈飞,,,listed,advanced_manufacturing,SSE,600760,CN,enterprise_group,CSI A500 (000510.CSI),2026-04-18,https://legulegu.com/stockdata/index-basic-composition?indexCode=000510.CSI&date=2026-03-31,dedupe_key=中航沈飞; provenance=CSI A500 (000510.CSI); raw_listed_industry=航空,,,,,
C098,先导智能,,,listed,advanced_manufacturing,SZSE,300450,CN,enterprise_group,CSI A500 (000510.CSI),2026-04-18,https://legulegu.com/stockdata/index-basic-composition?indexCode=000510.CSI&date=2026-03-31,dedupe_key=先导智能; provenance=CSI A500 (000510.CSI); raw_listed_industry=专用机械,,,,,
C099,广电运通,,,listed,advanced_manufacturing,SZSE,002152,CN,enterprise_group,CSI A500 (000510.CSI),2026-04-18,https://legulegu.com/stockdata/index-basic-composition?indexCode=000510.CSI&date=2026-03-31,dedupe_key=广电运通; provenance=CSI A500 (000510.CSI); raw_listed_industry=IT设备,,,,,
C100,绿的谐波,,,listed,advanced_manufacturing,STAR,688017,CN,enterprise_group,CSI A500 (000510.CSI),2026-04-18,https://legulegu.com/stockdata/index-basic-composition?indexCode=000510.CSI&date=2026-03-31,dedupe_key=绿的谐波; provenance=CSI A500 (000510.CSI); raw_listed_industry=机械基件,,,,,
C101,海康威视,,,listed,advanced_manufacturing,SZSE,002415,CN,enterprise_group,CSI A500 (000510.CSI),2026-04-18,https://legulegu.com/stockdata/index-basic-composition?indexCode=000510.CSI&date=2026-03-31,dedupe_key=海康威视; provenance=CSI A500 (000510.CSI); raw_listed_industry=IT设备,,,,,
C102,麦格米特,,,listed,advanced_manufacturing,SZSE,002851,CN,enterprise_group,CSI A500 (000510.CSI),2026-04-18,https://legulegu.com/stockdata/index-basic-composition?indexCode=000510.CSI&date=2026-03-31,dedupe_key=麦格米特; provenance=CSI A500 (000510.CSI); raw_listed_industry=电气设备,,,,,
C103,TCL中环,,,listed,advanced_manufacturing,SZSE,002129,CN,enterprise_group,CSI A500 (000510.CSI),2026-04-18,https://legulegu.com/stockdata/index-basic-composition?indexCode=000510.CSI&date=2026-03-31,dedupe_key=TCL中环; provenance=CSI A500 (000510.CSI); raw_listed_industry=电气设备,hiring_signal,2026-04-06,https://www.baidu.com/s?wd=TCL%E4%B8%AD%E7%8E%AF%202026%20%E6%A0%A1%E6%8B%9B,M,75
C104,国电南瑞,,,listed,advanced_manufacturing,SSE,600406,CN,enterprise_group,CSI A500 (000510.CSI),2026-04-18,https://legulegu.com/stockdata/index-basic-composition?indexCode=000510.CSI&date=2026-03-31,dedupe_key=国电南瑞; provenance=CSI A500 (000510.CSI); raw_listed_industry=电气设备,hiring_signal,2026-03-04,https://www.baidu.com/s?wd=%E5%9B%BD%E7%94%B5%E5%8D%97%E7%91%9E%202026%20%E6%A0%A1%E6%8B%9B,M,69
C105,蔚蓝锂芯,,,listed,advanced_manufacturing,SZSE,002245,CN,enterprise_group,CSI A500 (000510.CSI),2026-04-18,https://legulegu.com/stockdata/index-basic-composition?indexCode=000510.CSI&date=2026-03-31,dedupe_key=蔚蓝锂芯; provenance=CSI A500 (000510.CSI); raw_listed_industry=电气设备,hiring_signal,2026-03-06,https://www.baidu.com/s?wd=%E8%94%9A%E8%93%9D%E9%94%82%E8%8A%AF%202026%20%E6%A0%A1%E6%8B%9B,M,69
C106,中天科技,,,listed,advanced_manufacturing,SSE,600522,CN,enterprise_group,CSI A500 (000510.CSI),2026-04-18,https://legulegu.com/stockdata/index-basic-composition?indexCode=000510.CSI&date=2026-03-31,dedupe_key=中天科技; provenance=CSI A500 (000510.CSI); raw_listed_industry=通信设备,,,,,
C107,长信科技,,,listed,advanced_manufacturing,SZSE,300088,CN,enterprise_group,CSI A500 (000510.CSI),2026-04-18,https://legulegu.com/stockdata/index-basic-composition?indexCode=000510.CSI&date=2026-03-31,dedupe_key=长信科技; provenance=CSI A500 (000510.CSI); raw_listed_industry=元器件,,,,,
C108,中联重科,,,listed,advanced_manufacturing,SZSE,000157,CN,enterprise_group,CSI A500 (000510.CSI),2026-04-18,https://legulegu.com/stockdata/index-basic-composition?indexCode=000510.CSI&date=2026-03-31,dedupe_key=中联重科; provenance=CSI A500 (000510.CSI); raw_listed_industry=工程机械,,,,,
C109,正泰电器,,,listed,advanced_manufacturing,SSE,601877,CN,enterprise_group,CSI A500 (000510.CSI),2026-04-18,https://legulegu.com/stockdata/index-basic-composition?indexCode=000510.CSI&date=2026-03-31,dedupe_key=正泰电器; provenance=CSI A500 (000510.CSI); raw_listed_industry=电气设备,,,,,
C110,三环集团,,,listed,advanced_manufacturing,SZSE,300408,CN,enterprise_group,CSI A500 (000510.CSI),2026-04-18,https://legulegu.com/stockdata/index-basic-composition?indexCode=000510.CSI&date=2026-03-31,dedupe_key=三环; provenance=CSI A500 (000510.CSI); raw_listed_industry=元器件,,,,,
C111,圣邦股份,,,listed,advanced_manufacturing,SZSE,300661,CN,enterprise_group,CSI A500 (000510.CSI),2026-04-18,https://legulegu.com/stockdata/index-basic-composition?indexCode=000510.CSI&date=2026-03-31,dedupe_key=圣邦; provenance=CSI A500 (000510.CSI); raw_listed_industry=半导体,,,,,
C112,法拉电子,,,listed,advanced_manufacturing,SSE,600563,CN,enterprise_group,CSI A500 (000510.CSI),2026-04-18,https://legulegu.com/stockdata/index-basic-composition?indexCode=000510.CSI&date=2026-03-31,dedupe_key=法拉电子; provenance=CSI A500 (000510.CSI); raw_listed_industry=元器件,,,,,
C113,士兰微,,,listed,advanced_manufacturing,SSE,600460,CN,enterprise_group,CSI A500 (000510.CSI),2026-04-18,https://legulegu.com/stockdata/index-basic-composition?indexCode=000510.CSI&date=2026-03-31,dedupe_key=士兰微; provenance=CSI A500 (000510.CSI); raw_listed_industry=半导体,,,,,
C114,固德威,,,listed,advanced_manufacturing,STAR,688390,CN,enterprise_group,CSI A500 (000510.CSI),2026-04-18,https://legulegu.com/stockdata/index-basic-composition?indexCode=000510.CSI&date=2026-03-31,dedupe_key=固德威; provenance=CSI A500 (000510.CSI); raw_listed_industry=电气设备,,,,,
C115,TCL科技,,,listed,advanced_manufacturing,SZSE,000100,CN,enterprise_group,CSI A500 (000510.CSI),2026-04-18,https://legulegu.com/stockdata/index-basic-composition?indexCode=000510.CSI&date=2026-03-31,dedupe_key=TCL科技; provenance=CSI A500 (000510.CSI); raw_listed_industry=元器件,,,,,
C116,晶澳科技,,,listed,advanced_manufacturing,SZSE,002459,CN,enterprise_group,CSI A500 (000510.CSI),2026-04-18,https://legulegu.com/stockdata/index-basic-composition?indexCode=000510.CSI&date=2026-03-31,dedupe_key=晶澳科技; provenance=CSI A500 (000510.CSI); raw_listed_industry=电气设备,,,,,
C117,派能科技,,,listed,advanced_manufacturing,STAR,688063,CN,enterprise_group,CSI A500 (000510.CSI),2026-04-18,https://legulegu.com/stockdata/index-basic-composition?indexCode=000510.CSI&date=2026-03-31,dedupe_key=派能科技; provenance=CSI A500 (000510.CSI); raw_listed_industry=电气设备,,,,,
C118,南大光电,,,listed,advanced_manufacturing,SZSE,300346,CN,enterprise_group,CSI A500 (000510.CSI),2026-04-18,https://legulegu.com/stockdata/index-basic-composition?indexCode=000510.CSI&date=2026-03-31,dedupe_key=南大光电; provenance=CSI A500 (000510.CSI); raw_listed_industry=半导体,,,,,
C119,三一重工,,,listed,advanced_manufacturing,SSE,600031,CN,enterprise_group,CSI A500 (000510.CSI),2026-04-18,https://legulegu.com/stockdata/index-basic-composition?indexCode=000510.CSI&date=2026-03-31,dedupe_key=三一重工; provenance=CSI A500 (000510.CSI); raw_listed_industry=工程机械,,,,,
C120,上海电气,,,listed,advanced_manufacturing,SSE,601727,CN,enterprise_group,CSI A500 (000510.CSI),2026-04-18,https://legulegu.com/stockdata/index-basic-composition?indexCode=000510.CSI&date=2026-03-31,dedupe_key=上海电气; provenance=CSI A500 (000510.CSI); raw_listed_industry=电气设备,,,,,
C121,机器人,,,listed,advanced_manufacturing,SZSE,300024,CN,enterprise_group,CSI A500 (000510.CSI),2026-04-18,https://legulegu.com/stockdata/index-basic-composition?indexCode=000510.CSI&date=2026-03-31,dedupe_key=机器人; provenance=CSI A500 (000510.CSI); raw_listed_industry=专用机械,,,,,
C122,通富微电,,,listed,advanced_manufacturing,SZSE,002156,CN,enterprise_group,CSI A500 (000510.CSI),2026-04-18,https://legulegu.com/stockdata/index-basic-composition?indexCode=000510.CSI&date=2026-03-31,dedupe_key=通富微电; provenance=CSI A500 (000510.CSI); raw_listed_industry=半导体,,,,,
C123,捷佳伟创,,,listed,advanced_manufacturing,SZSE,300724,CN,enterprise_group,CSI A500 (000510.CSI),2026-04-18,https://legulegu.com/stockdata/index-basic-composition?indexCode=000510.CSI&date=2026-03-31,dedupe_key=捷佳伟创; provenance=CSI A500 (000510.CSI); raw_listed_industry=专用机械,,,,,
C124,思源电气,,,listed,advanced_manufacturing,SZSE,002028,CN,enterprise_group,CSI A500 (000510.CSI),2026-04-18,https://legulegu.com/stockdata/index-basic-composition?indexCode=000510.CSI&date=2026-03-31,dedupe_key=思源电气; provenance=CSI A500 (000510.CSI); raw_listed_industry=电气设备,,,,,
C125,航天电子,,,listed,advanced_manufacturing,SSE,600879,CN,enterprise_group,CSI A500 (000510.CSI),2026-04-18,https://legulegu.com/stockdata/index-basic-composition?indexCode=000510.CSI&date=2026-03-31,dedupe_key=航天电子; provenance=CSI A500 (000510.CSI); raw_listed_industry=航空,,,,,
C126,沪硅产业,,,listed,advanced_manufacturing,STAR,688126,CN,enterprise_group,CSI A500 (000510.CSI),2026-04-18,https://legulegu.com/stockdata/index-basic-composition?indexCode=000510.CSI&date=2026-03-31,dedupe_key=沪硅产业; provenance=CSI A500 (000510.CSI); raw_listed_industry=半导体,,,,,
C127,华域汽车,,,listed,advanced_manufacturing,SSE,600741,CN,enterprise_group,CSI A500 (000510.CSI),2026-04-18,https://legulegu.com/stockdata/index-basic-composition?indexCode=000510.CSI&date=2026-03-31,dedupe_key=华域汽车; provenance=CSI A500 (000510.CSI); raw_listed_industry=汽车配件,,,,,
C128,晶盛机电,,,listed,advanced_manufacturing,SZSE,300316,CN,enterprise_group,CSI A500 (000510.CSI),2026-04-18,https://legulegu.com/stockdata/index-basic-composition?indexCode=000510.CSI&date=2026-03-31,dedupe_key=晶盛机电; provenance=CSI A500 (000510.CSI); raw_listed_industry=专用机械,,,,,
C129,华测导航,,,listed,advanced_manufacturing,SZSE,300627,CN,enterprise_group,CSI A500 (000510.CSI),2026-04-18,https://legulegu.com/stockdata/index-basic-composition?indexCode=000510.CSI&date=2026-03-31,dedupe_key=华测导航; provenance=CSI A500 (000510.CSI); raw_listed_industry=通信设备,,,,,
C130,太极实业,,,listed,advanced_manufacturing,SSE,600667,CN,enterprise_group,CSI A500 (000510.CSI),2026-04-18,https://legulegu.com/stockdata/index-basic-composition?indexCode=000510.CSI&date=2026-03-31,dedupe_key=太极实业; provenance=CSI A500 (000510.CSI); raw_listed_industry=半导体,,,,,
C131,罗博特科,,,listed,advanced_manufacturing,SZSE,300757,CN,enterprise_group,CSI A500 (000510.CSI),2026-04-18,https://legulegu.com/stockdata/index-basic-composition?indexCode=000510.CSI&date=2026-03-31,dedupe_key=罗博特科; provenance=CSI A500 (000510.CSI); raw_listed_industry=专用机械,,,,,
C132,拓普集团,,,listed,advanced_manufacturing,SSE,601689,CN,enterprise_group,CSI A500 (000510.CSI),2026-04-18,https://legulegu.com/stockdata/index-basic-composition?indexCode=000510.CSI&date=2026-03-31,dedupe_key=拓普; provenance=CSI A500 (000510.CSI); raw_listed_industry=汽车配件,,,,,
C133,兴森科技,,,listed,advanced_manufacturing,SZSE,002436,CN,enterprise_group,CSI A500 (000510.CSI),2026-04-18,https://legulegu.com/stockdata/index-basic-composition?indexCode=000510.CSI&date=2026-03-31,dedupe_key=兴森科技; provenance=CSI A500 (000510.CSI); raw_listed_industry=元器件,,,,,
C134,金风科技,,,listed,advanced_manufacturing,SZSE,002202,CN,enterprise_group,CSI A500 (000510.CSI),2026-04-18,https://legulegu.com/stockdata/index-basic-composition?indexCode=000510.CSI&date=2026-03-31,dedupe_key=金风科技; provenance=CSI A500 (000510.CSI); raw_listed_industry=电气设备,,,,,
C135,中伟新材,,,listed,advanced_manufacturing,SZSE,300919,CN,enterprise_group,CSI A500 (000510.CSI),2026-04-18,https://legulegu.com/stockdata/index-basic-composition?indexCode=000510.CSI&date=2026-03-31,dedupe_key=中伟新材; provenance=CSI A500 (000510.CSI); raw_listed_industry=电气设备,,,,,
C136,伯特利,,,listed,advanced_manufacturing,SSE,603596,CN,enterprise_group,CSI A500 (000510.CSI),2026-04-18,https://legulegu.com/stockdata/index-basic-composition?indexCode=000510.CSI&date=2026-03-31,dedupe_key=伯特利; provenance=CSI A500 (000510.CSI); raw_listed_industry=汽车配件,,,,,
C137,徐工机械,,,listed,advanced_manufacturing,SZSE,000425,CN,enterprise_group,CSI A500 (000510.CSI),2026-04-18,https://legulegu.com/stockdata/index-basic-composition?indexCode=000510.CSI&date=2026-03-31,dedupe_key=徐工机械; provenance=CSI A500 (000510.CSI); raw_listed_industry=工程机械,,,,,
C138,豪迈科技,,,listed,advanced_manufacturing,SZSE,002595,CN,enterprise_group,CSI A500 (000510.CSI),2026-04-18,https://legulegu.com/stockdata/index-basic-composition?indexCode=000510.CSI&date=2026-03-31,dedupe_key=豪迈科技; provenance=CSI A500 (000510.CSI); raw_listed_industry=专用机械,,,,,
C139,大华股份,,,listed,advanced_manufacturing,SZSE,002236,CN,enterprise_group,CSI A500 (000510.CSI),2026-04-18,https://legulegu.com/stockdata/index-basic-composition?indexCode=000510.CSI&date=2026-03-31,dedupe_key=大华; provenance=CSI A500 (000510.CSI); raw_listed_industry=IT设备,,,,,
C140,天孚通信,,,listed,advanced_manufacturing,SZSE,300394,CN,enterprise_group,CSI A500 (000510.CSI),2026-04-18,https://legulegu.com/stockdata/index-basic-composition?indexCode=000510.CSI&date=2026-03-31,dedupe_key=天孚通信; provenance=CSI A500 (000510.CSI); raw_listed_industry=通信设备,,,,,
C141,胜宏科技,,,listed,advanced_manufacturing,SZSE,300476,CN,enterprise_group,CSI A500 (000510.CSI),2026-04-18,https://legulegu.com/stockdata/index-basic-composition?indexCode=000510.CSI&date=2026-03-31,dedupe_key=胜宏科技; provenance=CSI A500 (000510.CSI); raw_listed_industry=元器件,,,,,
C142,澜起科技,,,listed,advanced_manufacturing,STAR,688008,CN,enterprise_group,CSI A500 (000510.CSI),2026-04-18,https://legulegu.com/stockdata/index-basic-composition?indexCode=000510.CSI&date=2026-03-31,dedupe_key=澜起科技; provenance=CSI A500 (000510.CSI); raw_listed_industry=半导体,,,,,
C143,天合光能,,,listed,advanced_manufacturing,STAR,688599,CN,enterprise_group,CSI A500 (000510.CSI),2026-04-18,https://legulegu.com/stockdata/index-basic-composition?indexCode=000510.CSI&date=2026-03-31,dedupe_key=天合光能; provenance=CSI A500 (000510.CSI); raw_listed_industry=电气设备,,,,,
C144,光迅科技,,,listed,advanced_manufacturing,SZSE,002281,CN,enterprise_group,CSI A500 (000510.CSI),2026-04-18,https://legulegu.com/stockdata/index-basic-composition?indexCode=000510.CSI&date=2026-03-31,dedupe_key=光迅科技; provenance=CSI A500 (000510.CSI); raw_listed_industry=通信设备,,,,,
C145,中国西电,,,listed,advanced_manufacturing,SSE,601179,CN,enterprise_group,CSI A500 (000510.CSI),2026-04-18,https://legulegu.com/stockdata/index-basic-composition?indexCode=000510.CSI&date=2026-03-31,dedupe_key=中国西电; provenance=CSI A500 (000510.CSI); raw_listed_industry=电气设备,,,,,
C146,新易盛,,,listed,advanced_manufacturing,SZSE,300502,CN,enterprise_group,CSI A500 (000510.CSI),2026-04-18,https://legulegu.com/stockdata/index-basic-composition?indexCode=000510.CSI&date=2026-03-31,dedupe_key=新易盛; provenance=CSI A500 (000510.CSI); raw_listed_industry=通信设备,,,,,
C147,亿联网络,,,listed,advanced_manufacturing,SZSE,300628,CN,enterprise_group,CSI A500 (000510.CSI),2026-04-18,https://legulegu.com/stockdata/index-basic-composition?indexCode=000510.CSI&date=2026-03-31,dedupe_key=亿联网络; provenance=CSI A500 (000510.CSI); raw_listed_industry=通信设备,,,,,
C148,芯原股份,,,listed,advanced_manufacturing,STAR,688521,CN,enterprise_group,CSI A500 (000510.CSI),2026-04-18,https://legulegu.com/stockdata/index-basic-composition?indexCode=000510.CSI&date=2026-03-31,dedupe_key=芯原; provenance=CSI A500 (000510.CSI); raw_listed_industry=半导体,,,,,
C149,中国通号,,,listed,advanced_manufacturing,STAR,688009,CN,enterprise_group,CSI A500 (000510.CSI),2026-04-18,https://legulegu.com/stockdata/index-basic-composition?indexCode=000510.CSI&date=2026-03-31,dedupe_key=中国通号; provenance=CSI A500 (000510.CSI); raw_listed_industry=运输设备,,,,,
C150,晶晨股份,,,listed,advanced_manufacturing,STAR,688099,CN,enterprise_group,CSI A500 (000510.CSI),2026-04-18,https://legulegu.com/stockdata/index-basic-composition?indexCode=000510.CSI&date=2026-03-31,dedupe_key=晶晨; provenance=CSI A500 (000510.CSI); raw_listed_industry=半导体,,,,,
C151,特锐德,,,listed,advanced_manufacturing,SZSE,300001,CN,enterprise_group,CSI A500 (000510.CSI),2026-04-18,https://legulegu.com/stockdata/index-basic-composition?indexCode=000510.CSI&date=2026-03-31,dedupe_key=特锐德; provenance=CSI A500 (000510.CSI); raw_listed_industry=电气设备,,,,,
C152,中集集团,,,listed,advanced_manufacturing,SZSE,000039,CN,enterprise_group,CSI A500 (000510.CSI),2026-04-18,https://legulegu.com/stockdata/index-basic-composition?indexCode=000510.CSI&date=2026-03-31,dedupe_key=中集; provenance=CSI A500 (000510.CSI); raw_listed_industry=运输设备,,,,,
C153,华测检测,,,listed,advanced_manufacturing,SZSE,300012,CN,enterprise_group,CSI A500 (000510.CSI),2026-04-18,https://legulegu.com/stockdata/index-basic-composition?indexCode=000510.CSI&date=2026-03-31,dedupe_key=华测检测; provenance=CSI A500 (000510.CSI); raw_listed_industry=电器仪表,,,,,
C154,广汽集团,,,listed,advanced_manufacturing,SSE,601238,CN,enterprise_group,CSI A500 (000510.CSI),2026-04-18,https://legulegu.com/stockdata/index-basic-composition?indexCode=000510.CSI&date=2026-03-31,dedupe_key=广汽; provenance=CSI A500 (000510.CSI); raw_listed_industry=汽车整车,,,,,
C155,恒立液压,,,listed,advanced_manufacturing,SSE,601100,CN,enterprise_group,CSI A500 (000510.CSI),2026-04-18,https://legulegu.com/stockdata/index-basic-composition?indexCode=000510.CSI&date=2026-03-31,dedupe_key=恒立液压; provenance=CSI A500 (000510.CSI); raw_listed_industry=工程机械,,,,,
C156,比亚迪,比亚迪股份有限公司,比亚迪股份有限公司,mixed,advanced_manufacturing,SZSE,002594,CN,enterprise_group,CSI A500 (000510.CSI)|ACFIC Private 500 2024,2026-04-18,https://legulegu.com/stockdata/index-basic-composition?indexCode=000510.CSI&date=2026-03-31,dedupe_key=比亚迪; provenance=CSI A500 (000510.CSI); raw_listed_industry=汽车整车; provenance_urls=https://legulegu.com/stockdata/index-basic-composition?indexCode=000510.CSI&date=2026-03-31|https://www.acfic.org.cn/qlyw/202410/t20241012_229493.html; acfic_rank=7; acfic_province=广东省; acfic_revenue_wan_rmb=60231535; conflict_resolution=listed_backbone+private_ranking_overlap=>mixed,,,,,
C157,水晶光电,,,listed,advanced_manufacturing,SZSE,002273,CN,enterprise_group,CSI A500 (000510.CSI),2026-04-18,https://legulegu.com/stockdata/index-basic-composition?indexCode=000510.CSI&date=2026-03-31,dedupe_key=水晶光电; provenance=CSI A500 (000510.CSI); raw_listed_industry=元器件,,,,,
C158,雅克科技,,,listed,advanced_manufacturing,SZSE,002409,CN,enterprise_group,CSI A500 (000510.CSI),2026-04-18,https://legulegu.com/stockdata/index-basic-composition?indexCode=000510.CSI&date=2026-03-31,dedupe_key=雅克科技; provenance=CSI A500 (000510.CSI); raw_listed_industry=半导体,,,,,
C159,欧菲光,,,listed,advanced_manufacturing,SZSE,002456,CN,enterprise_group,CSI A500 (000510.CSI),2026-04-18,https://legulegu.com/stockdata/index-basic-composition?indexCode=000510.CSI&date=2026-03-31,dedupe_key=欧菲光; provenance=CSI A500 (000510.CSI); raw_listed_industry=元器件,,,,,
C160,南都电源,,,listed,advanced_manufacturing,SZSE,300068,CN,enterprise_group,CSI A500 (000510.CSI),2026-04-18,https://legulegu.com/stockdata/index-basic-composition?indexCode=000510.CSI&date=2026-03-31,dedupe_key=南都电源; provenance=CSI A500 (000510.CSI); raw_listed_industry=电气设备,,,,,
C161,太阳纸业,,,listed,advanced_manufacturing,SZSE,002078,CN,enterprise_group,CSI A500 (000510.CSI),2026-04-18,https://legulegu.com/stockdata/index-basic-composition?indexCode=000510.CSI&date=2026-03-31,dedupe_key=太阳纸业; provenance=CSI A500 (000510.CSI); raw_listed_industry=造纸,,,,,
C162,杰瑞股份,,,listed,advanced_manufacturing,SZSE,002353,CN,enterprise_group,CSI A500 (000510.CSI),2026-04-18,https://legulegu.com/stockdata/index-basic-composition?indexCode=000510.CSI&date=2026-03-31,dedupe_key=杰瑞; provenance=CSI A500 (000510.CSI); raw_listed_industry=化工机械,,,,,
C163,传音控股,,,listed,advanced_manufacturing,STAR,688036,CN,enterprise_group,CSI A500 (000510.CSI),2026-04-18,https://legulegu.com/stockdata/index-basic-composition?indexCode=000510.CSI&date=2026-03-31,dedupe_key=传音控股; provenance=CSI A500 (000510.CSI); raw_listed_industry=通信设备,,,,,
C164,阿特斯,,,listed,advanced_manufacturing,STAR,688472,CN,enterprise_group,CSI A500 (000510.CSI),2026-04-18,https://legulegu.com/stockdata/index-basic-composition?indexCode=000510.CSI&date=2026-03-31,dedupe_key=阿特斯; provenance=CSI A500 (000510.CSI); raw_listed_industry=电气设备,,,,,
C165,大族激光,,,listed,advanced_manufacturing,SZSE,002008,CN,enterprise_group,CSI A500 (000510.CSI),2026-04-18,https://legulegu.com/stockdata/index-basic-composition?indexCode=000510.CSI&date=2026-03-31,dedupe_key=大族激光; provenance=CSI A500 (000510.CSI); raw_listed_industry=专用机械,,,,,
C166,中际旭创,,,listed,advanced_manufacturing,SZSE,300308,CN,enterprise_group,CSI A500 (000510.CSI),2026-04-18,https://legulegu.com/stockdata/index-basic-composition?indexCode=000510.CSI&date=2026-03-31,dedupe_key=中际旭创; provenance=CSI A500 (000510.CSI); raw_listed_industry=通信设备,,,,,
C167,阳光电源,,,listed,advanced_manufacturing,SZSE,300274,CN,enterprise_group,CSI A500 (000510.CSI),2026-04-18,https://legulegu.com/stockdata/index-basic-composition?indexCode=000510.CSI&date=2026-03-31,dedupe_key=阳光电源; provenance=CSI A500 (000510.CSI); raw_listed_industry=电气设备,,,,,
C168,玲珑轮胎,,,listed,advanced_manufacturing,SSE,601966,CN,enterprise_group,CSI A500 (000510.CSI),2026-04-18,https://legulegu.com/stockdata/index-basic-composition?indexCode=000510.CSI&date=2026-03-31,dedupe_key=玲珑轮胎; provenance=CSI A500 (000510.CSI); raw_listed_industry=汽车配件,,,,,
C169,天华新能,,,listed,advanced_manufacturing,SZSE,300390,CN,enterprise_group,CSI A500 (000510.CSI),2026-04-18,https://legulegu.com/stockdata/index-basic-composition?indexCode=000510.CSI&date=2026-03-31,dedupe_key=天华新能; provenance=CSI A500 (000510.CSI); raw_listed_industry=电气设备,,,,,
C170,航发动力,,,listed,advanced_manufacturing,SSE,600893,CN,enterprise_group,CSI A500 (000510.CSI),2026-04-18,https://legulegu.com/stockdata/index-basic-composition?indexCode=000510.CSI&date=2026-03-31,dedupe_key=航发动力; provenance=CSI A500 (000510.CSI); raw_listed_industry=航空,,,,,
C171,许继电气,,,listed,advanced_manufacturing,SZSE,000400,CN,enterprise_group,CSI A500 (000510.CSI),2026-04-18,https://legulegu.com/stockdata/index-basic-composition?indexCode=000510.CSI&date=2026-03-31,dedupe_key=许继电气; provenance=CSI A500 (000510.CSI); raw_listed_industry=电气设备,,,,,
C172,紫光股份,,,listed,advanced_manufacturing,SZSE,000938,CN,enterprise_group,CSI A500 (000510.CSI),2026-04-18,https://legulegu.com/stockdata/index-basic-composition?indexCode=000510.CSI&date=2026-03-31,dedupe_key=紫光; provenance=CSI A500 (000510.CSI); raw_listed_industry=IT设备,,,,,
C173,汇川技术,,,listed,advanced_manufacturing,SZSE,300124,CN,enterprise_group,CSI A500 (000510.CSI),2026-04-18,https://legulegu.com/stockdata/index-basic-composition?indexCode=000510.CSI&date=2026-03-31,dedupe_key=汇川技术; provenance=CSI A500 (000510.CSI); raw_listed_industry=电器仪表,,,,,
C174,恒玄科技,,,listed,advanced_manufacturing,STAR,688608,CN,enterprise_group,CSI A500 (000510.CSI),2026-04-18,https://legulegu.com/stockdata/index-basic-composition?indexCode=000510.CSI&date=2026-03-31,dedupe_key=恒玄科技; provenance=CSI A500 (000510.CSI); raw_listed_industry=半导体,,,,,
C175,中航西飞,,,listed,advanced_manufacturing,SZSE,000768,CN,enterprise_group,CSI A500 (000510.CSI),2026-04-18,https://legulegu.com/stockdata/index-basic-composition?indexCode=000510.CSI&date=2026-03-31,dedupe_key=中航西飞; provenance=CSI A500 (000510.CSI); raw_listed_industry=航空,,,,,
C176,湖南裕能,,,listed,advanced_manufacturing,SZSE,301358,CN,enterprise_group,CSI A500 (000510.CSI),2026-04-18,https://legulegu.com/stockdata/index-basic-composition?indexCode=000510.CSI&date=2026-03-31,dedupe_key=湖南裕能; provenance=CSI A500 (000510.CSI); raw_listed_industry=电气设备,,,,,
C177,龙芯中科,,,listed,advanced_manufacturing,STAR,688047,CN,enterprise_group,CSI A500 (000510.CSI),2026-04-18,https://legulegu.com/stockdata/index-basic-composition?indexCode=000510.CSI&date=2026-03-31,dedupe_key=龙芯中科; provenance=CSI A500 (000510.CSI); raw_listed_industry=半导体,,,,,
C178,生益科技,,,listed,advanced_manufacturing,SSE,600183,CN,enterprise_group,CSI A500 (000510.CSI),2026-04-18,https://legulegu.com/stockdata/index-basic-composition?indexCode=000510.CSI&date=2026-03-31,dedupe_key=生益科技; provenance=CSI A500 (000510.CSI); raw_listed_industry=元器件,,,,,
C179,江苏国泰,,,listed,advanced_manufacturing,SZSE,002091,CN,enterprise_group,CSI A500 (000510.CSI),2026-04-18,https://legulegu.com/stockdata/index-basic-composition?indexCode=000510.CSI&date=2026-03-31,dedupe_key=江苏国泰; provenance=CSI A500 (000510.CSI); raw_listed_industry=商贸代理,,,,,
C180,拓荆科技,,,listed,advanced_manufacturing,STAR,688072,CN,enterprise_group,CSI A500 (000510.CSI),2026-04-18,https://legulegu.com/stockdata/index-basic-composition?indexCode=000510.CSI&date=2026-03-31,dedupe_key=拓荆科技; provenance=CSI A500 (000510.CSI); raw_listed_industry=半导体,,,,,
C181,兆易创新,,,listed,advanced_manufacturing,SSE,603986,CN,enterprise_group,CSI A500 (000510.CSI),2026-04-18,https://legulegu.com/stockdata/index-basic-composition?indexCode=000510.CSI&date=2026-03-31,dedupe_key=兆易创新; provenance=CSI A500 (000510.CSI); raw_listed_industry=半导体,,,,,
C182,长城汽车,长城汽车股份有限公司,长城汽车股份有限公司,mixed,advanced_manufacturing,SSE,601633,CN,enterprise_group,CSI A500 (000510.CSI)|ACFIC Private 500 2024,2026-04-18,https://legulegu.com/stockdata/index-basic-composition?indexCode=000510.CSI&date=2026-03-31,dedupe_key=长城汽车; provenance=CSI A500 (000510.CSI); raw_listed_industry=汽车整车; provenance_urls=https://legulegu.com/stockdata/index-basic-composition?indexCode=000510.CSI&date=2026-03-31|https://www.acfic.org.cn/qlyw/202410/t20241012_229493.html; acfic_rank=48; acfic_province=河北省; acfic_revenue_wan_rmb=17321207; conflict_resolution=listed_backbone+private_ranking_overlap=>mixed,,,,,
C183,赢合科技,,,listed,advanced_manufacturing,SZSE,300457,CN,enterprise_group,CSI A500 (000510.CSI),2026-04-18,https://legulegu.com/stockdata/index-basic-composition?indexCode=000510.CSI&date=2026-03-31,dedupe_key=赢合科技; provenance=CSI A500 (000510.CSI); raw_listed_industry=专用机械,,,,,
C184,睿创微纳,,,listed,advanced_manufacturing,STAR,688002,CN,enterprise_group,CSI A500 (000510.CSI),2026-04-18,https://legulegu.com/stockdata/index-basic-composition?indexCode=000510.CSI&date=2026-03-31,dedupe_key=睿创微纳; provenance=CSI A500 (000510.CSI); raw_listed_industry=通信设备,,,,,
C185,中国天楹,,,listed,advanced_manufacturing,SZSE,000035,CN,enterprise_group,CSI A500 (000510.CSI),2026-04-18,https://legulegu.com/stockdata/index-basic-composition?indexCode=000510.CSI&date=2026-03-31,dedupe_key=中国天楹; provenance=CSI A500 (000510.CSI); raw_listed_industry=环境保护,,,,,
C186,首创环保,,,listed,advanced_manufacturing,SSE,600008,CN,enterprise_group,CSI A500 (000510.CSI),2026-04-18,https://legulegu.com/stockdata/index-basic-composition?indexCode=000510.CSI&date=2026-03-31,dedupe_key=首创环保; provenance=CSI A500 (000510.CSI); raw_listed_industry=水务,,,,,
C187,特变电工,,,listed,advanced_manufacturing,SSE,600089,CN,enterprise_group,CSI A500 (000510.CSI),2026-04-18,https://legulegu.com/stockdata/index-basic-composition?indexCode=000510.CSI&date=2026-03-31,dedupe_key=特变电工; provenance=CSI A500 (000510.CSI); raw_listed_industry=电气设备,,,,,
C188,宇通客车,,,listed,advanced_manufacturing,SSE,600066,CN,enterprise_group,CSI A500 (000510.CSI),2026-04-18,https://legulegu.com/stockdata/index-basic-composition?indexCode=000510.CSI&date=2026-03-31,dedupe_key=宇通客车; provenance=CSI A500 (000510.CSI); raw_listed_industry=汽车整车,,,,,
C189,中微公司,,,listed,advanced_manufacturing,STAR,688012,CN,enterprise_group,CSI A500 (000510.CSI),2026-04-18,https://legulegu.com/stockdata/index-basic-composition?indexCode=000510.CSI&date=2026-03-31,dedupe_key=中微; provenance=CSI A500 (000510.CSI); raw_listed_industry=半导体,,,,,
C190,恩捷股份,,,listed,advanced_manufacturing,SZSE,002812,CN,enterprise_group,CSI A500 (000510.CSI),2026-04-18,https://legulegu.com/stockdata/index-basic-composition?indexCode=000510.CSI&date=2026-03-31,dedupe_key=恩捷; provenance=CSI A500 (000510.CSI); raw_listed_industry=电气设备,,,,,
C191,碧水源,,,listed,advanced_manufacturing,SZSE,300070,CN,enterprise_group,CSI A500 (000510.CSI),2026-04-18,https://legulegu.com/stockdata/index-basic-composition?indexCode=000510.CSI&date=2026-03-31,dedupe_key=碧水源; provenance=CSI A500 (000510.CSI); raw_listed_industry=环境保护,,,,,
C192,均胜电子,,,listed,advanced_manufacturing,SSE,600699,CN,enterprise_group,CSI A500 (000510.CSI),2026-04-18,https://legulegu.com/stockdata/index-basic-composition?indexCode=000510.CSI&date=2026-03-31,dedupe_key=均胜电子; provenance=CSI A500 (000510.CSI); raw_listed_industry=汽车配件,,,,,
C193,鹏鼎控股,,,listed,advanced_manufacturing,SZSE,002938,CN,enterprise_group,CSI A500 (000510.CSI),2026-04-18,https://legulegu.com/stockdata/index-basic-composition?indexCode=000510.CSI&date=2026-03-31,dedupe_key=鹏鼎控股; provenance=CSI A500 (000510.CSI); raw_listed_industry=元器件,,,,,
C194,蓝思科技,,,listed,advanced_manufacturing,SZSE,300433,CN,enterprise_group,CSI A500 (000510.CSI),2026-04-18,https://legulegu.com/stockdata/index-basic-composition?indexCode=000510.CSI&date=2026-03-31,dedupe_key=蓝思科技; provenance=CSI A500 (000510.CSI); raw_listed_industry=元器件,,,,,
C195,长川科技,,,listed,advanced_manufacturing,SZSE,300604,CN,enterprise_group,CSI A500 (000510.CSI),2026-04-18,https://legulegu.com/stockdata/index-basic-composition?indexCode=000510.CSI&date=2026-03-31,dedupe_key=长川科技; provenance=CSI A500 (000510.CSI); raw_listed_industry=半导体,,,,,
C196,中国宝安,,,listed,advanced_manufacturing,SZSE,000009,CN,enterprise_group,CSI A500 (000510.CSI),2026-04-18,https://legulegu.com/stockdata/index-basic-composition?indexCode=000510.CSI&date=2026-03-31,dedupe_key=中国宝安; provenance=CSI A500 (000510.CSI); raw_listed_industry=电气设备,,,,,
C197,中航光电,,,listed,advanced_manufacturing,SZSE,002179,CN,enterprise_group,CSI A500 (000510.CSI),2026-04-18,https://legulegu.com/stockdata/index-basic-composition?indexCode=000510.CSI&date=2026-03-31,dedupe_key=中航光电; provenance=CSI A500 (000510.CSI); raw_listed_industry=元器件,,,,,
C198,长电科技,,,listed,advanced_manufacturing,SSE,600584,CN,enterprise_group,CSI A500 (000510.CSI),2026-04-18,https://legulegu.com/stockdata/index-basic-composition?indexCode=000510.CSI&date=2026-03-31,dedupe_key=长电科技; provenance=CSI A500 (000510.CSI); raw_listed_industry=半导体,,,,,
C199,航天彩虹,,,listed,advanced_manufacturing,SZSE,002389,CN,enterprise_group,CSI A500 (000510.CSI),2026-04-18,https://legulegu.com/stockdata/index-basic-composition?indexCode=000510.CSI&date=2026-03-31,dedupe_key=航天彩虹; provenance=CSI A500 (000510.CSI); raw_listed_industry=航空,,,,,
C200,纳思达,,,listed,advanced_manufacturing,SZSE,002180,CN,enterprise_group,CSI A500 (000510.CSI),2026-04-18,https://legulegu.com/stockdata/index-basic-composition?indexCode=000510.CSI&date=2026-03-31,dedupe_key=纳思达; provenance=CSI A500 (000510.CSI); raw_listed_industry=IT设备,,,,,
C201,欣旺达,,,listed,advanced_manufacturing,SZSE,300207,CN,enterprise_group,CSI A500 (000510.CSI),2026-04-18,https://legulegu.com/stockdata/index-basic-composition?indexCode=000510.CSI&date=2026-03-31,dedupe_key=欣旺达; provenance=CSI A500 (000510.CSI); raw_listed_industry=电气设备,,,,,
C202,中航重机,,,listed,advanced_manufacturing,SSE,600765,CN,enterprise_group,CSI A500 (000510.CSI),2026-04-18,https://legulegu.com/stockdata/index-basic-composition?indexCode=000510.CSI&date=2026-03-31,dedupe_key=中航重机; provenance=CSI A500 (000510.CSI); raw_listed_industry=航空,,,,,
C203,深南电路,,,listed,advanced_manufacturing,SZSE,002916,CN,enterprise_group,CSI A500 (000510.CSI),2026-04-18,https://legulegu.com/stockdata/index-basic-composition?indexCode=000510.CSI&date=2026-03-31,dedupe_key=深南电路; provenance=CSI A500 (000510.CSI); raw_listed_industry=元器件,,,,,
C204,信维通信,,,listed,advanced_manufacturing,SZSE,300136,CN,enterprise_group,CSI A500 (000510.CSI),2026-04-18,https://legulegu.com/stockdata/index-basic-composition?indexCode=000510.CSI&date=2026-03-31,dedupe_key=信维通信; provenance=CSI A500 (000510.CSI); raw_listed_industry=元器件,,,,,
C205,新奥股份,,,listed,advanced_manufacturing,SSE,600803,CN,enterprise_group,CSI A500 (000510.CSI),2026-04-18,https://legulegu.com/stockdata/index-basic-composition?indexCode=000510.CSI&date=2026-03-31,dedupe_key=新奥; provenance=CSI A500 (000510.CSI); raw_listed_industry=供气供热,,,,,
C206,洪都航空,,,listed,advanced_manufacturing,SSE,600316,CN,enterprise_group,CSI A500 (000510.CSI),2026-04-18,https://legulegu.com/stockdata/index-basic-composition?indexCode=000510.CSI&date=2026-03-31,dedupe_key=洪都航空; provenance=CSI A500 (000510.CSI); raw_listed_industry=航空,,,,,
C207,华工科技,,,listed,advanced_manufacturing,SZSE,000988,CN,enterprise_group,CSI A500 (000510.CSI),2026-04-18,https://legulegu.com/stockdata/index-basic-composition?indexCode=000510.CSI&date=2026-03-31,dedupe_key=华工科技; provenance=CSI A500 (000510.CSI); raw_listed_industry=专用机械,,,,,
C208,上汽集团,,,listed,advanced_manufacturing,SSE,600104,CN,enterprise_group,CSI A500 (000510.CSI),2026-04-18,https://legulegu.com/stockdata/index-basic-composition?indexCode=000510.CSI&date=2026-03-31,dedupe_key=上汽; provenance=CSI A500 (000510.CSI); raw_listed_industry=汽车整车,,,,,
C209,海格通信,,,listed,advanced_manufacturing,SZSE,002465,CN,enterprise_group,CSI A500 (000510.CSI),2026-04-18,https://legulegu.com/stockdata/index-basic-composition?indexCode=000510.CSI&date=2026-03-31,dedupe_key=海格通信; provenance=CSI A500 (000510.CSI); raw_listed_industry=通信设备,,,,,
C210,创世纪,,,listed,advanced_manufacturing,SZSE,300083,CN,enterprise_group,CSI A500 (000510.CSI),2026-04-18,https://legulegu.com/stockdata/index-basic-composition?indexCode=000510.CSI&date=2026-03-31,dedupe_key=创世纪; provenance=CSI A500 (000510.CSI); raw_listed_industry=机床制造,,,,,
C211,华海清科,,,listed,advanced_manufacturing,STAR,688120,CN,enterprise_group,CSI A500 (000510.CSI),2026-04-18,https://legulegu.com/stockdata/index-basic-composition?indexCode=000510.CSI&date=2026-03-31,dedupe_key=华海清科; provenance=CSI A500 (000510.CSI); raw_listed_industry=半导体,,,,,
C212,福斯特,,,listed,advanced_manufacturing,SSE,603806,CN,enterprise_group,CSI A500 (000510.CSI),2026-04-18,https://legulegu.com/stockdata/index-basic-composition?indexCode=000510.CSI&date=2026-03-31,dedupe_key=福斯特; provenance=CSI A500 (000510.CSI); raw_listed_industry=塑料,,,,,
C213,光启技术,,,listed,advanced_manufacturing,SZSE,002625,CN,enterprise_group,CSI A500 (000510.CSI),2026-04-18,https://legulegu.com/stockdata/index-basic-composition?indexCode=000510.CSI&date=2026-03-31,dedupe_key=光启技术; provenance=CSI A500 (000510.CSI); raw_listed_industry=航空,,,,,
C214,中航成飞,,,listed,advanced_manufacturing,SZSE,302132,CN,enterprise_group,CSI A500 (000510.CSI),2026-04-18,https://legulegu.com/stockdata/index-basic-composition?indexCode=000510.CSI&date=2026-03-31,dedupe_key=中航成飞; provenance=CSI A500 (000510.CSI); raw_listed_industry=航空,,,,,
C215,三星电气,,,listed,advanced_manufacturing,SSE,601567,CN,enterprise_group,CSI A500 (000510.CSI),2026-04-18,https://legulegu.com/stockdata/index-basic-composition?indexCode=000510.CSI&date=2026-03-31,dedupe_key=三星电气; provenance=CSI A500 (000510.CSI); raw_listed_industry=电气设备,,,,,
C216,顺络电子,,,listed,advanced_manufacturing,SZSE,002138,CN,enterprise_group,CSI A500 (000510.CSI),2026-04-18,https://legulegu.com/stockdata/index-basic-composition?indexCode=000510.CSI&date=2026-03-31,dedupe_key=顺络电子; provenance=CSI A500 (000510.CSI); raw_listed_industry=元器件,,,,,
C217,春风动力,,,listed,advanced_manufacturing,SSE,603129,CN,enterprise_group,CSI A500 (000510.CSI),2026-04-18,https://legulegu.com/stockdata/index-basic-composition?indexCode=000510.CSI&date=2026-03-31,dedupe_key=春风动力; provenance=CSI A500 (000510.CSI); raw_listed_industry=摩托车,,,,,
C218,卓胜微,,,listed,advanced_manufacturing,SZSE,300782,CN,enterprise_group,CSI A500 (000510.CSI),2026-04-18,https://legulegu.com/stockdata/index-basic-composition?indexCode=000510.CSI&date=2026-03-31,dedupe_key=卓胜微; provenance=CSI A500 (000510.CSI); raw_listed_industry=半导体,,,,,
C219,卧龙电驱,,,listed,advanced_manufacturing,SSE,600580,CN,enterprise_group,CSI A500 (000510.CSI),2026-04-18,https://legulegu.com/stockdata/index-basic-composition?indexCode=000510.CSI&date=2026-03-31,dedupe_key=卧龙电驱; provenance=CSI A500 (000510.CSI); raw_listed_industry=电气设备,,,,,
C220,容百科技,,,listed,advanced_manufacturing,STAR,688005,CN,enterprise_group,CSI A500 (000510.CSI),2026-04-18,https://legulegu.com/stockdata/index-basic-composition?indexCode=000510.CSI&date=2026-03-31,dedupe_key=容百科技; provenance=CSI A500 (000510.CSI); raw_listed_industry=电气设备,,,,,
C221,浪潮信息,,,listed,advanced_manufacturing,SZSE,000977,CN,enterprise_group,CSI A500 (000510.CSI),2026-04-18,https://legulegu.com/stockdata/index-basic-composition?indexCode=000510.CSI&date=2026-03-31,dedupe_key=浪潮信息; provenance=CSI A500 (000510.CSI); raw_listed_industry=IT设备,,,,,
C222,航天发展,,,listed,advanced_manufacturing,SZSE,000547,CN,enterprise_group,CSI A500 (000510.CSI),2026-04-18,https://legulegu.com/stockdata/index-basic-composition?indexCode=000510.CSI&date=2026-03-31,dedupe_key=航天发展; provenance=CSI A500 (000510.CSI); raw_listed_industry=通信设备,,,,,
C223,普天科技,,,listed,advanced_manufacturing,SZSE,002544,CN,enterprise_group,CSI A500 (000510.CSI),2026-04-18,https://legulegu.com/stockdata/index-basic-composition?indexCode=000510.CSI&date=2026-03-31,dedupe_key=普天科技; provenance=CSI A500 (000510.CSI); raw_listed_industry=通信设备,,,,,
C224,晶科能源,,,listed,advanced_manufacturing,STAR,688223,CN,enterprise_group,CSI A500 (000510.CSI),2026-04-18,https://legulegu.com/stockdata/index-basic-composition?indexCode=000510.CSI&date=2026-03-31,dedupe_key=晶科能源; provenance=CSI A500 (000510.CSI); raw_listed_industry=电气设备,,,,,
C225,赛轮轮胎,,,listed,advanced_manufacturing,SSE,601058,CN,enterprise_group,CSI A500 (000510.CSI),2026-04-18,https://legulegu.com/stockdata/index-basic-composition?indexCode=000510.CSI&date=2026-03-31,dedupe_key=赛轮轮胎; provenance=CSI A500 (000510.CSI); raw_listed_industry=汽车配件,,,,,
C226,寒武纪,,,listed,advanced_manufacturing,STAR,688256,CN,enterprise_group,CSI A500 (000510.CSI),2026-04-18,https://legulegu.com/stockdata/index-basic-composition?indexCode=000510.CSI&date=2026-03-31,dedupe_key=寒武纪; provenance=CSI A500 (000510.CSI); raw_listed_industry=半导体,,,,,
C227,锦浪科技,,,listed,advanced_manufacturing,SZSE,300763,CN,enterprise_group,CSI A500 (000510.CSI),2026-04-18,https://legulegu.com/stockdata/index-basic-composition?indexCode=000510.CSI&date=2026-03-31,dedupe_key=锦浪科技; provenance=CSI A500 (000510.CSI); raw_listed_industry=电气设备,,,,,
C228,中国长城,,,listed,advanced_manufacturing,SZSE,000066,CN,enterprise_group,CSI A500 (000510.CSI),2026-04-18,https://legulegu.com/stockdata/index-basic-composition?indexCode=000510.CSI&date=2026-03-31,dedupe_key=中国长城; provenance=CSI A500 (000510.CSI); raw_listed_industry=IT设备,,,,,
C229,东阳光,,,listed,advanced_manufacturing,SSE,600673,CN,enterprise_group,CSI A500 (000510.CSI),2026-04-18,https://legulegu.com/stockdata/index-basic-composition?indexCode=000510.CSI&date=2026-03-31,dedupe_key=东阳光; provenance=CSI A500 (000510.CSI); raw_listed_industry=综合类,,,,,
C230,歌尔股份,,,listed,advanced_manufacturing,SZSE,002241,CN,enterprise_group,CSI A500 (000510.CSI),2026-04-18,https://legulegu.com/stockdata/index-basic-composition?indexCode=000510.CSI&date=2026-03-31,dedupe_key=歌尔; provenance=CSI A500 (000510.CSI); raw_listed_industry=元器件,,,,,
C231,柏楚电子,,,listed,advanced_manufacturing,STAR,688188,CN,enterprise_group,CSI A500 (000510.CSI),2026-04-18,https://legulegu.com/stockdata/index-basic-composition?indexCode=000510.CSI&date=2026-03-31,dedupe_key=柏楚电子; provenance=CSI A500 (000510.CSI); raw_listed_industry=专用机械,,,,,
C232,宏发股份,,,listed,advanced_manufacturing,SSE,600885,CN,enterprise_group,CSI A500 (000510.CSI),2026-04-18,https://legulegu.com/stockdata/index-basic-composition?indexCode=000510.CSI&date=2026-03-31,dedupe_key=宏发; provenance=CSI A500 (000510.CSI); raw_listed_industry=电气设备,,,,,
C233,立讯精密,,,listed,advanced_manufacturing,SZSE,002475,CN,enterprise_group,CSI A500 (000510.CSI),2026-04-18,https://legulegu.com/stockdata/index-basic-composition?indexCode=000510.CSI&date=2026-03-31,dedupe_key=立讯精密; provenance=CSI A500 (000510.CSI); raw_listed_industry=元器件,,,,,
C234,亨通光电,,,listed,advanced_manufacturing,SSE,600487,CN,enterprise_group,CSI A500 (000510.CSI),2026-04-18,https://legulegu.com/stockdata/index-basic-composition?indexCode=000510.CSI&date=2026-03-31,dedupe_key=亨通光电; provenance=CSI A500 (000510.CSI); raw_listed_industry=通信设备,,,,,
C235,东方电缆,,,listed,advanced_manufacturing,SSE,603606,CN,enterprise_group,CSI A500 (000510.CSI),2026-04-18,https://legulegu.com/stockdata/index-basic-composition?indexCode=000510.CSI&date=2026-03-31,dedupe_key=东方电缆; provenance=CSI A500 (000510.CSI); raw_listed_industry=电气设备,,,,,
C236,京东集团,,京东集团,private,consumer_retail,,,CN,enterprise_group,ACFIC Private 500 2024,2026-04-18,https://www.acfic.org.cn/qlyw/202410/t20241012_229493.html,dedupe_key=京东; provenance=ACFIC Private 500 2024; acfic_rank=1; acfic_province=北京市; acfic_revenue_wan_rmb=108466200,,,,,
C237,新希望,新希望控股集团有限公司,新希望控股集团有限公司,private,consumer_retail,,,CN,enterprise_group,ACFIC Private 500 2024,2026-04-18,https://www.acfic.org.cn/qlyw/202410/t20241012_229493.html,dedupe_key=新希望; provenance=ACFIC Private 500 2024; acfic_rank=19; acfic_province=四川省; acfic_revenue_wan_rmb=28308461,,,,,
C238,海澜集团,海澜集团有限公司,海澜集团有限公司,private,consumer_retail,,,CN,enterprise_group,ACFIC Private 500 2024,2026-04-18,https://www.acfic.org.cn/qlyw/202410/t20241012_229493.html,dedupe_key=海澜; provenance=ACFIC Private 500 2024; acfic_rank=63; acfic_province=江苏省; acfic_revenue_wan_rmb=13830215,,,,,
C239,伊利股份,内蒙古伊利实业集团股份有限公司,内蒙古伊利实业集团股份有限公司,private,consumer_retail,,,CN,enterprise_group,ACFIC Private 500 2024,2026-04-18,https://www.acfic.org.cn/qlyw/202410/t20241012_229493.html,dedupe_key=伊利; provenance=ACFIC Private 500 2024; acfic_rank=72; acfic_province=内蒙古自治区; acfic_revenue_wan_rmb=12617946,,,,,
C240,伊利股份,,,listed,consumer_retail,SSE,600887,CN,enterprise_group,CSI A500 (000510.CSI),2026-04-18,https://legulegu.com/stockdata/index-basic-composition?indexCode=000510.CSI&date=2026-03-31,dedupe_key=伊利; provenance=CSI A500 (000510.CSI); raw_listed_industry=乳制品,,,,,
C241,牧原股份,,,listed,consumer_retail,SZSE,002714,CN,enterprise_group,CSI A500 (000510.CSI),2026-04-18,https://legulegu.com/stockdata/index-basic-composition?indexCode=000510.CSI&date=2026-03-31,dedupe_key=牧原; provenance=CSI A500 (000510.CSI); raw_listed_industry=农业综合,,,,,
C242,雅戈尔,,,listed,consumer_retail,SSE,600177,CN,enterprise_group,CSI A500 (000510.CSI),2026-04-18,https://legulegu.com/stockdata/index-basic-composition?indexCode=000510.CSI&date=2026-03-31,dedupe_key=雅戈尔; provenance=CSI A500 (000510.CSI); raw_listed_industry=服饰,,,,,
C243,奥瑞金,,,listed,consumer_retail,SZSE,002701,CN,enterprise_group,CSI A500 (000510.CSI),2026-04-18,https://legulegu.com/stockdata/index-basic-composition?indexCode=000510.CSI&date=2026-03-31,dedupe_key=奥瑞金; provenance=CSI A500 (000510.CSI); raw_listed_industry=广告包装,,,,,
C244,豫园股份,,,listed,consumer_retail,SSE,600655,CN,enterprise_group,CSI A500 (000510.CSI),2026-04-18,https://legulegu.com/stockdata/index-basic-composition?indexCode=000510.CSI&date=2026-03-31,dedupe_key=豫园; provenance=CSI A500 (000510.CSI); raw_listed_industry=百货,,,,,
C245,东鹏饮料,,,listed,consumer_retail,SSE,605499,CN,enterprise_group,CSI A500 (000510.CSI),2026-04-18,https://legulegu.com/stockdata/index-basic-composition?indexCode=000510.CSI&date=2026-03-31,dedupe_key=东鹏饮料; provenance=CSI A500 (000510.CSI); raw_listed_industry=软饮料,,,,,
C246,首旅酒店,,,listed,consumer_retail,SSE,600258,CN,enterprise_group,CSI A500 (000510.CSI),2026-04-18,https://legulegu.com/stockdata/index-basic-composition?indexCode=000510.CSI&date=2026-03-31,dedupe_key=首旅酒店; provenance=CSI A500 (000510.CSI); raw_listed_industry=酒店餐饮,,,,,
C247,万达电影,,,listed,consumer_retail,SZSE,002739,CN,enterprise_group,CSI A500 (000510.CSI),2026-04-18,https://legulegu.com/stockdata/index-basic-composition?indexCode=000510.CSI&date=2026-03-31,dedupe_key=万达电影; provenance=CSI A500 (000510.CSI); raw_listed_industry=影视音像,,,,,
C248,中国中免,,,listed,consumer_retail,SSE,601888,CN,enterprise_group,CSI A500 (000510.CSI),2026-04-18,https://legulegu.com/stockdata/index-basic-composition?indexCode=000510.CSI&date=2026-03-31,dedupe_key=中国中免; provenance=CSI A500 (000510.CSI); raw_listed_industry=旅游服务,,,,,
C249,东方明珠,,,listed,consumer_retail,SSE,600637,CN,enterprise_group,CSI A500 (000510.CSI),2026-04-18,https://legulegu.com/stockdata/index-basic-composition?indexCode=000510.CSI&date=2026-03-31,dedupe_key=东方明珠; provenance=CSI A500 (000510.CSI); raw_listed_industry=影视音像,,,,,
C250,蓝色光标,,,listed,consumer_retail,SZSE,300058,CN,enterprise_group,CSI A500 (000510.CSI),2026-04-18,https://legulegu.com/stockdata/index-basic-composition?indexCode=000510.CSI&date=2026-03-31,dedupe_key=蓝色光标; provenance=CSI A500 (000510.CSI); raw_listed_industry=广告包装,,,,,
C251,海澜之家,,,listed,consumer_retail,SSE,600398,CN,enterprise_group,CSI A500 (000510.CSI),2026-04-18,https://legulegu.com/stockdata/index-basic-composition?indexCode=000510.CSI&date=2026-03-31,dedupe_key=海澜之家; provenance=CSI A500 (000510.CSI); raw_listed_industry=服饰,,,,,
C252,海尔智家,,,listed,consumer_retail,SSE,600690,CN,enterprise_group,CSI A500 (000510.CSI),2026-04-18,https://legulegu.com/stockdata/index-basic-composition?indexCode=000510.CSI&date=2026-03-31,dedupe_key=海尔智家; provenance=CSI A500 (000510.CSI); raw_listed_industry=家用电器,,,,,
C253,奥飞娱乐,,,listed,consumer_retail,SZSE,002292,CN,enterprise_group,CSI A500 (000510.CSI),2026-04-18,https://legulegu.com/stockdata/index-basic-composition?indexCode=000510.CSI&date=2026-03-31,dedupe_key=奥飞娱乐; provenance=CSI A500 (000510.CSI); raw_listed_industry=影视音像,,,,,
C254,欧派家居,,,listed,consumer_retail,SSE,603833,CN,enterprise_group,CSI A500 (000510.CSI),2026-04-18,https://legulegu.com/stockdata/index-basic-composition?indexCode=000510.CSI&date=2026-03-31,dedupe_key=欧派家居; provenance=CSI A500 (000510.CSI); raw_listed_industry=家居用品,,,,,
C255,石头科技,,,listed,consumer_retail,STAR,688169,CN,enterprise_group,CSI A500 (000510.CSI),2026-04-18,https://legulegu.com/stockdata/index-basic-composition?indexCode=000510.CSI&date=2026-03-31,dedupe_key=石头科技; provenance=CSI A500 (000510.CSI); raw_listed_industry=家用电器,,,,,
C256,贵州茅台,,,listed,consumer_retail,SSE,600519,CN,enterprise_group,CSI A500 (000510.CSI),2026-04-18,https://legulegu.com/stockdata/index-basic-composition?indexCode=000510.CSI&date=2026-03-31,dedupe_key=贵州茅台; provenance=CSI A500 (000510.CSI); raw_listed_industry=白酒,,,,,
C257,三花智控,,,listed,consumer_retail,SZSE,002050,CN,enterprise_group,CSI A500 (000510.CSI),2026-04-18,https://legulegu.com/stockdata/index-basic-composition?indexCode=000510.CSI&date=2026-03-31,dedupe_key=三花智控; provenance=CSI A500 (000510.CSI); raw_listed_industry=家用电器,,,,,
C258,分众传媒,,,listed,consumer_retail,SZSE,002027,CN,enterprise_group,CSI A500 (000510.CSI),2026-04-18,https://legulegu.com/stockdata/index-basic-composition?indexCode=000510.CSI&date=2026-03-31,dedupe_key=分众传媒; provenance=CSI A500 (000510.CSI); raw_listed_industry=广告包装,,,,,
C259,晨光股份,,,listed,consumer_retail,SSE,603899,CN,enterprise_group,CSI A500 (000510.CSI),2026-04-18,https://legulegu.com/stockdata/index-basic-composition?indexCode=000510.CSI&date=2026-03-31,dedupe_key=晨光; provenance=CSI A500 (000510.CSI); raw_listed_industry=文教休闲,,,,,
C260,海天味业,,,listed,consumer_retail,SSE,603288,CN,enterprise_group,CSI A500 (000510.CSI),2026-04-18,https://legulegu.com/stockdata/index-basic-composition?indexCode=000510.CSI&date=2026-03-31,dedupe_key=海天味业; provenance=CSI A500 (000510.CSI); raw_listed_industry=食品,,,,,
C261,巨星科技,,,listed,consumer_retail,SZSE,002444,CN,enterprise_group,CSI A500 (000510.CSI),2026-04-18,https://legulegu.com/stockdata/index-basic-composition?indexCode=000510.CSI&date=2026-03-31,dedupe_key=巨星科技; provenance=CSI A500 (000510.CSI); raw_listed_industry=轻工机械,,,,,
C262,五粮液,,,listed,consumer_retail,SZSE,000858,CN,enterprise_group,CSI A500 (000510.CSI),2026-04-18,https://legulegu.com/stockdata/index-basic-composition?indexCode=000510.CSI&date=2026-03-31,dedupe_key=五粮液; provenance=CSI A500 (000510.CSI); raw_listed_industry=白酒,,,,,
C263,索菲亚,,,listed,consumer_retail,SZSE,002572,CN,enterprise_group,CSI A500 (000510.CSI),2026-04-18,https://legulegu.com/stockdata/index-basic-composition?indexCode=000510.CSI&date=2026-03-31,dedupe_key=索菲亚; provenance=CSI A500 (000510.CSI); raw_listed_industry=家居用品,,,,,
C264,光线传媒,,,listed,consumer_retail,SZSE,300251,CN,enterprise_group,CSI A500 (000510.CSI),2026-04-18,https://legulegu.com/stockdata/index-basic-composition?indexCode=000510.CSI&date=2026-03-31,dedupe_key=光线传媒; provenance=CSI A500 (000510.CSI); raw_listed_industry=影视音像,,,,,
C265,美的集团,,,listed,consumer_retail,SZSE,000333,CN,enterprise_group,CSI A500 (000510.CSI),2026-04-18,https://legulegu.com/stockdata/index-basic-composition?indexCode=000510.CSI&date=2026-03-31,dedupe_key=美的; provenance=CSI A500 (000510.CSI); raw_listed_industry=家用电器,,,,,
C266,中宠股份,,,listed,consumer_retail,SZSE,002891,CN,enterprise_group,CSI A500 (000510.CSI),2026-04-18,https://legulegu.com/stockdata/index-basic-composition?indexCode=000510.CSI&date=2026-03-31,dedupe_key=中宠; provenance=CSI A500 (000510.CSI); raw_listed_industry=饲料,,,,,
C267,王府井,,,listed,consumer_retail,SSE,600859,CN,enterprise_group,CSI A500 (000510.CSI),2026-04-18,https://legulegu.com/stockdata/index-basic-composition?indexCode=000510.CSI&date=2026-03-31,dedupe_key=王府井; provenance=CSI A500 (000510.CSI); raw_listed_industry=百货,,,,,
C268,锦江酒店,,,listed,consumer_retail,SSE,600754,CN,enterprise_group,CSI A500 (000510.CSI),2026-04-18,https://legulegu.com/stockdata/index-basic-composition?indexCode=000510.CSI&date=2026-03-31,dedupe_key=锦江酒店; provenance=CSI A500 (000510.CSI); raw_listed_industry=酒店餐饮,,,,,
C269,中公教育,,,listed,consumer_retail,SZSE,002607,CN,enterprise_group,CSI A500 (000510.CSI),2026-04-18,https://legulegu.com/stockdata/index-basic-composition?indexCode=000510.CSI&date=2026-03-31,dedupe_key=中公教育; provenance=CSI A500 (000510.CSI); raw_listed_industry=文教休闲,,,,,
C270,珀莱雅,,,listed,consumer_retail,SSE,603605,CN,enterprise_group,CSI A500 (000510.CSI),2026-04-18,https://legulegu.com/stockdata/index-basic-composition?indexCode=000510.CSI&date=2026-03-31,dedupe_key=珀莱雅; provenance=CSI A500 (000510.CSI); raw_listed_industry=日用化工,,,,,
C271,四川长虹,,,listed,consumer_retail,SSE,600839,CN,enterprise_group,CSI A500 (000510.CSI),2026-04-18,https://legulegu.com/stockdata/index-basic-composition?indexCode=000510.CSI&date=2026-03-31,dedupe_key=四川长虹; provenance=CSI A500 (000510.CSI); raw_listed_industry=家用电器,,,,,
C272,泸州老窖,,,listed,consumer_retail,SZSE,000568,CN,enterprise_group,CSI A500 (000510.CSI),2026-04-18,https://legulegu.com/stockdata/index-basic-composition?indexCode=000510.CSI&date=2026-03-31,dedupe_key=泸州老窖; provenance=CSI A500 (000510.CSI); raw_listed_industry=白酒,,,,,
C273,隆平高科,,,listed,consumer_retail,SZSE,000998,CN,enterprise_group,CSI A500 (000510.CSI),2026-04-18,https://legulegu.com/stockdata/index-basic-composition?indexCode=000510.CSI&date=2026-03-31,dedupe_key=隆平高科; provenance=CSI A500 (000510.CSI); raw_listed_industry=种植业,,,,,
C274,万辰集团,,,listed,consumer_retail,SZSE,300972,CN,enterprise_group,CSI A500 (000510.CSI),2026-04-18,https://legulegu.com/stockdata/index-basic-composition?indexCode=000510.CSI&date=2026-03-31,dedupe_key=万辰; provenance=CSI A500 (000510.CSI); raw_listed_industry=食品,,,,,
C275,顾家家居,,,listed,consumer_retail,SSE,603816,CN,enterprise_group,CSI A500 (000510.CSI),2026-04-18,https://legulegu.com/stockdata/index-basic-composition?indexCode=000510.CSI&date=2026-03-31,dedupe_key=顾家家居; provenance=CSI A500 (000510.CSI); raw_listed_industry=家居用品,,,,,
C276,恒力集团,恒力集团有限公司,恒力集团有限公司,private,energy_chemicals,,,CN,enterprise_group,ACFIC Private 500 2024,2026-04-18,https://www.acfic.org.cn/qlyw/202410/t20241012_229493.html,dedupe_key=恒力; provenance=ACFIC Private 500 2024; acfic_rank=3; acfic_province=江苏省; acfic_revenue_wan_rmb=81173689,,,,,
C277,荣盛控股,浙江荣盛控股集团有限公司,浙江荣盛控股集团有限公司,private,energy_chemicals,,,CN,enterprise_group,ACFIC Private 500 2024,2026-04-18,https://www.acfic.org.cn/qlyw/202410/t20241012_229493.html,dedupe_key=荣盛控股; provenance=ACFIC Private 500 2024; acfic_rank=5; acfic_province=浙江省; acfic_revenue_wan_rmb=61260568,,,,,
C278,盛虹控股,盛虹控股集团有限公司,盛虹控股集团有限公司,private,energy_chemicals,,,CN,enterprise_group,ACFIC Private 500 2024,2026-04-18,https://www.acfic.org.cn/qlyw/202410/t20241012_229493.html,dedupe_key=盛虹控股; provenance=ACFIC Private 500 2024; acfic_rank=8; acfic_province=江苏省; acfic_revenue_wan_rmb=52882491,,,,,
C279,魏桥创业,山东魏桥创业集团有限公司,山东魏桥创业集团有限公司,private,energy_chemicals,,,CN,enterprise_group,ACFIC Private 500 2024,2026-04-18,https://www.acfic.org.cn/qlyw/202410/t20241012_229493.html,dedupe_key=魏桥创业; provenance=ACFIC Private 500 2024; acfic_rank=9; acfic_province=山东省; acfic_revenue_wan_rmb=52021385,,,,,
C280,恒逸集团,浙江恒逸集团有限公司,浙江恒逸集团有限公司,private,energy_chemicals,,,CN,enterprise_group,ACFIC Private 500 2024,2026-04-18,https://www.acfic.org.cn/qlyw/202410/t20241012_229493.html,dedupe_key=恒逸; provenance=ACFIC Private 500 2024; acfic_rank=13; acfic_province=浙江省; acfic_revenue_wan_rmb=40682953,,,,,
C281,青山控股,青山控股集团有限公司,青山控股集团有限公司,private,energy_chemicals,,,CN,enterprise_group,ACFIC Private 500 2024,2026-04-18,https://www.acfic.org.cn/qlyw/202410/t20241012_229493.html,dedupe_key=青山控股; provenance=ACFIC Private 500 2024; acfic_rank=15; acfic_province=浙江省; acfic_revenue_wan_rmb=38213706,,,,,
C282,敬业集团,敬业集团有限公司,敬业集团有限公司,private,energy_chemicals,,,CN,enterprise_group,ACFIC Private 500 2024,2026-04-18,https://www.acfic.org.cn/qlyw/202410/t20241012_229493.html,dedupe_key=敬业; provenance=ACFIC Private 500 2024; acfic_rank=17; acfic_province=河北省; acfic_revenue_wan_rmb=34065252,,,,,
C283,信发集团,信发集团有限公司,信发集团有限公司,private,energy_chemicals,,,CN,enterprise_group,ACFIC Private 500 2024,2026-04-18,https://www.acfic.org.cn/qlyw/202410/t20241012_229493.html,dedupe_key=信发; provenance=ACFIC Private 500 2024; acfic_rank=18; acfic_province=山东省; acfic_revenue_wan_rmb=29075381,,,,,
C284,江苏沙钢,江苏沙钢集团有限公司,江苏沙钢集团有限公司,private,energy_chemicals,,,CN,enterprise_group,ACFIC Private 500 2024,2026-04-18,https://www.acfic.org.cn/qlyw/202410/t20241012_229493.html,dedupe_key=江苏沙钢; provenance=ACFIC Private 500 2024; acfic_rank=21; acfic_province=江苏省; acfic_revenue_wan_rmb=27779839,,,,,
C285,德龙钢铁,德龙钢铁有限公司,德龙钢铁有限公司,private,energy_chemicals,,,CN,enterprise_group,ACFIC Private 500 2024,2026-04-18,https://www.acfic.org.cn/qlyw/202410/t20241012_229493.html,dedupe_key=德龙钢铁; provenance=ACFIC Private 500 2024; acfic_rank=30; acfic_province=河北省; acfic_revenue_wan_rmb=21258057,,,,,
C286,洛阳钼业,,,listed,energy_chemicals,SSE,603993,CN,enterprise_group,CSI A500 (000510.CSI),2026-04-18,https://legulegu.com/stockdata/index-basic-composition?indexCode=000510.CSI&date=2026-03-31,dedupe_key=洛阳钼业; provenance=CSI A500 (000510.CSI); raw_listed_industry=小金属,,,,,
C287,菲利华,,,listed,energy_chemicals,SZSE,300395,CN,enterprise_group,CSI A500 (000510.CSI),2026-04-18,https://legulegu.com/stockdata/index-basic-composition?indexCode=000510.CSI&date=2026-03-31,dedupe_key=菲利华; provenance=CSI A500 (000510.CSI); raw_listed_industry=玻璃,,,,,
C288,航锦科技,,,listed,energy_chemicals,SZSE,000818,CN,enterprise_group,CSI A500 (000510.CSI),2026-04-18,https://legulegu.com/stockdata/index-basic-composition?indexCode=000510.CSI&date=2026-03-31,dedupe_key=航锦科技; provenance=CSI A500 (000510.CSI); raw_listed_industry=化工原料,,,,,
C289,中国能建,,,listed,energy_chemicals,SSE,601868,CN,enterprise_group,CSI A500 (000510.CSI),2026-04-18,https://legulegu.com/stockdata/index-basic-composition?indexCode=000510.CSI&date=2026-03-31,dedupe_key=中国能建; provenance=CSI A500 (000510.CSI); raw_listed_industry=建筑工程,,,,,
C290,云铝股份,,,listed,energy_chemicals,SZSE,000807,CN,enterprise_group,CSI A500 (000510.CSI),2026-04-18,https://legulegu.com/stockdata/index-basic-composition?indexCode=000510.CSI&date=2026-03-31,dedupe_key=云铝; provenance=CSI A500 (000510.CSI); raw_listed_industry=铝,,,,,
C291,中国石油,,,listed,energy_chemicals,SSE,601857,CN,enterprise_group,CSI A500 (000510.CSI),2026-04-18,https://legulegu.com/stockdata/index-basic-composition?indexCode=000510.CSI&date=2026-03-31,dedupe_key=中国石油; provenance=CSI A500 (000510.CSI); raw_listed_industry=石油开采,,,,,
C292,神火股份,,,listed,energy_chemicals,SZSE,000933,CN,enterprise_group,CSI A500 (000510.CSI),2026-04-18,https://legulegu.com/stockdata/index-basic-composition?indexCode=000510.CSI&date=2026-03-31,dedupe_key=神火; provenance=CSI A500 (000510.CSI); raw_listed_industry=铝,,,,,
C293,广汇能源,,,listed,energy_chemicals,SSE,600256,CN,enterprise_group,CSI A500 (000510.CSI),2026-04-18,https://legulegu.com/stockdata/index-basic-composition?indexCode=000510.CSI&date=2026-03-31,dedupe_key=广汇能源; provenance=CSI A500 (000510.CSI); raw_listed_industry=石油开采,,,,,
C294,国电电力,,,listed,energy_chemicals,SSE,600795,CN,enterprise_group,CSI A500 (000510.CSI),2026-04-18,https://legulegu.com/stockdata/index-basic-composition?indexCode=000510.CSI&date=2026-03-31,dedupe_key=国电电力; provenance=CSI A500 (000510.CSI); raw_listed_industry=火力发电,,,,,
C295,云天化,,,listed,energy_chemicals,SSE,600096,CN,enterprise_group,CSI A500 (000510.CSI),2026-04-18,https://legulegu.com/stockdata/index-basic-composition?indexCode=000510.CSI&date=2026-03-31,dedupe_key=云天化; provenance=CSI A500 (000510.CSI); raw_listed_industry=农药化肥,,,,,
C296,江特电机,,,listed,energy_chemicals,SZSE,002176,CN,enterprise_group,CSI A500 (000510.CSI),2026-04-18,https://legulegu.com/stockdata/index-basic-composition?indexCode=000510.CSI&date=2026-03-31,dedupe_key=江特电机; provenance=CSI A500 (000510.CSI); raw_listed_industry=小金属,,,,,
C297,圣泉集团,,,listed,energy_chemicals,SSE,605589,CN,enterprise_group,CSI A500 (000510.CSI),2026-04-18,https://legulegu.com/stockdata/index-basic-composition?indexCode=000510.CSI&date=2026-03-31,dedupe_key=圣泉; provenance=CSI A500 (000510.CSI); raw_listed_industry=化工原料,,,,,
C298,鲁西化工,,,listed,energy_chemicals,SZSE,000830,CN,enterprise_group,CSI A500 (000510.CSI),2026-04-18,https://legulegu.com/stockdata/index-basic-composition?indexCode=000510.CSI&date=2026-03-31,dedupe_key=鲁西化工; provenance=CSI A500 (000510.CSI); raw_listed_industry=化工原料,,,,,
C299,中国交建,,,listed,energy_chemicals,SSE,601800,CN,enterprise_group,CSI A500 (000510.CSI),2026-04-18,https://legulegu.com/stockdata/index-basic-composition?indexCode=000510.CSI&date=2026-03-31,dedupe_key=中国交建; provenance=CSI A500 (000510.CSI); raw_listed_industry=建筑工程,,,,,
C300,中国稀土,,,listed,energy_chemicals,SZSE,000831,CN,enterprise_group,CSI A500 (000510.CSI),2026-04-18,https://legulegu.com/stockdata/index-basic-composition?indexCode=000510.CSI&date=2026-03-31,dedupe_key=中国稀土; provenance=CSI A500 (000510.CSI); raw_listed_industry=小金属,,,,,
C301,四川路桥,,,listed,energy_chemicals,SSE,600039,CN,enterprise_group,CSI A500 (000510.CSI),2026-04-18,https://legulegu.com/stockdata/index-basic-composition?indexCode=000510.CSI&date=2026-03-31,dedupe_key=四川路桥; provenance=CSI A500 (000510.CSI); raw_listed_industry=建筑工程,,,,,
C302,电投能源,,,listed,energy_chemicals,SZSE,002128,CN,enterprise_group,CSI A500 (000510.CSI),2026-04-18,https://legulegu.com/stockdata/index-basic-composition?indexCode=000510.CSI&date=2026-03-31,dedupe_key=电投能源; provenance=CSI A500 (000510.CSI); raw_listed_industry=煤炭开采,,,,,
C303,和邦生物,,,listed,energy_chemicals,SSE,603077,CN,enterprise_group,CSI A500 (000510.CSI),2026-04-18,https://legulegu.com/stockdata/index-basic-composition?indexCode=000510.CSI&date=2026-03-31,dedupe_key=和邦生物; provenance=CSI A500 (000510.CSI); raw_listed_industry=化工原料,,,,,
C304,川发龙蟒,,,listed,energy_chemicals,SZSE,002312,CN,enterprise_group,CSI A500 (000510.CSI),2026-04-18,https://legulegu.com/stockdata/index-basic-composition?indexCode=000510.CSI&date=2026-03-31,dedupe_key=川发龙蟒; provenance=CSI A500 (000510.CSI); raw_listed_industry=化工原料,,,,,
C305,驰宏锌锗,,,listed,energy_chemicals,SSE,600497,CN,enterprise_group,CSI A500 (000510.CSI),2026-04-18,https://legulegu.com/stockdata/index-basic-composition?indexCode=000510.CSI&date=2026-03-31,dedupe_key=驰宏锌锗; provenance=CSI A500 (000510.CSI); raw_listed_industry=铅锌,,,,,
C306,兴发集团,,,listed,energy_chemicals,SSE,600141,CN,enterprise_group,CSI A500 (000510.CSI),2026-04-18,https://legulegu.com/stockdata/index-basic-composition?indexCode=000510.CSI&date=2026-03-31,dedupe_key=兴发; provenance=CSI A500 (000510.CSI); raw_listed_industry=农药化肥,,,,,
C307,扬农化工,,,listed,energy_chemicals,SSE,600486,CN,enterprise_group,CSI A500 (000510.CSI),2026-04-18,https://legulegu.com/stockdata/index-basic-composition?indexCode=000510.CSI&date=2026-03-31,dedupe_key=扬农化工; provenance=CSI A500 (000510.CSI); raw_listed_industry=农药化肥,,,,,
C308,博源化工,,,listed,energy_chemicals,SZSE,000683,CN,enterprise_group,CSI A500 (000510.CSI),2026-04-18,https://legulegu.com/stockdata/index-basic-composition?indexCode=000510.CSI&date=2026-03-31,dedupe_key=博源化工; provenance=CSI A500 (000510.CSI); raw_listed_industry=化工原料,,,,,
C309,陕西煤业,,,listed,energy_chemicals,SSE,601225,CN,enterprise_group,CSI A500 (000510.CSI),2026-04-18,https://legulegu.com/stockdata/index-basic-composition?indexCode=000510.CSI&date=2026-03-31,dedupe_key=陕西煤业; provenance=CSI A500 (000510.CSI); raw_listed_industry=煤炭开采,,,,,
C310,中国神华,,,listed,energy_chemicals,SSE,601088,CN,enterprise_group,CSI A500 (000510.CSI),2026-04-18,https://legulegu.com/stockdata/index-basic-composition?indexCode=000510.CSI&date=2026-03-31,dedupe_key=中国神华; provenance=CSI A500 (000510.CSI); raw_listed_industry=煤炭开采,,,,,
C311,天山铝业,,,listed,energy_chemicals,SZSE,002532,CN,enterprise_group,CSI A500 (000510.CSI),2026-04-18,https://legulegu.com/stockdata/index-basic-composition?indexCode=000510.CSI&date=2026-03-31,dedupe_key=天山铝业; provenance=CSI A500 (000510.CSI); raw_listed_industry=铝,,,,,
C312,金诚信,,,listed,energy_chemicals,SSE,603979,CN,enterprise_group,CSI A500 (000510.CSI),2026-04-18,https://legulegu.com/stockdata/index-basic-composition?indexCode=000510.CSI&date=2026-03-31,dedupe_key=金诚信; provenance=CSI A500 (000510.CSI); raw_listed_industry=铜,,,,,
C313,东方盛虹,,,listed,energy_chemicals,SZSE,000301,CN,enterprise_group,CSI A500 (000510.CSI),2026-04-18,https://legulegu.com/stockdata/index-basic-composition?indexCode=000510.CSI&date=2026-03-31,dedupe_key=东方盛虹; provenance=CSI A500 (000510.CSI); raw_listed_industry=化纤,,,,,
C314,金力永磁,,,listed,energy_chemicals,SZSE,300748,CN,enterprise_group,CSI A500 (000510.CSI),2026-04-18,https://legulegu.com/stockdata/index-basic-composition?indexCode=000510.CSI&date=2026-03-31,dedupe_key=金力永磁; provenance=CSI A500 (000510.CSI); raw_listed_industry=矿物制品,,,,,
C315,赣锋锂业,,,listed,energy_chemicals,SZSE,002460,CN,enterprise_group,CSI A500 (000510.CSI),2026-04-18,https://legulegu.com/stockdata/index-basic-composition?indexCode=000510.CSI&date=2026-03-31,dedupe_key=赣锋锂业; provenance=CSI A500 (000510.CSI); raw_listed_industry=小金属,,,,,
C316,璞泰来,,,listed,energy_chemicals,SSE,603659,CN,enterprise_group,CSI A500 (000510.CSI),2026-04-18,https://legulegu.com/stockdata/index-basic-composition?indexCode=000510.CSI&date=2026-03-31,dedupe_key=璞泰来; provenance=CSI A500 (000510.CSI); raw_listed_industry=化工原料,,,,,
C317,国投电力,,,listed,energy_chemicals,SSE,600886,CN,enterprise_group,CSI A500 (000510.CSI),2026-04-18,https://legulegu.com/stockdata/index-basic-composition?indexCode=000510.CSI&date=2026-03-31,dedupe_key=国投电力; provenance=CSI A500 (000510.CSI); raw_listed_industry=水力发电,,,,,
C318,新宙邦,,,listed,energy_chemicals,SZSE,300037,CN,enterprise_group,CSI A500 (000510.CSI),2026-04-18,https://legulegu.com/stockdata/index-basic-composition?indexCode=000510.CSI&date=2026-03-31,dedupe_key=新宙邦; provenance=CSI A500 (000510.CSI); raw_listed_industry=化工原料,,,,,
C319,西部超导,,,listed,energy_chemicals,STAR,688122,CN,enterprise_group,CSI A500 (000510.CSI),2026-04-18,https://legulegu.com/stockdata/index-basic-composition?indexCode=000510.CSI&date=2026-03-31,dedupe_key=西部超导; provenance=CSI A500 (000510.CSI); raw_listed_industry=小金属,,,,,
C320,南山铝业,,,listed,energy_chemicals,SSE,600219,CN,enterprise_group,CSI A500 (000510.CSI),2026-04-18,https://legulegu.com/stockdata/index-basic-composition?indexCode=000510.CSI&date=2026-03-31,dedupe_key=南山铝业; provenance=CSI A500 (000510.CSI); raw_listed_industry=铝,,,,,
C321,中国核电,,,listed,energy_chemicals,SSE,601985,CN,enterprise_group,CSI A500 (000510.CSI),2026-04-18,https://legulegu.com/stockdata/index-basic-composition?indexCode=000510.CSI&date=2026-03-31,dedupe_key=中国核电; provenance=CSI A500 (000510.CSI); raw_listed_industry=新型电力,,,,,
C322,北新建材,,,listed,energy_chemicals,SZSE,000786,CN,enterprise_group,CSI A500 (000510.CSI),2026-04-18,https://legulegu.com/stockdata/index-basic-composition?indexCode=000510.CSI&date=2026-03-31,dedupe_key=北新建材; provenance=CSI A500 (000510.CSI); raw_listed_industry=其他建材,,,,,
C323,恒力石化,,,listed,energy_chemicals,SSE,600346,CN,enterprise_group,CSI A500 (000510.CSI),2026-04-18,https://legulegu.com/stockdata/index-basic-composition?indexCode=000510.CSI&date=2026-03-31,dedupe_key=恒力石化; provenance=CSI A500 (000510.CSI); raw_listed_industry=石油加工,,,,,
C324,中国巨石,,,listed,energy_chemicals,SSE,600176,CN,enterprise_group,CSI A500 (000510.CSI),2026-04-18,https://legulegu.com/stockdata/index-basic-composition?indexCode=000510.CSI&date=2026-03-31,dedupe_key=中国巨石; provenance=CSI A500 (000510.CSI); raw_listed_industry=玻璃,,,,,
C325,兴业银锡,,,listed,energy_chemicals,SZSE,000426,CN,enterprise_group,CSI A500 (000510.CSI),2026-04-18,https://legulegu.com/stockdata/index-basic-composition?indexCode=000510.CSI&date=2026-03-31,dedupe_key=兴业银锡; provenance=CSI A500 (000510.CSI); raw_listed_industry=铅锌,,,,,
C326,湖南黄金,,,listed,energy_chemicals,SZSE,002155,CN,enterprise_group,CSI A500 (000510.CSI),2026-04-18,https://legulegu.com/stockdata/index-basic-composition?indexCode=000510.CSI&date=2026-03-31,dedupe_key=湖南黄金; provenance=CSI A500 (000510.CSI); raw_listed_industry=黄金,,,,,
C327,隧道股份,,,listed,energy_chemicals,SSE,600820,CN,enterprise_group,CSI A500 (000510.CSI),2026-04-18,https://legulegu.com/stockdata/index-basic-composition?indexCode=000510.CSI&date=2026-03-31,dedupe_key=隧道; provenance=CSI A500 (000510.CSI); raw_listed_industry=建筑工程,,,,,
C328,锡业股份,,,listed,energy_chemicals,SZSE,000960,CN,enterprise_group,CSI A500 (000510.CSI),2026-04-18,https://legulegu.com/stockdata/index-basic-composition?indexCode=000510.CSI&date=2026-03-31,dedupe_key=锡业; provenance=CSI A500 (000510.CSI); raw_listed_industry=小金属,,,,,
C329,荣盛石化,,,listed,energy_chemicals,SZSE,002493,CN,enterprise_group,CSI A500 (000510.CSI),2026-04-18,https://legulegu.com/stockdata/index-basic-composition?indexCode=000510.CSI&date=2026-03-31,dedupe_key=荣盛石化; provenance=CSI A500 (000510.CSI); raw_listed_industry=化纤,,,,,
C330,中国中铁,,,listed,energy_chemicals,SSE,601390,CN,enterprise_group,CSI A500 (000510.CSI),2026-04-18,https://legulegu.com/stockdata/index-basic-composition?indexCode=000510.CSI&date=2026-03-31,dedupe_key=中国中铁; provenance=CSI A500 (000510.CSI); raw_listed_industry=建筑工程,,,,,
C331,龙佰集团,,,listed,energy_chemicals,SZSE,002601,CN,enterprise_group,CSI A500 (000510.CSI),2026-04-18,https://legulegu.com/stockdata/index-basic-composition?indexCode=000510.CSI&date=2026-03-31,dedupe_key=龙佰; provenance=CSI A500 (000510.CSI); raw_listed_industry=化工原料,,,,,
C332,云南铜业,,,listed,energy_chemicals,SZSE,000878,CN,enterprise_group,CSI A500 (000510.CSI),2026-04-18,https://legulegu.com/stockdata/index-basic-composition?indexCode=000510.CSI&date=2026-03-31,dedupe_key=云南铜业; provenance=CSI A500 (000510.CSI); raw_listed_industry=铜,,,,,
C333,宝钢股份,,,listed,energy_chemicals,SSE,600019,CN,enterprise_group,CSI A500 (000510.CSI),2026-04-18,https://legulegu.com/stockdata/index-basic-composition?indexCode=000510.CSI&date=2026-03-31,dedupe_key=宝钢; provenance=CSI A500 (000510.CSI); raw_listed_industry=普钢,,,,,
C334,海螺水泥,,,listed,energy_chemicals,SSE,600585,CN,enterprise_group,CSI A500 (000510.CSI),2026-04-18,https://legulegu.com/stockdata/index-basic-composition?indexCode=000510.CSI&date=2026-03-31,dedupe_key=海螺水泥; provenance=CSI A500 (000510.CSI); raw_listed_industry=水泥,,,,,
C335,西部矿业,,,listed,energy_chemicals,SSE,601168,CN,enterprise_group,CSI A500 (000510.CSI),2026-04-18,https://legulegu.com/stockdata/index-basic-composition?indexCode=000510.CSI&date=2026-03-31,dedupe_key=西部矿业; provenance=CSI A500 (000510.CSI); raw_listed_industry=铜,,,,,
C336,中国电建,,,listed,energy_chemicals,SSE,601669,CN,enterprise_group,CSI A500 (000510.CSI),2026-04-18,https://legulegu.com/stockdata/index-basic-composition?indexCode=000510.CSI&date=2026-03-31,dedupe_key=中国电建; provenance=CSI A500 (000510.CSI); raw_listed_industry=建筑工程,,,,,
C337,君正集团,,,listed,energy_chemicals,SSE,601216,CN,enterprise_group,CSI A500 (000510.CSI),2026-04-18,https://legulegu.com/stockdata/index-basic-composition?indexCode=000510.CSI&date=2026-03-31,dedupe_key=君正; provenance=CSI A500 (000510.CSI); raw_listed_industry=化工原料,,,,,
C338,中国石化,,,listed,energy_chemicals,SSE,600028,CN,enterprise_group,CSI A500 (000510.CSI),2026-04-18,https://legulegu.com/stockdata/index-basic-composition?indexCode=000510.CSI&date=2026-03-31,dedupe_key=中国石化; provenance=CSI A500 (000510.CSI); raw_listed_industry=石油加工,,,,,
C339,中国铝业,,,listed,energy_chemicals,SSE,601600,CN,enterprise_group,CSI A500 (000510.CSI),2026-04-18,https://legulegu.com/stockdata/index-basic-composition?indexCode=000510.CSI&date=2026-03-31,dedupe_key=中国铝业; provenance=CSI A500 (000510.CSI); raw_listed_industry=铝,,,,,
C340,中矿资源,,,listed,energy_chemicals,SZSE,002738,CN,enterprise_group,CSI A500 (000510.CSI),2026-04-18,https://legulegu.com/stockdata/index-basic-composition?indexCode=000510.CSI&date=2026-03-31,dedupe_key=中矿资源; provenance=CSI A500 (000510.CSI); raw_listed_industry=小金属,,,,,
C341,万华化学,,,listed,energy_chemicals,SSE,600309,CN,enterprise_group,CSI A500 (000510.CSI),2026-04-18,https://legulegu.com/stockdata/index-basic-composition?indexCode=000510.CSI&date=2026-03-31,dedupe_key=万华化学; provenance=CSI A500 (000510.CSI); raw_listed_industry=化工原料,,,,,
C342,紫金矿业,,,listed,energy_chemicals,SSE,601899,CN,enterprise_group,CSI A500 (000510.CSI),2026-04-18,https://legulegu.com/stockdata/index-basic-composition?indexCode=000510.CSI&date=2026-03-31,dedupe_key=紫金矿业; provenance=CSI A500 (000510.CSI); raw_listed_industry=铜,,,,,
C343,华鲁恒升,,,listed,energy_chemicals,SSE,600426,CN,enterprise_group,CSI A500 (000510.CSI),2026-04-18,https://legulegu.com/stockdata/index-basic-composition?indexCode=000510.CSI&date=2026-03-31,dedupe_key=华鲁恒升; provenance=CSI A500 (000510.CSI); raw_listed_industry=农药化肥,,,,,
C344,三峡能源,,,listed,energy_chemicals,SSE,600905,CN,enterprise_group,CSI A500 (000510.CSI),2026-04-18,https://legulegu.com/stockdata/index-basic-composition?indexCode=000510.CSI&date=2026-03-31,dedupe_key=三峡能源; provenance=CSI A500 (000510.CSI); raw_listed_industry=新型电力,,,,,
C345,北方稀土,,,listed,energy_chemicals,SSE,600111,CN,enterprise_group,CSI A500 (000510.CSI),2026-04-18,https://legulegu.com/stockdata/index-basic-composition?indexCode=000510.CSI&date=2026-03-31,dedupe_key=北方稀土; provenance=CSI A500 (000510.CSI); raw_listed_industry=小金属,,,,,
C346,永泰能源,,,listed,energy_chemicals,SSE,600157,CN,enterprise_group,CSI A500 (000510.CSI),2026-04-18,https://legulegu.com/stockdata/index-basic-composition?indexCode=000510.CSI&date=2026-03-31,dedupe_key=永泰能源; provenance=CSI A500 (000510.CSI); raw_listed_industry=火力发电,,,,,
C347,星源材质,,,listed,energy_chemicals,SZSE,300568,CN,enterprise_group,CSI A500 (000510.CSI),2026-04-18,https://legulegu.com/stockdata/index-basic-composition?indexCode=000510.CSI&date=2026-03-31,dedupe_key=星源材质; provenance=CSI A500 (000510.CSI); raw_listed_industry=化工原料,,,,,
C348,东方雨虹,,,listed,energy_chemicals,SZSE,002271,CN,enterprise_group,CSI A500 (000510.CSI),2026-04-18,https://legulegu.com/stockdata/index-basic-composition?indexCode=000510.CSI&date=2026-03-31,dedupe_key=东方雨虹; provenance=CSI A500 (000510.CSI); raw_listed_industry=其他建材,,,,,
C349,凯赛生物,,,listed,energy_chemicals,STAR,688065,CN,enterprise_group,CSI A500 (000510.CSI),2026-04-18,https://legulegu.com/stockdata/index-basic-composition?indexCode=000510.CSI&date=2026-03-31,dedupe_key=凯赛生物; provenance=CSI A500 (000510.CSI); raw_listed_industry=化工原料,,,,,
C350,中国建筑,,,listed,energy_chemicals,SSE,601668,CN,enterprise_group,CSI A500 (000510.CSI),2026-04-18,https://legulegu.com/stockdata/index-basic-composition?indexCode=000510.CSI&date=2026-03-31,dedupe_key=中国建筑; provenance=CSI A500 (000510.CSI); raw_listed_industry=建筑工程,,,,,
C351,合盛硅业,,,listed,energy_chemicals,SSE,603260,CN,enterprise_group,CSI A500 (000510.CSI),2026-04-18,https://legulegu.com/stockdata/index-basic-composition?indexCode=000510.CSI&date=2026-03-31,dedupe_key=合盛硅业; provenance=CSI A500 (000510.CSI); raw_listed_industry=化工原料,,,,,
C352,包钢股份,,,listed,energy_chemicals,SSE,600010,CN,enterprise_group,CSI A500 (000510.CSI),2026-04-18,https://legulegu.com/stockdata/index-basic-composition?indexCode=000510.CSI&date=2026-03-31,dedupe_key=包钢; provenance=CSI A500 (000510.CSI); raw_listed_industry=普钢,,,,,
C353,钒钛股份,,,listed,energy_chemicals,SZSE,000629,CN,enterprise_group,CSI A500 (000510.CSI),2026-04-18,https://legulegu.com/stockdata/index-basic-composition?indexCode=000510.CSI&date=2026-03-31,dedupe_key=钒钛; provenance=CSI A500 (000510.CSI); raw_listed_industry=小金属,,,,,
C354,铜陵有色,,,listed,energy_chemicals,SZSE,000630,CN,enterprise_group,CSI A500 (000510.CSI),2026-04-18,https://legulegu.com/stockdata/index-basic-composition?indexCode=000510.CSI&date=2026-03-31,dedupe_key=铜陵有色; provenance=CSI A500 (000510.CSI); raw_listed_industry=铜,,,,,
C355,中国海油,,,listed,energy_chemicals,SSE,600938,CN,enterprise_group,CSI A500 (000510.CSI),2026-04-18,https://legulegu.com/stockdata/index-basic-composition?indexCode=000510.CSI&date=2026-03-31,dedupe_key=中国海油; provenance=CSI A500 (000510.CSI); raw_listed_industry=石油开采,,,,,
C356,中国化学,,,listed,energy_chemicals,SSE,601117,CN,enterprise_group,CSI A500 (000510.CSI),2026-04-18,https://legulegu.com/stockdata/index-basic-composition?indexCode=000510.CSI&date=2026-03-31,dedupe_key=中国化学; provenance=CSI A500 (000510.CSI); raw_listed_industry=建筑工程,,,,,
C357,久立特材,,,listed,energy_chemicals,SZSE,002318,CN,enterprise_group,CSI A500 (000510.CSI),2026-04-18,https://legulegu.com/stockdata/index-basic-composition?indexCode=000510.CSI&date=2026-03-31,dedupe_key=久立特材; provenance=CSI A500 (000510.CSI); raw_listed_industry=特种钢,,,,,
C358,厦门钨业,,,listed,energy_chemicals,SSE,600549,CN,enterprise_group,CSI A500 (000510.CSI),2026-04-18,https://legulegu.com/stockdata/index-basic-composition?indexCode=000510.CSI&date=2026-03-31,dedupe_key=厦门钨业; provenance=CSI A500 (000510.CSI); raw_listed_industry=小金属,,,,,
C359,华能国际,,,listed,energy_chemicals,SSE,600011,CN,enterprise_group,CSI A500 (000510.CSI),2026-04-18,https://legulegu.com/stockdata/index-basic-composition?indexCode=000510.CSI&date=2026-03-31,dedupe_key=华能国际; provenance=CSI A500 (000510.CSI); raw_listed_industry=火力发电,,,,,
C360,天齐锂业,,,listed,energy_chemicals,SZSE,002466,CN,enterprise_group,CSI A500 (000510.CSI),2026-04-18,https://legulegu.com/stockdata/index-basic-composition?indexCode=000510.CSI&date=2026-03-31,dedupe_key=天齐锂业; provenance=CSI A500 (000510.CSI); raw_listed_industry=小金属,,,,,
C361,钛能化学,,,listed,energy_chemicals,SZSE,002145,CN,enterprise_group,CSI A500 (000510.CSI),2026-04-18,https://legulegu.com/stockdata/index-basic-composition?indexCode=000510.CSI&date=2026-03-31,dedupe_key=钛能化学; provenance=CSI A500 (000510.CSI); raw_listed_industry=化工原料,,,,,
C362,格林美,,,listed,energy_chemicals,SZSE,002340,CN,enterprise_group,CSI A500 (000510.CSI),2026-04-18,https://legulegu.com/stockdata/index-basic-composition?indexCode=000510.CSI&date=2026-03-31,dedupe_key=格林美; provenance=CSI A500 (000510.CSI); raw_listed_industry=小金属,,,,,
C363,上海建工,,,listed,energy_chemicals,SSE,600170,CN,enterprise_group,CSI A500 (000510.CSI),2026-04-18,https://legulegu.com/stockdata/index-basic-composition?indexCode=000510.CSI&date=2026-03-31,dedupe_key=上海建工; provenance=CSI A500 (000510.CSI); raw_listed_industry=建筑工程,,,,,
C364,中国铁建,,,listed,energy_chemicals,SSE,601186,CN,enterprise_group,CSI A500 (000510.CSI),2026-04-18,https://legulegu.com/stockdata/index-basic-composition?indexCode=000510.CSI&date=2026-03-31,dedupe_key=中国铁建; provenance=CSI A500 (000510.CSI); raw_listed_industry=建筑工程,,,,,
C365,中信特钢,,,listed,energy_chemicals,SZSE,000708,CN,enterprise_group,CSI A500 (000510.CSI),2026-04-18,https://legulegu.com/stockdata/index-basic-composition?indexCode=000510.CSI&date=2026-03-31,dedupe_key=中信特钢; provenance=CSI A500 (000510.CSI); raw_listed_industry=特种钢,,,,,
C366,国瓷材料,,,listed,energy_chemicals,SZSE,300285,CN,enterprise_group,CSI A500 (000510.CSI),2026-04-18,https://legulegu.com/stockdata/index-basic-composition?indexCode=000510.CSI&date=2026-03-31,dedupe_key=国瓷材料; provenance=CSI A500 (000510.CSI); raw_listed_industry=陶瓷,,,,,
C367,中国广核,,,listed,energy_chemicals,SZSE,003816,CN,enterprise_group,CSI A500 (000510.CSI),2026-04-18,https://legulegu.com/stockdata/index-basic-composition?indexCode=000510.CSI&date=2026-03-31,dedupe_key=中国广核; provenance=CSI A500 (000510.CSI); raw_listed_industry=新型电力,,,,,
C368,方大炭素,,,listed,energy_chemicals,SSE,600516,CN,enterprise_group,CSI A500 (000510.CSI),2026-04-18,https://legulegu.com/stockdata/index-basic-composition?indexCode=000510.CSI&date=2026-03-31,dedupe_key=方大炭素; provenance=CSI A500 (000510.CSI); raw_listed_industry=矿物制品,,,,,
C369,巨化股份,,,listed,energy_chemicals,SSE,600160,CN,enterprise_group,CSI A500 (000510.CSI),2026-04-18,https://legulegu.com/stockdata/index-basic-composition?indexCode=000510.CSI&date=2026-03-31,dedupe_key=巨化; provenance=CSI A500 (000510.CSI); raw_listed_industry=化工原料,,,,,
C370,光威复材,,,listed,energy_chemicals,SZSE,300699,CN,enterprise_group,CSI A500 (000510.CSI),2026-04-18,https://legulegu.com/stockdata/index-basic-composition?indexCode=000510.CSI&date=2026-03-31,dedupe_key=光威复材; provenance=CSI A500 (000510.CSI); raw_listed_industry=化纤,,,,,
C371,明泰铝业,,,listed,energy_chemicals,SSE,601677,CN,enterprise_group,CSI A500 (000510.CSI),2026-04-18,https://legulegu.com/stockdata/index-basic-composition?indexCode=000510.CSI&date=2026-03-31,dedupe_key=明泰铝业; provenance=CSI A500 (000510.CSI); raw_listed_industry=铝,,,,,
C372,华峰化学,,,listed,energy_chemicals,SZSE,002064,CN,enterprise_group,CSI A500 (000510.CSI),2026-04-18,https://legulegu.com/stockdata/index-basic-composition?indexCode=000510.CSI&date=2026-03-31,dedupe_key=华峰化学; provenance=CSI A500 (000510.CSI); raw_listed_industry=化纤,,,,,
C373,鼎龙股份,,,listed,energy_chemicals,SZSE,300054,CN,enterprise_group,CSI A500 (000510.CSI),2026-04-18,https://legulegu.com/stockdata/index-basic-composition?indexCode=000510.CSI&date=2026-03-31,dedupe_key=鼎龙; provenance=CSI A500 (000510.CSI); raw_listed_industry=化工原料,,,,,
C374,浙江龙盛,,,listed,energy_chemicals,SSE,600352,CN,enterprise_group,CSI A500 (000510.CSI),2026-04-18,https://legulegu.com/stockdata/index-basic-composition?indexCode=000510.CSI&date=2026-03-31,dedupe_key=浙江龙盛; provenance=CSI A500 (000510.CSI); raw_listed_industry=染料涂料,,,,,
C375,盐湖股份,,,listed,energy_chemicals,SZSE,000792,CN,enterprise_group,CSI A500 (000510.CSI),2026-04-18,https://legulegu.com/stockdata/index-basic-composition?indexCode=000510.CSI&date=2026-03-31,dedupe_key=盐湖; provenance=CSI A500 (000510.CSI); raw_listed_industry=农药化肥,,,,,
C376,盛和资源,,,listed,energy_chemicals,SSE,600392,CN,enterprise_group,CSI A500 (000510.CSI),2026-04-18,https://legulegu.com/stockdata/index-basic-composition?indexCode=000510.CSI&date=2026-03-31,dedupe_key=盛和资源; provenance=CSI A500 (000510.CSI); raw_listed_industry=小金属,,,,,
C377,藏格矿业,,,listed,energy_chemicals,SZSE,000408,CN,enterprise_group,CSI A500 (000510.CSI),2026-04-18,https://legulegu.com/stockdata/index-basic-composition?indexCode=000510.CSI&date=2026-03-31,dedupe_key=藏格矿业; provenance=CSI A500 (000510.CSI); raw_listed_industry=农药化肥,,,,,
C378,江西铜业,,,listed,energy_chemicals,SSE,600362,CN,enterprise_group,CSI A500 (000510.CSI),2026-04-18,https://legulegu.com/stockdata/index-basic-composition?indexCode=000510.CSI&date=2026-03-31,dedupe_key=江西铜业; provenance=CSI A500 (000510.CSI); raw_listed_industry=铜,,,,,
C379,永兴材料,,,listed,energy_chemicals,SZSE,002756,CN,enterprise_group,CSI A500 (000510.CSI),2026-04-18,https://legulegu.com/stockdata/index-basic-composition?indexCode=000510.CSI&date=2026-03-31,dedupe_key=永兴材料; provenance=CSI A500 (000510.CSI); raw_listed_industry=小金属,,,,,
C380,深桑达Ａ,,,listed,energy_chemicals,SZSE,000032,CN,enterprise_group,CSI A500 (000510.CSI),2026-04-18,https://legulegu.com/stockdata/index-basic-composition?indexCode=000510.CSI&date=2026-03-31,dedupe_key=深桑达Ａ; provenance=CSI A500 (000510.CSI); raw_listed_industry=建筑工程,,,,,
C381,中金黄金,,,listed,energy_chemicals,SSE,600489,CN,enterprise_group,CSI A500 (000510.CSI),2026-04-18,https://legulegu.com/stockdata/index-basic-composition?indexCode=000510.CSI&date=2026-03-31,dedupe_key=中金黄金; provenance=CSI A500 (000510.CSI); raw_listed_industry=黄金,,,,,
C382,卫星化学,,,listed,energy_chemicals,SZSE,002648,CN,enterprise_group,CSI A500 (000510.CSI),2026-04-18,https://legulegu.com/stockdata/index-basic-composition?indexCode=000510.CSI&date=2026-03-31,dedupe_key=卫星化学; provenance=CSI A500 (000510.CSI); raw_listed_industry=化工原料,,,,,
C383,长江电力,,,listed,energy_chemicals,SSE,600900,CN,enterprise_group,CSI A500 (000510.CSI),2026-04-18,https://legulegu.com/stockdata/index-basic-composition?indexCode=000510.CSI&date=2026-03-31,dedupe_key=长江电力; provenance=CSI A500 (000510.CSI); raw_listed_industry=水力发电,,,,,
C384,华菱钢铁,,,listed,energy_chemicals,SZSE,000932,CN,enterprise_group,CSI A500 (000510.CSI),2026-04-18,https://legulegu.com/stockdata/index-basic-composition?indexCode=000510.CSI&date=2026-03-31,dedupe_key=华菱钢铁; provenance=CSI A500 (000510.CSI); raw_listed_industry=普钢,,,,,
C385,山金国际,,,listed,energy_chemicals,SZSE,000975,CN,enterprise_group,CSI A500 (000510.CSI),2026-04-18,https://legulegu.com/stockdata/index-basic-composition?indexCode=000510.CSI&date=2026-03-31,dedupe_key=山金国际; provenance=CSI A500 (000510.CSI); raw_listed_industry=黄金,,,,,
C386,华友钴业,,,listed,energy_chemicals,SSE,603799,CN,enterprise_group,CSI A500 (000510.CSI),2026-04-18,https://legulegu.com/stockdata/index-basic-composition?indexCode=000510.CSI&date=2026-03-31,dedupe_key=华友钴业; provenance=CSI A500 (000510.CSI); raw_listed_industry=小金属,,,,,
C387,九州通,九州通医药集团股份有限公司,九州通医药集团股份有限公司,private,healthcare,,,CN,enterprise_group,ACFIC Private 500 2024,2026-04-18,https://www.acfic.org.cn/qlyw/202410/t20241012_229493.html,dedupe_key=九州通; provenance=ACFIC Private 500 2024; acfic_rank=55; acfic_province=湖北省; acfic_revenue_wan_rmb=15013985,,,,,
C388,扬子江药业,扬子江药业集团有限公司,扬子江药业集团有限公司,private,healthcare,,,CN,enterprise_group,ACFIC Private 500 2024,2026-04-18,https://www.acfic.org.cn/qlyw/202410/t20241012_229493.html,dedupe_key=扬子江药业; provenance=ACFIC Private 500 2024; acfic_rank=143; acfic_province=江苏省; acfic_revenue_wan_rmb=7393122,,,,,
C389,修正药业,修正药业集团,修正药业集团,private,healthcare,,,CN,enterprise_group,ACFIC Private 500 2024,2026-04-18,https://www.acfic.org.cn/qlyw/202410/t20241012_229493.html,dedupe_key=修正药业; provenance=ACFIC Private 500 2024; acfic_rank=167; acfic_province=吉林省; acfic_revenue_wan_rmb=6772786,,,,,
C390,智飞生物,重庆智飞生物制品股份有限公司,重庆智飞生物制品股份有限公司,private,healthcare,,,CN,enterprise_group,ACFIC Private 500 2024,2026-04-18,https://www.acfic.org.cn/qlyw/202410/t20241012_229493.html,dedupe_key=智飞生物; provenance=ACFIC Private 500 2024; acfic_rank=232; acfic_province=重庆市; acfic_revenue_wan_rmb=5291777,,,,,
C391,同仁堂,,,listed,healthcare,SSE,600085,CN,enterprise_group,CSI A500 (000510.CSI),2026-04-18,https://legulegu.com/stockdata/index-basic-composition?indexCode=000510.CSI&date=2026-03-31,dedupe_key=同仁堂; provenance=CSI A500 (000510.CSI); raw_listed_industry=中成药,,,,,
C392,药明康德,,,listed,healthcare,SSE,603259,CN,enterprise_group,CSI A500 (000510.CSI),2026-04-18,https://legulegu.com/stockdata/index-basic-composition?indexCode=000510.CSI&date=2026-03-31,dedupe_key=药明康德; provenance=CSI A500 (000510.CSI); raw_listed_industry=化学制药,,,,,
C393,联影医疗,,,listed,healthcare,STAR,688271,CN,enterprise_group,CSI A500 (000510.CSI),2026-04-18,https://legulegu.com/stockdata/index-basic-composition?indexCode=000510.CSI&date=2026-03-31,dedupe_key=联影医疗; provenance=CSI A500 (000510.CSI); raw_listed_industry=医疗保健,,,,,
C394,君实生物-U,,,listed,healthcare,STAR,688180,CN,enterprise_group,CSI A500 (000510.CSI),2026-04-18,https://legulegu.com/stockdata/index-basic-composition?indexCode=000510.CSI&date=2026-03-31,dedupe_key=君实生物-U; provenance=CSI A500 (000510.CSI); raw_listed_industry=生物制药,,,,,
C395,迈瑞医疗,,,listed,healthcare,SZSE,300760,CN,enterprise_group,CSI A500 (000510.CSI),2026-04-18,https://legulegu.com/stockdata/index-basic-composition?indexCode=000510.CSI&date=2026-03-31,dedupe_key=迈瑞医疗; provenance=CSI A500 (000510.CSI); raw_listed_industry=医疗保健,,,,,
C396,华海药业,,,listed,healthcare,SSE,600521,CN,enterprise_group,CSI A500 (000510.CSI),2026-04-18,https://legulegu.com/stockdata/index-basic-composition?indexCode=000510.CSI&date=2026-03-31,dedupe_key=华海药业; provenance=CSI A500 (000510.CSI); raw_listed_industry=化学制药,,,,,
C397,乐普医疗,,,listed,healthcare,SZSE,300003,CN,enterprise_group,CSI A500 (000510.CSI),2026-04-18,https://legulegu.com/stockdata/index-basic-composition?indexCode=000510.CSI&date=2026-03-31,dedupe_key=乐普医疗; provenance=CSI A500 (000510.CSI); raw_listed_industry=医疗保健,,,,,
C398,康龙化成,,,listed,healthcare,SZSE,300759,CN,enterprise_group,CSI A500 (000510.CSI),2026-04-18,https://legulegu.com/stockdata/index-basic-composition?indexCode=000510.CSI&date=2026-03-31,dedupe_key=康龙化成; provenance=CSI A500 (000510.CSI); raw_listed_industry=化学制药,,,,,
C399,爱尔眼科,,,listed,healthcare,SZSE,300015,CN,enterprise_group,CSI A500 (000510.CSI),2026-04-18,https://legulegu.com/stockdata/index-basic-composition?indexCode=000510.CSI&date=2026-03-31,dedupe_key=爱尔眼科; provenance=CSI A500 (000510.CSI); raw_listed_industry=医疗保健,,,,,
C400,鱼跃医疗,,,listed,healthcare,SZSE,002223,CN,enterprise_group,CSI A500 (000510.CSI),2026-04-18,https://legulegu.com/stockdata/index-basic-composition?indexCode=000510.CSI&date=2026-03-31,dedupe_key=鱼跃医疗; provenance=CSI A500 (000510.CSI); raw_listed_industry=医疗保健,,,,,
C401,惠泰医疗,,,listed,healthcare,STAR,688617,CN,enterprise_group,CSI A500 (000510.CSI),2026-04-18,https://legulegu.com/stockdata/index-basic-composition?indexCode=000510.CSI&date=2026-03-31,dedupe_key=惠泰医疗; provenance=CSI A500 (000510.CSI); raw_listed_industry=医疗保健,,,,,
C402,沃森生物,,,listed,healthcare,SZSE,300142,CN,enterprise_group,CSI A500 (000510.CSI),2026-04-18,https://legulegu.com/stockdata/index-basic-composition?indexCode=000510.CSI&date=2026-03-31,dedupe_key=沃森生物; provenance=CSI A500 (000510.CSI); raw_listed_industry=生物制药,,,,,
C403,甘李药业,,,listed,healthcare,SSE,603087,CN,enterprise_group,CSI A500 (000510.CSI),2026-04-18,https://legulegu.com/stockdata/index-basic-composition?indexCode=000510.CSI&date=2026-03-31,dedupe_key=甘李药业; provenance=CSI A500 (000510.CSI); raw_listed_industry=生物制药,,,,,
C404,爱美客,,,listed,healthcare,SZSE,300896,CN,enterprise_group,CSI A500 (000510.CSI),2026-04-18,https://legulegu.com/stockdata/index-basic-composition?indexCode=000510.CSI&date=2026-03-31,dedupe_key=爱美客; provenance=CSI A500 (000510.CSI); raw_listed_industry=医疗保健,,,,,
C405,艾力斯,,,listed,healthcare,STAR,688578,CN,enterprise_group,CSI A500 (000510.CSI),2026-04-18,https://legulegu.com/stockdata/index-basic-composition?indexCode=000510.CSI&date=2026-03-31,dedupe_key=艾力斯; provenance=CSI A500 (000510.CSI); raw_listed_industry=化学制药,,,,,
C406,片仔癀,,,listed,healthcare,SSE,600436,CN,enterprise_group,CSI A500 (000510.CSI),2026-04-18,https://legulegu.com/stockdata/index-basic-composition?indexCode=000510.CSI&date=2026-03-31,dedupe_key=片仔癀; provenance=CSI A500 (000510.CSI); raw_listed_industry=中成药,,,,,
C407,通策医疗,,,listed,healthcare,SSE,600763,CN,enterprise_group,CSI A500 (000510.CSI),2026-04-18,https://legulegu.com/stockdata/index-basic-composition?indexCode=000510.CSI&date=2026-03-31,dedupe_key=通策医疗; provenance=CSI A500 (000510.CSI); raw_listed_industry=医疗保健,,,,,
C408,信立泰,,,listed,healthcare,SZSE,002294,CN,enterprise_group,CSI A500 (000510.CSI),2026-04-18,https://legulegu.com/stockdata/index-basic-composition?indexCode=000510.CSI&date=2026-03-31,dedupe_key=信立泰; provenance=CSI A500 (000510.CSI); raw_listed_industry=化学制药,,,,,
C409,山东药玻,,,listed,healthcare,SSE,600529,CN,enterprise_group,CSI A500 (000510.CSI),2026-04-18,https://legulegu.com/stockdata/index-basic-composition?indexCode=000510.CSI&date=2026-03-31,dedupe_key=山东药玻; provenance=CSI A500 (000510.CSI); raw_listed_industry=医疗保健,,,,,
C410,泰格医药,,,listed,healthcare,SZSE,300347,CN,enterprise_group,CSI A500 (000510.CSI),2026-04-18,https://legulegu.com/stockdata/index-basic-composition?indexCode=000510.CSI&date=2026-03-31,dedupe_key=泰格医药; provenance=CSI A500 (000510.CSI); raw_listed_industry=医疗保健,,,,,
C411,凯莱英,,,listed,healthcare,SZSE,002821,CN,enterprise_group,CSI A500 (000510.CSI),2026-04-18,https://legulegu.com/stockdata/index-basic-composition?indexCode=000510.CSI&date=2026-03-31,dedupe_key=凯莱英; provenance=CSI A500 (000510.CSI); raw_listed_industry=生物制药,,,,,
C412,贝达药业,,,listed,healthcare,SZSE,300558,CN,enterprise_group,CSI A500 (000510.CSI),2026-04-18,https://legulegu.com/stockdata/index-basic-composition?indexCode=000510.CSI&date=2026-03-31,dedupe_key=贝达药业; provenance=CSI A500 (000510.CSI); raw_listed_industry=化学制药,,,,,
C413,华大智造,,,listed,healthcare,STAR,688114,CN,enterprise_group,CSI A500 (000510.CSI),2026-04-18,https://legulegu.com/stockdata/index-basic-composition?indexCode=000510.CSI&date=2026-03-31,dedupe_key=华大智造; provenance=CSI A500 (000510.CSI); raw_listed_industry=医疗保健,,,,,
C414,通化东宝,,,listed,healthcare,SSE,600867,CN,enterprise_group,CSI A500 (000510.CSI),2026-04-18,https://legulegu.com/stockdata/index-basic-composition?indexCode=000510.CSI&date=2026-03-31,dedupe_key=通化东宝; provenance=CSI A500 (000510.CSI); raw_listed_industry=生物制药,,,,,
C415,吉林敖东,,,listed,healthcare,SZSE,000623,CN,enterprise_group,CSI A500 (000510.CSI),2026-04-18,https://legulegu.com/stockdata/index-basic-composition?indexCode=000510.CSI&date=2026-03-31,dedupe_key=吉林敖东; provenance=CSI A500 (000510.CSI); raw_listed_industry=中成药,,,,,
C416,白云山,,,listed,healthcare,SSE,600332,CN,enterprise_group,CSI A500 (000510.CSI),2026-04-18,https://legulegu.com/stockdata/index-basic-composition?indexCode=000510.CSI&date=2026-03-31,dedupe_key=白云山; provenance=CSI A500 (000510.CSI); raw_listed_industry=中成药,,,,,
C417,万泰生物,,,listed,healthcare,SSE,603392,CN,enterprise_group,CSI A500 (000510.CSI),2026-04-18,https://legulegu.com/stockdata/index-basic-composition?indexCode=000510.CSI&date=2026-03-31,dedupe_key=万泰生物; provenance=CSI A500 (000510.CSI); raw_listed_industry=生物制药,,,,,
C418,云南白药,,,listed,healthcare,SZSE,000538,CN,enterprise_group,CSI A500 (000510.CSI),2026-04-18,https://legulegu.com/stockdata/index-basic-composition?indexCode=000510.CSI&date=2026-03-31,dedupe_key=云南白药; provenance=CSI A500 (000510.CSI); raw_listed_industry=中成药,,,,,
C419,华东医药,,,listed,healthcare,SZSE,000963,CN,enterprise_group,CSI A500 (000510.CSI),2026-04-18,https://legulegu.com/stockdata/index-basic-composition?indexCode=000510.CSI&date=2026-03-31,dedupe_key=华东医药; provenance=CSI A500 (000510.CSI); raw_listed_industry=化学制药,,,,,
C420,兴齐眼药,,,listed,healthcare,SZSE,300573,CN,enterprise_group,CSI A500 (000510.CSI),2026-04-18,https://legulegu.com/stockdata/index-basic-composition?indexCode=000510.CSI&date=2026-03-31,dedupe_key=兴齐眼药; provenance=CSI A500 (000510.CSI); raw_listed_industry=化学制药,,,,,
C421,科伦药业,,,listed,healthcare,SZSE,002422,CN,enterprise_group,CSI A500 (000510.CSI),2026-04-18,https://legulegu.com/stockdata/index-basic-composition?indexCode=000510.CSI&date=2026-03-31,dedupe_key=科伦药业; provenance=CSI A500 (000510.CSI); raw_listed_industry=化学制药,,,,,
C422,百利天恒,,,listed,healthcare,STAR,688506,CN,enterprise_group,CSI A500 (000510.CSI),2026-04-18,https://legulegu.com/stockdata/index-basic-composition?indexCode=000510.CSI&date=2026-03-31,dedupe_key=百利天恒; provenance=CSI A500 (000510.CSI); raw_listed_industry=化学制药,,,,,
C423,东阿阿胶,,,listed,healthcare,SZSE,000423,CN,enterprise_group,CSI A500 (000510.CSI),2026-04-18,https://legulegu.com/stockdata/index-basic-composition?indexCode=000510.CSI&date=2026-03-31,dedupe_key=东阿阿胶; provenance=CSI A500 (000510.CSI); raw_listed_industry=中成药,,,,,
C424,以岭药业,,,listed,healthcare,SZSE,002603,CN,enterprise_group,CSI A500 (000510.CSI),2026-04-18,https://legulegu.com/stockdata/index-basic-composition?indexCode=000510.CSI&date=2026-03-31,dedupe_key=以岭药业; provenance=CSI A500 (000510.CSI); raw_listed_industry=中成药,,,,,
C425,益丰药房,,,listed,healthcare,SSE,603939,CN,enterprise_group,CSI A500 (000510.CSI),2026-04-18,https://legulegu.com/stockdata/index-basic-composition?indexCode=000510.CSI&date=2026-03-31,dedupe_key=益丰药房; provenance=CSI A500 (000510.CSI); raw_listed_industry=医药商业,,,,,
C426,华兰生物,,,listed,healthcare,SZSE,002007,CN,enterprise_group,CSI A500 (000510.CSI),2026-04-18,https://legulegu.com/stockdata/index-basic-composition?indexCode=000510.CSI&date=2026-03-31,dedupe_key=华兰生物; provenance=CSI A500 (000510.CSI); raw_listed_industry=生物制药,,,,,
C427,华大基因,,,listed,healthcare,SZSE,300676,CN,enterprise_group,CSI A500 (000510.CSI),2026-04-18,https://legulegu.com/stockdata/index-basic-composition?indexCode=000510.CSI&date=2026-03-31,dedupe_key=华大基因; provenance=CSI A500 (000510.CSI); raw_listed_industry=医疗保健,,,,,
C428,九安医疗,,,listed,healthcare,SZSE,002432,CN,enterprise_group,CSI A500 (000510.CSI),2026-04-18,https://legulegu.com/stockdata/index-basic-composition?indexCode=000510.CSI&date=2026-03-31,dedupe_key=九安医疗; provenance=CSI A500 (000510.CSI); raw_listed_industry=医疗保健,,,,,
C429,泽璟制药-U,,,listed,healthcare,STAR,688266,CN,enterprise_group,CSI A500 (000510.CSI),2026-04-18,https://legulegu.com/stockdata/index-basic-composition?indexCode=000510.CSI&date=2026-03-31,dedupe_key=泽璟制药-U; provenance=CSI A500 (000510.CSI); raw_listed_industry=生物制药,,,,,
C430,上海医药,,,listed,healthcare,SSE,601607,CN,enterprise_group,CSI A500 (000510.CSI),2026-04-18,https://legulegu.com/stockdata/index-basic-composition?indexCode=000510.CSI&date=2026-03-31,dedupe_key=上海医药; provenance=CSI A500 (000510.CSI); raw_listed_industry=医药商业,,,,,
C431,国药股份,,,listed,healthcare,SSE,600511,CN,enterprise_group,CSI A500 (000510.CSI),2026-04-18,https://legulegu.com/stockdata/index-basic-composition?indexCode=000510.CSI&date=2026-03-31,dedupe_key=国药; provenance=CSI A500 (000510.CSI); raw_listed_industry=医药商业,,,,,
C432,智飞生物,,,listed,healthcare,SZSE,300122,CN,enterprise_group,CSI A500 (000510.CSI),2026-04-18,https://legulegu.com/stockdata/index-basic-composition?indexCode=000510.CSI&date=2026-03-31,dedupe_key=智飞生物; provenance=CSI A500 (000510.CSI); raw_listed_industry=生物制药,,,,,
C433,新产业,,,listed,healthcare,SZSE,300832,CN,enterprise_group,CSI A500 (000510.CSI),2026-04-18,https://legulegu.com/stockdata/index-basic-composition?indexCode=000510.CSI&date=2026-03-31,dedupe_key=新产业; provenance=CSI A500 (000510.CSI); raw_listed_industry=医疗保健,,,,,
C434,华润三九,,,listed,healthcare,SZSE,000999,CN,enterprise_group,CSI A500 (000510.CSI),2026-04-18,https://legulegu.com/stockdata/index-basic-composition?indexCode=000510.CSI&date=2026-03-31,dedupe_key=华润三九; provenance=CSI A500 (000510.CSI); raw_listed_industry=中成药,,,,,
C435,上海莱士,,,listed,healthcare,SZSE,002252,CN,enterprise_group,CSI A500 (000510.CSI),2026-04-18,https://legulegu.com/stockdata/index-basic-composition?indexCode=000510.CSI&date=2026-03-31,dedupe_key=上海莱士; provenance=CSI A500 (000510.CSI); raw_listed_industry=生物制药,,,,,
C436,恒瑞医药,,,listed,healthcare,SSE,600276,CN,enterprise_group,CSI A500 (000510.CSI),2026-04-18,https://legulegu.com/stockdata/index-basic-composition?indexCode=000510.CSI&date=2026-03-31,dedupe_key=恒瑞医药; provenance=CSI A500 (000510.CSI); raw_listed_industry=化学制药,,,,,
C437,博瑞医药,,,listed,healthcare,STAR,688166,CN,enterprise_group,CSI A500 (000510.CSI),2026-04-18,https://legulegu.com/stockdata/index-basic-composition?indexCode=000510.CSI&date=2026-03-31,dedupe_key=博瑞医药; provenance=CSI A500 (000510.CSI); raw_listed_industry=化学制药,,,,,
C438,长春高新,,,listed,healthcare,SZSE,000661,CN,enterprise_group,CSI A500 (000510.CSI),2026-04-18,https://legulegu.com/stockdata/index-basic-composition?indexCode=000510.CSI&date=2026-03-31,dedupe_key=长春高新; provenance=CSI A500 (000510.CSI); raw_listed_industry=生物制药,,,,,
C439,新和成,,,listed,healthcare,SZSE,002001,CN,enterprise_group,CSI A500 (000510.CSI),2026-04-18,https://legulegu.com/stockdata/index-basic-composition?indexCode=000510.CSI&date=2026-03-31,dedupe_key=新和成; provenance=CSI A500 (000510.CSI); raw_listed_industry=化学制药,,,,,
C440,九州通,,,listed,healthcare,SSE,600998,CN,enterprise_group,CSI A500 (000510.CSI),2026-04-18,https://legulegu.com/stockdata/index-basic-composition?indexCode=000510.CSI&date=2026-03-31,dedupe_key=九州通; provenance=CSI A500 (000510.CSI); raw_listed_industry=医药商业,,,,,
C441,天坛生物,,,listed,healthcare,SSE,600161,CN,enterprise_group,CSI A500 (000510.CSI),2026-04-18,https://legulegu.com/stockdata/index-basic-composition?indexCode=000510.CSI&date=2026-03-31,dedupe_key=天坛生物; provenance=CSI A500 (000510.CSI); raw_listed_industry=生物制药,,,,,
C442,天士力,,,listed,healthcare,SSE,600535,CN,enterprise_group,CSI A500 (000510.CSI),2026-04-18,https://legulegu.com/stockdata/index-basic-composition?indexCode=000510.CSI&date=2026-03-31,dedupe_key=天士力; provenance=CSI A500 (000510.CSI); raw_listed_industry=中成药,,,,,
C443,复星医药,,,listed,healthcare,SSE,600196,CN,enterprise_group,CSI A500 (000510.CSI),2026-04-18,https://legulegu.com/stockdata/index-basic-composition?indexCode=000510.CSI&date=2026-03-31,dedupe_key=复星医药; provenance=CSI A500 (000510.CSI); raw_listed_industry=化学制药,,,,,
C444,传化集团,传化集团有限公司,传化集团有限公司,private,logistics_mobility,,,CN,enterprise_group,ACFIC Private 500 2024,2026-04-18,https://www.acfic.org.cn/qlyw/202410/t20241012_229493.html,dedupe_key=传化; provenance=ACFIC Private 500 2024; acfic_rank=57; acfic_province=浙江省; acfic_revenue_wan_rmb=14516624,,,,,
C445,菜鸟,浙江菜鸟供应链管理有限公司,浙江菜鸟供应链管理有限公司,private,logistics_mobility,,,CN,enterprise_group,ACFIC Private 500 2024,2026-04-18,https://www.acfic.org.cn/qlyw/202410/t20241012_229493.html,dedupe_key=菜鸟; provenance=ACFIC Private 500 2024; acfic_rank=105; acfic_province=浙江省; acfic_revenue_wan_rmb=9053928,,,,,
C446,建发股份,,,listed,logistics_mobility,SSE,600153,CN,enterprise_group,CSI A500 (000510.CSI),2026-04-18,https://legulegu.com/stockdata/index-basic-composition?indexCode=000510.CSI&date=2026-03-31,dedupe_key=建发; provenance=CSI A500 (000510.CSI); raw_listed_industry=仓储物流,,,,,
C447,辽港股份,,,listed,logistics_mobility,SSE,601880,CN,enterprise_group,CSI A500 (000510.CSI),2026-04-18,https://legulegu.com/stockdata/index-basic-composition?indexCode=000510.CSI&date=2026-03-31,dedupe_key=辽港; provenance=CSI A500 (000510.CSI); raw_listed_industry=港口,,,,,
C448,物产中大,,,listed,logistics_mobility,SSE,600704,CN,enterprise_group,CSI A500 (000510.CSI),2026-04-18,https://legulegu.com/stockdata/index-basic-composition?indexCode=000510.CSI&date=2026-03-31,dedupe_key=物产中大; provenance=CSI A500 (000510.CSI); raw_listed_industry=仓储物流,,,,,
C449,中远海能,,,listed,logistics_mobility,SSE,600026,CN,enterprise_group,CSI A500 (000510.CSI),2026-04-18,https://legulegu.com/stockdata/index-basic-composition?indexCode=000510.CSI&date=2026-03-31,dedupe_key=中远海能; provenance=CSI A500 (000510.CSI); raw_listed_industry=水运,,,,,
C450,春秋航空,,,listed,logistics_mobility,SSE,601021,CN,enterprise_group,CSI A500 (000510.CSI),2026-04-18,https://legulegu.com/stockdata/index-basic-composition?indexCode=000510.CSI&date=2026-03-31,dedupe_key=春秋航空; provenance=CSI A500 (000510.CSI); raw_listed_industry=空运,,,,,
C451,白云机场,,,listed,logistics_mobility,SSE,600004,CN,enterprise_group,CSI A500 (000510.CSI),2026-04-18,https://legulegu.com/stockdata/index-basic-composition?indexCode=000510.CSI&date=2026-03-31,dedupe_key=白云机场; provenance=CSI A500 (000510.CSI); raw_listed_industry=机场,,,,,
C452,上港集团,,,listed,logistics_mobility,SSE,600018,CN,enterprise_group,CSI A500 (000510.CSI),2026-04-18,https://legulegu.com/stockdata/index-basic-composition?indexCode=000510.CSI&date=2026-03-31,dedupe_key=上港; provenance=CSI A500 (000510.CSI); raw_listed_industry=港口,,,,,
C453,韵达股份,,,listed,logistics_mobility,SZSE,002120,CN,enterprise_group,CSI A500 (000510.CSI),2026-04-18,https://legulegu.com/stockdata/index-basic-composition?indexCode=000510.CSI&date=2026-03-31,dedupe_key=韵达; provenance=CSI A500 (000510.CSI); raw_listed_industry=仓储物流,,,,,
C454,宁波港,,,listed,logistics_mobility,SSE,601018,CN,enterprise_group,CSI A500 (000510.CSI),2026-04-18,https://legulegu.com/stockdata/index-basic-composition?indexCode=000510.CSI&date=2026-03-31,dedupe_key=宁波港; provenance=CSI A500 (000510.CSI); raw_listed_industry=港口,,,,,
C455,顺丰控股,顺丰控股股份有限公司,顺丰控股股份有限公司,mixed,logistics_mobility,SZSE,002352,CN,enterprise_group,CSI A500 (000510.CSI)|ACFIC Private 500 2024,2026-04-18,https://legulegu.com/stockdata/index-basic-composition?indexCode=000510.CSI&date=2026-03-31,dedupe_key=顺丰控股; provenance=CSI A500 (000510.CSI); raw_listed_industry=仓储物流; provenance_urls=https://legulegu.com/stockdata/index-basic-composition?indexCode=000510.CSI&date=2026-03-31|https://www.acfic.org.cn/qlyw/202410/t20241012_229493.html; acfic_rank=24; acfic_province=广东省; acfic_revenue_wan_rmb=25840940; conflict_resolution=listed_backbone+private_ranking_overlap=>mixed,,,,,
C456,中远海发,,,listed,logistics_mobility,SSE,601866,CN,enterprise_group,CSI A500 (000510.CSI),2026-04-18,https://legulegu.com/stockdata/index-basic-composition?indexCode=000510.CSI&date=2026-03-31,dedupe_key=中远海发; provenance=CSI A500 (000510.CSI); raw_listed_industry=水运,,,,,
C457,大秦铁路,,,listed,logistics_mobility,SSE,601006,CN,enterprise_group,CSI A500 (000510.CSI),2026-04-18,https://legulegu.com/stockdata/index-basic-composition?indexCode=000510.CSI&date=2026-03-31,dedupe_key=大秦铁路; provenance=CSI A500 (000510.CSI); raw_listed_industry=铁路,,,,,
C458,中国国航,,,listed,logistics_mobility,SSE,601111,CN,enterprise_group,CSI A500 (000510.CSI),2026-04-18,https://legulegu.com/stockdata/index-basic-composition?indexCode=000510.CSI&date=2026-03-31,dedupe_key=中国国航; provenance=CSI A500 (000510.CSI); raw_listed_industry=空运,,,,,
C459,中国动力,,,listed,logistics_mobility,SSE,600482,CN,enterprise_group,CSI A500 (000510.CSI),2026-04-18,https://legulegu.com/stockdata/index-basic-composition?indexCode=000510.CSI&date=2026-03-31,dedupe_key=中国动力; provenance=CSI A500 (000510.CSI); raw_listed_industry=船舶,,,,,
C460,南方航空,,,listed,logistics_mobility,SSE,600029,CN,enterprise_group,CSI A500 (000510.CSI),2026-04-18,https://legulegu.com/stockdata/index-basic-composition?indexCode=000510.CSI&date=2026-03-31,dedupe_key=南方航空; provenance=CSI A500 (000510.CSI); raw_listed_industry=空运,,,,,
C461,上海机场,,,listed,logistics_mobility,SSE,600009,CN,enterprise_group,CSI A500 (000510.CSI),2026-04-18,https://legulegu.com/stockdata/index-basic-composition?indexCode=000510.CSI&date=2026-03-31,dedupe_key=上海机场; provenance=CSI A500 (000510.CSI); raw_listed_industry=机场,,,,,
C462,中远海控,,,listed,logistics_mobility,SSE,601919,CN,enterprise_group,CSI A500 (000510.CSI),2026-04-18,https://legulegu.com/stockdata/index-basic-composition?indexCode=000510.CSI&date=2026-03-31,dedupe_key=中远海控; provenance=CSI A500 (000510.CSI); raw_listed_industry=水运,,,,,
C463,海南机场,,,listed,logistics_mobility,SSE,600515,CN,enterprise_group,CSI A500 (000510.CSI),2026-04-18,https://legulegu.com/stockdata/index-basic-composition?indexCode=000510.CSI&date=2026-03-31,dedupe_key=海南机场; provenance=CSI A500 (000510.CSI); raw_listed_industry=机场,,,,,
C464,吉祥航空,,,listed,logistics_mobility,SSE,603885,CN,enterprise_group,CSI A500 (000510.CSI),2026-04-18,https://legulegu.com/stockdata/index-basic-composition?indexCode=000510.CSI&date=2026-03-31,dedupe_key=吉祥航空; provenance=CSI A500 (000510.CSI); raw_listed_industry=空运,,,,,
C465,唐山港,,,listed,logistics_mobility,SSE,601000,CN,enterprise_group,CSI A500 (000510.CSI),2026-04-18,https://legulegu.com/stockdata/index-basic-composition?indexCode=000510.CSI&date=2026-03-31,dedupe_key=唐山港; provenance=CSI A500 (000510.CSI); raw_listed_industry=港口,,,,,
C466,中国东航,,,listed,logistics_mobility,SSE,600115,CN,enterprise_group,CSI A500 (000510.CSI),2026-04-18,https://legulegu.com/stockdata/index-basic-composition?indexCode=000510.CSI&date=2026-03-31,dedupe_key=中国东航; provenance=CSI A500 (000510.CSI); raw_listed_industry=空运,,,,,
C467,中国船舶,,,listed,logistics_mobility,SSE,600150,CN,enterprise_group,CSI A500 (000510.CSI),2026-04-18,https://legulegu.com/stockdata/index-basic-composition?indexCode=000510.CSI&date=2026-03-31,dedupe_key=中国船舶; provenance=CSI A500 (000510.CSI); raw_listed_industry=船舶,,,,,
C468,招商轮船,,,listed,logistics_mobility,SSE,601872,CN,enterprise_group,CSI A500 (000510.CSI),2026-04-18,https://legulegu.com/stockdata/index-basic-composition?indexCode=000510.CSI&date=2026-03-31,dedupe_key=招商轮船; provenance=CSI A500 (000510.CSI); raw_listed_industry=水运,,,,,
C469,泰康保险,泰康保险集团股份有限公司,泰康保险集团股份有限公司,private,finance,,,CN,enterprise_group,ACFIC Private 500 2024,2026-04-18,https://www.acfic.org.cn/qlyw/202410/t20241012_229493.html,dedupe_key=泰康保险; provenance=ACFIC Private 500 2024; acfic_rank=20; acfic_province=北京市; acfic_revenue_wan_rmb=27900403,,,,,
C470,复星国际,复星国际有限公司,复星国际有限公司,private,finance,,,CN,enterprise_group,ACFIC Private 500 2024,2026-04-18,https://www.acfic.org.cn/qlyw/202410/t20241012_229493.html,dedupe_key=复星国际; provenance=ACFIC Private 500 2024; acfic_rank=33; acfic_province=上海市; acfic_revenue_wan_rmb=19820031,,,,,
C471,龙湖集团,龙湖集团控股有限公司,龙湖集团控股有限公司,private,finance,,,CN,enterprise_group,ACFIC Private 500 2024,2026-04-18,https://www.acfic.org.cn/qlyw/202410/t20241012_229493.html,dedupe_key=龙湖; provenance=ACFIC Private 500 2024; acfic_rank=39; acfic_province=重庆市; acfic_revenue_wan_rmb=18073658,,,,,
C472,民生银行,中国民生银行股份有限公司,中国民生银行股份有限公司,private,finance,,,CN,enterprise_group,ACFIC Private 500 2024,2026-04-18,https://www.acfic.org.cn/qlyw/202410/t20241012_229493.html,dedupe_key=民生银行; provenance=ACFIC Private 500 2024; acfic_rank=59; acfic_province=北京市; acfic_revenue_wan_rmb=14081700,,,,,
C473,阳光保险,阳光保险集团股份有限公司,阳光保险集团股份有限公司,private,finance,,,CN,enterprise_group,ACFIC Private 500 2024,2026-04-18,https://www.acfic.org.cn/qlyw/202410/t20241012_229493.html,dedupe_key=阳光保险; provenance=ACFIC Private 500 2024; acfic_rank=132; acfic_province=广东省; acfic_revenue_wan_rmb=7791155,,,,,
C474,贝壳,贝壳控股有限公司,贝壳控股有限公司,private,finance,,,CN,enterprise_group,ACFIC Private 500 2024,2026-04-18,https://www.acfic.org.cn/qlyw/202410/t20241012_229493.html,dedupe_key=贝壳; provenance=ACFIC Private 500 2024; acfic_rank=133; acfic_province=北京市; acfic_revenue_wan_rmb=7777693,,,,,
C475,滨江集团,,,listed,finance,SZSE,002244,CN,enterprise_group,CSI A500 (000510.CSI),2026-04-18,https://legulegu.com/stockdata/index-basic-composition?indexCode=000510.CSI&date=2026-03-31,dedupe_key=滨江; provenance=CSI A500 (000510.CSI); raw_listed_industry=区域地产,,,,,
C476,中国平安,,,listed,finance,SSE,601318,CN,enterprise_group,CSI A500 (000510.CSI),2026-04-18,https://legulegu.com/stockdata/index-basic-composition?indexCode=000510.CSI&date=2026-03-31,dedupe_key=中国平安; provenance=CSI A500 (000510.CSI); raw_listed_industry=保险,,,,,
C477,中国人寿,,,listed,finance,SSE,601628,CN,enterprise_group,CSI A500 (000510.CSI),2026-04-18,https://legulegu.com/stockdata/index-basic-composition?indexCode=000510.CSI&date=2026-03-31,dedupe_key=中国人寿; provenance=CSI A500 (000510.CSI); raw_listed_industry=保险,,,,,
C478,工商银行,,,listed,finance,SSE,601398,CN,enterprise_group,CSI A500 (000510.CSI),2026-04-18,https://legulegu.com/stockdata/index-basic-composition?indexCode=000510.CSI&date=2026-03-31,dedupe_key=工商银行; provenance=CSI A500 (000510.CSI); raw_listed_industry=银行,,,,,
C479,华发股份,,,listed,finance,SSE,600325,CN,enterprise_group,CSI A500 (000510.CSI),2026-04-18,https://legulegu.com/stockdata/index-basic-composition?indexCode=000510.CSI&date=2026-03-31,dedupe_key=华发; provenance=CSI A500 (000510.CSI); raw_listed_industry=区域地产,,,,,
C480,中国人保,,,listed,finance,SSE,601319,CN,enterprise_group,CSI A500 (000510.CSI),2026-04-18,https://legulegu.com/stockdata/index-basic-composition?indexCode=000510.CSI&date=2026-03-31,dedupe_key=中国人保; provenance=CSI A500 (000510.CSI); raw_listed_industry=保险,,,,,
C481,保利发展,,,listed,finance,SSE,600048,CN,enterprise_group,CSI A500 (000510.CSI),2026-04-18,https://legulegu.com/stockdata/index-basic-composition?indexCode=000510.CSI&date=2026-03-31,dedupe_key=保利发展; provenance=CSI A500 (000510.CSI); raw_listed_industry=全国地产,,,,,
C482,交通银行,,,listed,finance,SSE,601328,CN,enterprise_group,CSI A500 (000510.CSI),2026-04-18,https://legulegu.com/stockdata/index-basic-composition?indexCode=000510.CSI&date=2026-03-31,dedupe_key=交通银行; provenance=CSI A500 (000510.CSI); raw_listed_industry=银行,,,,,
C483,衢州发展,,,listed,finance,SSE,600208,CN,enterprise_group,CSI A500 (000510.CSI),2026-04-18,https://legulegu.com/stockdata/index-basic-composition?indexCode=000510.CSI&date=2026-03-31,dedupe_key=衢州发展; provenance=CSI A500 (000510.CSI); raw_listed_industry=全国地产,,,,,
C484,哈投股份,,,listed,finance,SSE,600864,CN,enterprise_group,CSI A500 (000510.CSI),2026-04-18,https://legulegu.com/stockdata/index-basic-composition?indexCode=000510.CSI&date=2026-03-31,dedupe_key=哈投; provenance=CSI A500 (000510.CSI); raw_listed_industry=证券,,,,,
C485,东方财富,,,listed,finance,SZSE,300059,CN,enterprise_group,CSI A500 (000510.CSI),2026-04-18,https://legulegu.com/stockdata/index-basic-composition?indexCode=000510.CSI&date=2026-03-31,dedupe_key=东方财富; provenance=CSI A500 (000510.CSI); raw_listed_industry=证券,,,,,
C486,新城控股,,,listed,finance,SSE,601155,CN,enterprise_group,CSI A500 (000510.CSI),2026-04-18,https://legulegu.com/stockdata/index-basic-composition?indexCode=000510.CSI&date=2026-03-31,dedupe_key=新城控股; provenance=CSI A500 (000510.CSI); raw_listed_industry=区域地产,,,,,
C487,中信证券,,,listed,finance,SSE,600030,CN,enterprise_group,CSI A500 (000510.CSI),2026-04-18,https://legulegu.com/stockdata/index-basic-composition?indexCode=000510.CSI&date=2026-03-31,dedupe_key=中信证券; provenance=CSI A500 (000510.CSI); raw_listed_industry=证券,,,,,
C488,兴业银行,,,listed,finance,SSE,601166,CN,enterprise_group,CSI A500 (000510.CSI),2026-04-18,https://legulegu.com/stockdata/index-basic-composition?indexCode=000510.CSI&date=2026-03-31,dedupe_key=兴业银行; provenance=CSI A500 (000510.CSI); raw_listed_industry=银行,,,,,
C489,渤海租赁,,,listed,finance,SZSE,000415,CN,enterprise_group,CSI A500 (000510.CSI),2026-04-18,https://legulegu.com/stockdata/index-basic-composition?indexCode=000510.CSI&date=2026-03-31,dedupe_key=渤海租赁; provenance=CSI A500 (000510.CSI); raw_listed_industry=多元金融,,,,,
C490,邮储银行,,,listed,finance,SSE,601658,CN,enterprise_group,CSI A500 (000510.CSI),2026-04-18,https://legulegu.com/stockdata/index-basic-composition?indexCode=000510.CSI&date=2026-03-31,dedupe_key=邮储银行; provenance=CSI A500 (000510.CSI); raw_listed_industry=银行,,,,,
C491,小商品城,,,listed,finance,SSE,600415,CN,enterprise_group,CSI A500 (000510.CSI),2026-04-18,https://legulegu.com/stockdata/index-basic-composition?indexCode=000510.CSI&date=2026-03-31,dedupe_key=小商品城; provenance=CSI A500 (000510.CSI); raw_listed_industry=商品城,,,,,
C492,招商积余,,,listed,finance,SZSE,001914,CN,enterprise_group,CSI A500 (000510.CSI),2026-04-18,https://legulegu.com/stockdata/index-basic-composition?indexCode=000510.CSI&date=2026-03-31,dedupe_key=招商积余; provenance=CSI A500 (000510.CSI); raw_listed_industry=房产服务,,,,,
C493,中国国贸,,,listed,finance,SSE,600007,CN,enterprise_group,CSI A500 (000510.CSI),2026-04-18,https://legulegu.com/stockdata/index-basic-composition?indexCode=000510.CSI&date=2026-03-31,dedupe_key=中国国贸; provenance=CSI A500 (000510.CSI); raw_listed_industry=园区开发,,,,,
C494,中国太保,,,listed,finance,SSE,601601,CN,enterprise_group,CSI A500 (000510.CSI),2026-04-18,https://legulegu.com/stockdata/index-basic-composition?indexCode=000510.CSI&date=2026-03-31,dedupe_key=中国太保; provenance=CSI A500 (000510.CSI); raw_listed_industry=保险,,,,,
C495,华侨城Ａ,,,listed,finance,SZSE,000069,CN,enterprise_group,CSI A500 (000510.CSI),2026-04-18,https://legulegu.com/stockdata/index-basic-composition?indexCode=000510.CSI&date=2026-03-31,dedupe_key=华侨城Ａ; provenance=CSI A500 (000510.CSI); raw_listed_industry=全国地产,,,,,
C496,招商蛇口,,,listed,finance,SZSE,001979,CN,enterprise_group,CSI A500 (000510.CSI),2026-04-18,https://legulegu.com/stockdata/index-basic-composition?indexCode=000510.CSI&date=2026-03-31,dedupe_key=招商蛇口; provenance=CSI A500 (000510.CSI); raw_listed_industry=全国地产,,,,,
C497,万科Ａ,,,listed,finance,SZSE,000002,CN,enterprise_group,CSI A500 (000510.CSI),2026-04-18,https://legulegu.com/stockdata/index-basic-composition?indexCode=000510.CSI&date=2026-03-31,dedupe_key=万科Ａ; provenance=CSI A500 (000510.CSI); raw_listed_industry=全国地产,,,,,
C498,招商银行,,,listed,finance,SSE,600036,CN,enterprise_group,CSI A500 (000510.CSI),2026-04-18,https://legulegu.com/stockdata/index-basic-composition?indexCode=000510.CSI&date=2026-03-31,dedupe_key=招商银行; provenance=CSI A500 (000510.CSI); raw_listed_industry=银行,,,,,
C499,浦发银行,,,listed,finance,SSE,600000,CN,enterprise_group,CSI A500 (000510.CSI),2026-04-18,https://legulegu.com/stockdata/index-basic-composition?indexCode=000510.CSI&date=2026-03-31,dedupe_key=浦发银行; provenance=CSI A500 (000510.CSI); raw_listed_industry=银行,,,,,
C500,建元信托,,,listed,finance,SSE,600816,CN,enterprise_group,CSI A500 (000510.CSI),2026-04-18,https://legulegu.com/stockdata/index-basic-composition?indexCode=000510.CSI&date=2026-03-31,dedupe_key=建元信托; provenance=CSI A500 (000510.CSI); raw_listed_industry=多元金融,,,,,
